ats,slug,source
ashby,01c,common crawl
ashby,0g,common crawl
ashby,0x,common crawl
ashby,10xteam,common crawl
ashby,1mind,common crawl
ashby,1password,common crawl
ashby,1st%20formations,common crawl
ashby,1x,common crawl
ashby,2ndwave,common crawl
ashby,3e,common crawl
ashby,3imembers,common crawl
ashby,42dot,common crawl
ashby,5bluesoftware,common crawl
ashby,80000hours,common crawl
ashby,8fleet-inc,common crawl
ashby,8returns,common crawl
ashby,8vc,common crawl
ashby,9-mothers,common crawl
ashby,91b38662-e5a9-4bc3-ade7-44e29d01d343,common crawl
ashby,9fin,common crawl
ashby,a-place-for-mom,common crawl
ashby,a-team,common crawl
ashby,a37,common crawl
ashby,abacum,common crawl
ashby,abby-care,common crawl
ashby,abe,common crawl
ashby,abridge,common crawl
ashby,absorblms,common crawl
ashby,abundant,common crawl
ashby,accord,common crawl
ashby,accurx,common crawl
ashby,ace-1-media,common crawl
ashby,achira,common crawl
ashby,aclima,common crawl
ashby,acorns,common crawl
ashby,acquisition,common crawl
ashby,activeloop,common crawl
ashby,activesite,common crawl
ashby,adaption,common crawl
ashby,adaptive,common crawl
ashby,adaptive-innovations,common crawl
ashby,adaptivesecurity,common crawl
ashby,adapty-io,common crawl
ashby,adaptyv,common crawl
ashby,addi,common crawl
ashby,additiveai,common crawl
ashby,adexis,common crawl
ashby,adjoe,common crawl
ashby,adonis,common crawl
ashby,adthena,common crawl
ashby,adtucon,common crawl
ashby,advanced-systems-group,common crawl
ashby,aerovect,common crawl
ashby,afference,common crawl
ashby,afterquery,common crawl
ashby,agavegames,common crawl
ashby,agent,common crawl
ashby,agentio,common crawl
ashby,agentis-capital-advisors,common crawl
ashby,agentmail,common crawl
ashby,agi-inc,common crawl
ashby,agora,common crawl
ashby,agreena,common crawl
ashby,aibidia,common crawl
ashby,aida,common crawl
ashby,aidigest,common crawl
ashby,aidkit,common crawl
ashby,aiprise,common crawl
ashby,airapps,common crawl
ashby,airbound,common crawl
ashby,airbyte,common crawl
ashby,airgarage,common crawl
ashby,airops,common crawl
ashby,airtasker,common crawl
ashby,airwallex,common crawl
ashby,aisle3,common crawl
ashby,aiuc,common crawl
ashby,aiwyn,common crawl
ashby,aizen,common crawl
ashby,ajax,common crawl
ashby,akasa,common crawl
ashby,alan,common crawl
ashby,alcazar-energy,common crawl
ashby,alchemy,common crawl
ashby,alembic,common crawl
ashby,aleph,common crawl
ashby,alephalpha,common crawl
ashby,aligned,common crawl
ashby,allarahealth,common crawl
ashby,allen-control-systems,common crawl
ashby,allica-bank,common crawl
ashby,allium,common crawl
ashby,alljoined,common crawl
ashby,allocate,common crawl
ashby,alloyenterprises,companies.csv
ashby,alloyriver,common crawl
ashby,allspice,common crawl
ashby,allwage,common crawl
ashby,allwyn-corp,common crawl
ashby,almedia,common crawl
ashby,almetra,common crawl
ashby,alpaca,common crawl
ashby,alpacahealth,common crawl
ashby,alpha-design-ai-inc,common crawl
ashby,alpic,common crawl
ashby,alta-ares,common crawl
ashby,altimate,common crawl
ashby,altura,common crawl
ashby,amber,common crawl
ashby,ambiencehealthcare,common crawl
ashby,amboss,common crawl
ashby,ambral,common crawl
ashby,ambrook,common crawl
ashby,ambrosia-energy,common crawl
ashby,amenitiz,common crawl
ashby,americaachieves,common crawl
ashby,american%20terawatt,common crawl
ashby,american-housing,common crawl
ashby,american-turbines,common crawl
ashby,ami,common crawl
ashby,amigo,common crawl
ashby,amo,common crawl
ashby,amper,common crawl
ashby,amperos,common crawl
ashby,amplitude,common crawl
ashby,anagram,common crawl
ashby,anara,common crawl
ashby,andela,common crawl
ashby,andercore,common crawl
ashby,andi,common crawl
ashby,ando,common crawl
ashby,andotechnologies,common crawl
ashby,andromeda,common crawl
ashby,angi,common crawl
ashby,anima,common crawl
ashby,ankar,common crawl
ashby,ankorstore,common crawl
ashby,annaautismcare,common crawl
ashby,anon,common crawl
ashby,anrok,common crawl
ashby,answersnow,common crawl
ashby,antares,common crawl
ashby,anterior,common crawl
ashby,anthelioncap,common crawl
ashby,anthos%20capital,common crawl
ashby,antimetal,common crawl
ashby,antithesis,common crawl
ashby,anvilcarbon,common crawl
ashby,anyone-ai,common crawl
ashby,anyscale,common crawl
ashby,anysignal,common crawl
ashby,anything,common crawl
ashby,anyvan,common crawl
ashby,apella,common crawl
ashby,apex-technology-inc,common crawl
ashby,aphex,common crawl
ashby,apify,common crawl
ashby,apollo-graphql,common crawl
ashby,apollo-information-systems,common crawl
ashby,applied,common crawl
ashby,april,common crawl
ashby,apron,common crawl
ashby,aptura,common crawl
ashby,aquant,common crawl
ashby,aquark,common crawl
ashby,arago,common crawl
ashby,aragorn,common crawl
ashby,arb-interactive,common crawl
ashby,arbiter-ai,common crawl
ashby,arbitrumgamingventures,common crawl
ashby,arbor,common crawl
ashby,arca,common crawl
ashby,arcada,common crawl
ashby,arcade,common crawl
ashby,arcadeai,common crawl
ashby,arceus,common crawl
ashby,archerfaris,common crawl
ashby,architect,companies.csv
ashby,archive,common crawl
ashby,arcturus,common crawl
ashby,ardea-partners,common crawl
ashby,arena,common crawl
ashby,arena-magazine,common crawl
ashby,argon-ai,common crawl
ashby,arini,common crawl
ashby,arketa,common crawl
ashby,arlo,common crawl
ashby,armadin,companies.csv
ashby,arq,common crawl
ashby,array-behavioral-care,common crawl
ashby,arrive,common crawl
ashby,artafinance,common crawl
ashby,artemis,common crawl
ashby,arthur-ai,common crawl
ashby,artian,common crawl
ashby,articul8,common crawl
ashby,artisan,common crawl
ashby,ascertain,common crawl
ashby,ashby,common crawl
ashby,asimov,common crawl
ashby,aspora,common crawl
ashby,assembledhq,common crawl
ashby,assorthealth,common crawl
ashby,assured,common crawl
ashby,astera,common crawl
ashby,astra,common crawl
ashby,astro-mechanica,common crawl
ashby,astrocade,common crawl
ashby,astronomer,common crawl
ashby,atalanta,common crawl
ashby,ataraxis-ai,common crawl
ashby,atira,common crawl
ashby,atlan,common crawl
ashby,atlas,common crawl
ashby,atlasonc,common crawl
ashby,atlys,common crawl
ashby,atob,common crawl
ashby,atolio,common crawl
ashby,atomic,common crawl
ashby,atomicindustries,common crawl
ashby,atomicsemi,common crawl
ashby,atrato,common crawl
ashby,attention,common crawl
ashby,atticus,common crawl
ashby,attio,common crawl
ashby,auctor,companies.csv
ashby,audiohook,common crawl
ashby,auditboard,common crawl
ashby,auger,common crawl
ashby,augmodo,common crawl
ashby,august,common crawl
ashby,august-health,common crawl
ashby,augustus,common crawl
ashby,aurelian,common crawl
ashby,aureliussystems,common crawl
ashby,auror,common crawl
ashby,aurorasolar,common crawl
ashby,authorium,common crawl
ashby,autoscience,common crawl
ashby,avantos,common crawl
ashby,avelios-medical,common crawl
ashby,aven,common crawl
ashby,aveni,common crawl
ashby,away,common crawl
ashby,axelera,common crawl
ashby,axiom-co,common crawl
ashby,axiombio,common crawl
ashby,axiommath,common crawl
ashby,axion,common crawl
ashby,axionray,common crawl
ashby,axleinsure,common crawl
ashby,ayblehealth,common crawl
ashby,azupay,common crawl
ashby,b2spin,common crawl
ashby,baba,common crawl
ashby,babbel,common crawl
ashby,backmarket,common crawl
ashby,bantamcommunications,common crawl
ashby,barkbus,common crawl
ashby,barnes,common crawl
ashby,basata,common crawl
ashby,base,common crawl
ashby,base-power,common crawl
ashby,base0,common crawl
ashby,basecamp-research,common crawl
ashby,basecompute,common crawl
ashby,baseten,common crawl
ashby,basiccapital,common crawl
ashby,basis-ai,common crawl
ashby,basis-research,common crawl
ashby,bastion,common crawl
ashby,batoncorporation,common crawl
ashby,bayesianhealth,common crawl
ashby,beaconai,common crawl
ashby,beaconsoftware,common crawl
ashby,beam-up,common crawl
ashby,beamery,common crawl
ashby,beamimpact,common crawl
ashby,beavr,common crawl
ashby,bedrock-robotics,common crawl
ashby,bedrockocean,common crawl
ashby,belvo,common crawl
ashby,ben,common crawl
ashby,bench,common crawl
ashby,benchling,common crawl
ashby,beparallel,common crawl
ashby,bespokelabs,common crawl
ashby,bestow,common crawl
ashby,bettercloud,common crawl
ashby,bettermile,common crawl
ashby,bettermoney,common crawl
ashby,betterup,common crawl
ashby,bevaya,common crawl
ashby,bevel,common crawl
ashby,bicara-therapeutics,common crawl
ashby,bifrost,common crawl
ashby,biggergames,common crawl
ashby,bild-ai,common crawl
ashby,billie,common crawl
ashby,billups,common crawl
ashby,binalyze,common crawl
ashby,binti,common crawl
ashby,bio,common crawl
ashby,biofire,common crawl
ashby,bioscope%20ai,common crawl
ashby,birdie,common crawl
ashby,bitnomial,common crawl
ashby,bivacor-inc,common crawl
ashby,bjakcareer,common crawl
ashby,blackbird-labs-inc,common crawl
ashby,blackpoint%20cyber,common crawl
ashby,blacksemiconductor,common crawl
ashby,blacksmith,common crawl
ashby,blacksmith%20agency,common crawl
ashby,bland,common crawl
ashby,blank-metal,common crawl
ashby,bliro,common crawl
ashby,blissway,common crawl
ashby,blitzy,common crawl
ashby,block-labs,common crawl
ashby,blockdaemon,common crawl
ashby,blockhouse,common crawl
ashby,blockstream,common crawl
ashby,blocktech,common crawl
ashby,blossom-health,common crawl
ashby,bloxd,companies.csv
ashby,blp-digital,common crawl
ashby,blue-energy,common crawl
ashby,blueberrypediatrics,common crawl
ashby,bluesky,common crawl
ashby,blumen,common crawl
ashby,bobsled,common crawl
ashby,bobyard,common crawl
ashby,boldgames,common crawl
ashby,bolna,common crawl
ashby,bonfireanalytics,common crawl
ashby,boon,common crawl
ashby,botanictonics,common crawl
ashby,bounce,common crawl
ashby,bracket-bot,companies.csv
ashby,braiins,common crawl
ashby,brainbaselabs,common crawl
ashby,brainco,common crawl
ashby,brainly,common crawl
ashby,braintrust,common crawl
ashby,brale,common crawl
ashby,branchinsurance,common crawl
ashby,branchlab,common crawl
ashby,brandlight,common crawl
ashby,bravehealth,common crawl
ashby,breaker,common crawl
ashby,bree,companies.csv
ashby,brelle,common crawl
ashby,brellium,common crawl
ashby,brettonai,common crawl
ashby,bridge,common crawl
ashby,bridgepoint-consulting,common crawl
ashby,brightstar-ai,companies.csv
ashby,brightwheel,common crawl
ashby,brigit,common crawl
ashby,brimstone,common crawl
ashby,brinc,common crawl
ashby,brisk-teaching,common crawl
ashby,broccoli,common crawl
ashby,brooklyn-health,common crawl
ashby,browserbase,common crawl
ashby,buena,common crawl
ashby,buffer,common crawl
ashby,build-ai,common crawl
ashby,buildout,common crawl
ashby,buildwithfern,common crawl
ashby,bullpen-talent,common crawl
ashby,bumbleinc,common crawl
ashby,bunch,common crawl
ashby,bunkerhillhealth,common crawl
ashby,bureau,common crawl
ashby,buspatrol,common crawl
ashby,butter,common crawl
ashby,butterflymx,common crawl
ashby,bynder,common crawl
ashby,c1,common crawl
ashby,caldera,common crawl
ashby,callosum,common crawl
ashby,camber,common crawl
ashby,cambio,common crawl
ashby,cambium,common crawl
ashby,cambly,common crawl
ashby,campfire,common crawl
ashby,campus,common crawl
ashby,camunda,common crawl
ashby,canals,common crawl
ashby,candidhealth,common crawl
ashby,candidintelligence,common crawl
ashby,canvas-medical,common crawl
ashby,capchase,common crawl
ashby,cape,common crawl
ashby,capimoney,common crawl
ashby,capsa,common crawl
ashby,capsule,common crawl
ashby,captions,common crawl
ashby,cara-ai,common crawl
ashby,cardflight,common crawl
ashby,cardless,common crawl
ashby,careerstrengo,common crawl
ashby,cargado,common crawl
ashby,cargo-one,common crawl
ashby,caribou,common crawl
ashby,cartesia,common crawl
ashby,carwow,common crawl
ashby,cas,common crawl
ashby,casca,common crawl
ashby,castle,common crawl
ashby,catchafire,common crawl
ashby,category-labs,common crawl
ashby,catena,common crawl
ashby,catio,common crawl
ashby,causal,common crawl
ashby,causallabs,common crawl
ashby,causaly,common crawl
ashby,cbai,common crawl
ashby,cedar,common crawl
ashby,ceezer,common crawl
ashby,census,common crawl
ashby,centari,common crawl
ashby,centerfield,common crawl
ashby,centivo,common crawl
ashby,centralhq,common crawl
ashby,centreforeffectivealtruism,common crawl
ashby,certifyos,common crawl
ashby,certn,common crawl
ashby,cge,common crawl
ashby,chaidiscovery,common crawl
ashby,chainalysis-careers,common crawl
ashby,chainlink-labs,common crawl
ashby,chainlinklabs,common crawl
ashby,chalk,common crawl
ashby,chalkboard,common crawl
ashby,chambercardio,common crawl
ashby,character,common crawl
ashby,characterbio,common crawl
ashby,charge-robotics,common crawl
ashby,chariotclaims,common crawl
ashby,chartahealth,companies.csv
ashby,chatbase,common crawl
ashby,chattermill,common crawl
ashby,check-technologies,common crawl
ashby,checkatrade,common crawl
ashby,checkly,common crawl
ashby,cheiron,companies.csv
ashby,chief,common crawl
ashby,chilipiper,common crawl
ashby,chiru%20labs,common crawl
ashby,choco,common crawl
ashby,chromatic,common crawl
ashby,chronospherejobs,common crawl
ashby,cinder,common crawl
ashby,circleback,companies.csv
ashby,circuithub,common crawl
ashby,ciridae,common crawl
ashby,citadel-ai,common crawl
ashby,citizen,common crawl
ashby,citizen%20health,common crawl
ashby,civic%20roundtable,common crawl
ashby,civicmarketplace,common crawl
ashby,civilgrid,common crawl
ashby,claim-co,common crawl
ashby,claim-health,common crawl
ashby,claimsorted,common crawl
ashby,clair,common crawl
ashby,clarasight,common crawl
ashby,clarify,common crawl
ashby,clarion,common crawl
ashby,clarisights,common crawl
ashby,claritypediatrics,common crawl
ashby,clark,common crawl
ashby,classdojo,common crawl
ashby,claylabs,common crawl
ashby,clearco,common crawl
ashby,clearly-ai,common crawl
ashby,clera,common crawl
ashby,cleric,common crawl
ashby,clerk,common crawl
ashby,clickhouse,common crawl
ashby,clickup,common crawl
ashby,climate-finance-solutions,common crawl
ashby,climatiq,common crawl
ashby,clinicallyai,common crawl
ashby,clipboard,common crawl
ashby,clipbook,common crawl
ashby,cloaked,common crawl
ashby,close,common crawl
ashby,cloudtrucks,common crawl
ashby,cloudzero,common crawl
ashby,clove,common crawl
ashby,clubhouse,common crawl
ashby,cluely,common crawl
ashby,clueso,common crawl
ashby,coachhub%20careers,common crawl
ashby,coactive,common crawl
ashby,coalesce,common crawl
ashby,cobot,common crawl
ashby,cocodelivery,common crawl
ashby,codametrix,common crawl
ashby,codat,common crawl
ashby,code-metal,common crawl
ashby,coder,common crawl
ashby,coderabbit,common crawl
ashby,codes-health,common crawl
ashby,codesphere,common crawl
ashby,codeway,common crawl
ashby,coefficientgiving,common crawl
ashby,coframe,common crawl
ashby,cogent-security,common crawl
ashby,cognition,common crawl
ashby,cohere,common crawl
ashby,coinflow,common crawl
ashby,cointracker,common crawl
ashby,collective,common crawl
ashby,collider,common crawl
ashby,collinear-ai,companies.csv
ashby,colonist,common crawl
ashby,column,common crawl
ashby,columntax,common crawl
ashby,comfy-org,common crawl
ashby,comind,common crawl
ashby,comity,common crawl
ashby,common-fund,common crawl
ashby,commonroom,common crawl
ashby,commure,common crawl
ashby,commure-athelas,common crawl
ashby,compa,common crawl
ashby,composio,common crawl
ashby,compyl,common crawl
ashby,comstruct,common crawl
ashby,comun,common crawl
ashby,conception,common crawl
ashby,concourse,common crawl
ashby,condor-software,common crawl
ashby,conduct,common crawl
ashby,conductorai,common crawl
ashby,conductorone,common crawl
ashby,conduit,common crawl
ashby,conduit-health,common crawl
ashby,confiant,common crawl
ashby,confidence%20wealth%20managment,common crawl
ashby,confido,common crawl
ashby,confluent,common crawl
ashby,confusioncapital,common crawl
ashby,connecthum,common crawl
ashby,connectly,common crawl
ashby,conscious-talent,common crawl
ashby,console,common crawl
ashby,constellation,common crawl
ashby,constellationspace,companies.csv
ashby,constructor,common crawl
ashby,continua,common crawl
ashby,contoro,companies.csv
ashby,contrast-security,common crawl
ashby,conveo,common crawl
ashby,conversion,common crawl
ashby,convex-dev,common crawl
ashby,convey,common crawl
ashby,copilot,common crawl
ashby,coralai,common crawl
ashby,coram-ai,common crawl
ashby,coreflow,common crawl
ashby,corgi,common crawl
ashby,corridor,common crawl
ashby,cortea,common crawl
ashby,corti,common crawl
ashby,cosmic-robotics,common crawl
ashby,costanoavc,common crawl
ashby,cosuno,common crawl
ashby,council-capital,common crawl
ashby,counsel,common crawl
ashby,coverbase,common crawl
ashby,coverdash,companies.csv
ashby,cow-dao,common crawl
ashby,cowboyspace,common crawl
ashby,coworker,common crawl
ashby,cradlebio,common crawl
ashby,creatify,common crawl
ashby,creatoriq,common crawl
ashby,credal,common crawl
ashby,creditgenie,common crawl
ashby,critical-energy,common crawl
ashby,criticalloop,common crawl
ashby,crogl,common crawl
ashby,crosby,common crawl
ashby,crusoe,common crawl
ashby,cruxclimate,common crawl
ashby,cryptio,common crawl
ashby,ctgt,common crawl
ashby,cube,common crawl
ashby,cubesoftware,common crawl
ashby,cubic3,common crawl
ashby,cuesta-partners,common crawl
ashby,current-advisors,common crawl
ashby,currentsurgical,common crawl
ashby,curri,common crawl
ashby,cursor,common crawl
ashby,cuspai,common crawl
ashby,customuse,common crawl
ashby,cyberhaven,common crawl
ashby,cygnify,common crawl
ashby,cylinderhealth,common crawl
ashby,cytix,common crawl
ashby,cyvl,common crawl
ashby,d-matrix,common crawl
ashby,d2iq,common crawl
ashby,dailypay,common crawl
ashby,dakota,common crawl
ashby,dandelion,common crawl
ashby,dandelionhealth,common crawl
ashby,dandy,common crawl
ashby,dapper,common crawl
ashby,darkroom,common crawl
ashby,darwin,common crawl
ashby,dash0,common crawl
ashby,datafold,common crawl
ashby,dataguard,common crawl
ashby,datalab,common crawl
ashby,dataleap,common crawl
ashby,dataro,common crawl
ashby,datasnipper,common crawl
ashby,datatonic,common crawl
ashby,datologyai,common crawl
ashby,dave,common crawl
ashby,david-ai,common crawl
ashby,davidenergy,common crawl
ashby,davischicago,common crawl
ashby,daydream,common crawl
ashby,daydream-ai,common crawl
ashby,daydreamlive,common crawl
ashby,dayjob-ai,common crawl
ashby,ddn,common crawl
ashby,decagon,common crawl
ashby,decimal,common crawl
ashby,dedalus-labs,companies.csv
ashby,deductive,common crawl
ashby,deel,common crawl
ashby,deepgram,common crawl
ashby,deepjudge,common crawl
ashby,deepl,common crawl
ashby,deeploy,common crawl
ashby,deepnote,common crawl
ashby,deepsetai,common crawl
ashby,deepslate,common crawl
ashby,deeptune,common crawl
ashby,deeter-analytics,common crawl
ashby,definelycareers,common crawl
ashby,delian,common crawl
ashby,delinea,common crawl
ashby,deliveroo,common crawl
ashby,delos-data,common crawl
ashby,delphi,common crawl
ashby,delphina,common crawl
ashby,deltia,common crawl
ashby,demandbase,common crawl
ashby,deno,common crawl
ashby,deposco,common crawl
ashby,depthfirst,common crawl
ashby,designworkstalent,common crawl
ashby,develop-health,common crawl
ashby,devsavant,common crawl
ashby,dexmate,companies.csv
ashby,dialo,common crawl
ashby,diligencesquared,common crawl
ashby,directive,common crawl
ashby,discern,common crawl
ashby,discovery-loop,common crawl
ashby,distance,common crawl
ashby,distributed-spectrum,common crawl
ashby,distyl,common crawl
ashby,ditto,common crawl
ashby,dittoai,companies.csv
ashby,diversified-botanics,common crawl
ashby,divineresearch,common crawl
ashby,dlc-inc,common crawl
ashby,docebo,common crawl
ashby,docker,common crawl
ashby,docplanner,common crawl
ashby,doctolib,common crawl
ashby,doctoralia-brasil,common crawl
ashby,doctronic,common crawl
ashby,doinstruct,common crawl
ashby,doji,common crawl
ashby,dominion%20dynamics,common crawl
ashby,dons-garage-doors,common crawl
ashby,doodles,common crawl
ashby,doppel,common crawl
ashby,doppler,common crawl
ashby,dosespot,common crawl
ashby,doss,common crawl
ashby,dottxt,common crawl
ashby,double-the-donation,common crawl
ashby,doublezero,common crawl
ashby,dovetail,common crawl
ashby,drata,common crawl
ashby,dreamthree,common crawl
ashby,droyd,common crawl
ashby,dryft,common crawl
ashby,dualentry,common crawl
ashby,dubclub,common crawl
ashby,duck-duck-go,common crawl
ashby,duckduckgo,common crawl
ashby,duet,common crawl
ashby,duffel,common crawl
ashby,duna,common crawl
ashby,dune,common crawl
ashby,dust,common crawl
ashby,dyna-robotics,common crawl
ashby,e2b,common crawl
ashby,eagle,common crawl
ashby,earthforce,common crawl
ashby,easygenerator,common crawl
ashby,echo,common crawl
ashby,edia,common crawl
ashby,edison%20scientific,common crawl
ashby,edited,common crawl
ashby,edra,common crawl
ashby,educationsuperhighway,common crawl
ashby,egra,companies.csv
ashby,egym,common crawl
ashby,eigen-labs,common crawl
ashby,eightsleep,common crawl
ashby,ekarobotics,common crawl
ashby,ekumenlabs,common crawl
ashby,electric,common crawl
ashby,electricai,common crawl
ashby,electricplant,common crawl
ashby,electronx,common crawl
ashby,element84,common crawl
ashby,eleos,common crawl
ashby,elevate-labs,common crawl
ashby,elevenlabs,common crawl
ashby,eli,common crawl
ashby,elicit,common crawl
ashby,eliseai,common crawl
ashby,eliza,common crawl
ashby,ellamind,common crawl
ashby,ellipsis-health,common crawl
ashby,ellipsislabs,common crawl
ashby,elliptic,common crawl
ashby,ello,common crawl
ashby,eloquentai,common crawl
ashby,elorian-ai-inc,common crawl
ashby,ema,common crawl
ashby,embedding-vc,companies.csv
ashby,emberai,common crawl
ashby,emerald-ai,common crawl
ashby,emergence,common crawl
ashby,emergence-capital-partners,common crawl
ashby,emidat,common crawl
ashby,emora-health,common crawl
ashby,empirical,common crawl
ashby,empirical-security,common crawl
ashby,empower%20finance,common crawl
ashby,encord,common crawl
ashby,endgame,common crawl
ashby,endra,common crawl
ashby,endurance-energy,common crawl
ashby,eneba,common crawl
ashby,engflow,common crawl
ashby,enode,common crawl
ashby,enpal,common crawl
ashby,ens-labs,common crawl
ashby,envision-horizons,common crawl
ashby,envoy,common crawl
ashby,epackpro,common crawl
ashby,epay-policy,common crawl
ashby,epianeuro,common crawl
ashby,epistemix,common crawl
ashby,eppo,common crawl
ashby,equal1,common crawl
ashby,equi,common crawl
ashby,equip,common crawl
ashby,eragon,common crawl
ashby,espa,companies.csv
ashby,espresso,common crawl
ashby,etched,common crawl
ashby,ethereum-foundation,common crawl
ashby,ethglobal,common crawl
ashby,euclid-power,common crawl
ashby,eventual,common crawl
ashby,eventualcomputing,common crawl
ashby,evenup,common crawl
ashby,everai,common crawl
ashby,everfield,common crawl
ashby,everis,common crawl
ashby,everops,common crawl
ashby,evertune,common crawl
ashby,every-io,common crawl
ashby,evvy,common crawl
ashby,exa,common crawl
ashby,excelerate,common crawl
ashby,exegy,companies.csv
ashby,expa,common crawl
ashby,exponential,common crawl
ashby,expressable,common crawl
ashby,extend,common crawl
ashby,extropic,common crawl
ashby,eye-security,common crawl
ashby,eyt,common crawl
ashby,f2-ai,common crawl
ashby,fab2,common crawl
ashby,fable,companies.csv
ashby,fabrion,common crawl
ashby,factorhouse,common crawl
ashby,factory,common crawl
ashby,faculty,common crawl
ashby,faculty-fellowship,companies.csv
ashby,fairing,common crawl
ashby,fal-ai,common crawl
ashby,fama-technologies-inc,common crawl
ashby,farmraise,common crawl
ashby,farsight,common crawl
ashby,fauna-robotics,common crawl
ashby,featherlessai,common crawl
ashby,feathery,common crawl
ashby,feathr,common crawl
ashby,feedbackfruits,common crawl
ashby,felicity,common crawl
ashby,felix,common crawl
ashby,fellowai,common crawl
ashby,fermi%20ai,common crawl
ashby,fernstone,common crawl
ashby,ferocia,common crawl
ashby,fidamy,common crawl
ashby,fiddler-ai,common crawl
ashby,fiducial,common crawl
ashby,fieldguide,common crawl
ashby,filigran,common crawl
ashby,fin,common crawl
ashby,finagra,common crawl
ashby,finalroundai,common crawl
ashby,finary,common crawl
ashby,finch,common crawl
ashby,finch-legal,common crawl
ashby,findanomaly,common crawl
ashby,findarbor,common crawl
ashby,finni-health,common crawl
ashby,finny,common crawl
ashby,finto,common crawl
ashby,finvari,common crawl
ashby,finvest,common crawl
ashby,fira-health,common crawl
ashby,firecrawl,common crawl
ashby,firetiger,common crawl
ashby,fireworks,common crawl
ashby,firmable,common crawl
ashby,first-resonance,common crawl
ashby,firstbaseio,common crawl
ashby,firsthand,common crawl
ashby,firstround,common crawl
ashby,firststreet,common crawl
ashby,flaglerhealth,common crawl
ashby,flagstone,common crawl
ashby,flai,common crawl
ashby,flatfile,common crawl
ashby,flawless,common crawl
ashby,fleet%20health,common crawl
ashby,flex-living,common crawl
ashby,flinn,common crawl
ashby,flipturn,common crawl
ashby,float,common crawl
ashby,floatme,common crawl
ashby,flock%20safety,common crawl
ashby,flosports,common crawl
ashby,flourish%20research,common crawl
ashby,flowengineering,common crawl
ashby,flowhub,common crawl
ashby,flox,common crawl
ashby,fluency,companies.csv
ashby,fluidstack,common crawl
ashby,flutterflow,common crawl
ashby,flux,common crawl
ashby,flux-computing,common crawl
ashby,focal,common crawl
ashby,focus-ai,common crawl
ashby,focused,common crawl
ashby,focused-energy,common crawl
ashby,foley,common crawl
ashby,folio,common crawl
ashby,fomo-labs,common crawl
ashby,fonio,common crawl
ashby,fonoa,common crawl
ashby,fonzi,common crawl
ashby,foodhealthco,common crawl
ashby,footprint,common crawl
ashby,forerunner,common crawl
ashby,forma,common crawl
ashby,formal,common crawl
ashby,formance,common crawl
ashby,formbio,common crawl
ashby,formenergy,common crawl
ashby,formula,common crawl
ashby,fort%20health,common crawl
ashby,fortuna-health,common crawl
ashby,fortytwo,common crawl
ashby,forum-ventures,common crawl
ashby,forus,common crawl
ashby,forward%20financing,common crawl
ashby,found,common crawl
ashby,foundational%20industries,common crawl
ashby,foundationhealthcareers,common crawl
ashby,foundry-for-good,common crawl
ashby,foundry-robotics,common crawl
ashby,fourier,common crawl
ashby,fourth-power,common crawl
ashby,foxelligroup,common crawl
ashby,foxglove,common crawl
ashby,fractional-ai,common crawl
ashby,freckle,common crawl
ashby,freda,common crawl
ashby,freed,common crawl
ashby,freeplay,common crawl
ashby,freetrade,common crawl
ashby,freshpaint,common crawl
ashby,friendliai,common crawl
ashby,frontcareers,common crawl
ashby,frontier-health,companies.csv
ashby,fronzafrancis,common crawl
ashby,fuel-cycle,common crawl
ashby,fulcrum-inc,common crawl
ashby,fullstory,common crawl
ashby,fundamental,common crawl
ashby,fundamentalresearchlabs,common crawl
ashby,fundingcircle,common crawl
ashby,fundwell,companies.csv
ashby,furiosa-ai,common crawl
ashby,fuse,common crawl
ashby,futrue-neuroscience,common crawl
ashby,fyxer,common crawl
ashby,g2,common crawl
ashby,g2i,common crawl
ashby,gaiafamily,common crawl
ashby,gainsight,common crawl
ashby,gallatin,common crawl
ashby,galvany,common crawl
ashby,game-plan-tech,common crawl
ashby,gamechanger,common crawl
ashby,gamma,common crawl
ashby,garage,common crawl
ashby,gardens,common crawl
ashby,gc-ai,common crawl
ashby,gecko-robotics,common crawl
ashby,gen-digital,common crawl
ashby,general-counsel-ai,common crawl
ashby,general-medicine,common crawl
ashby,generalintelligencecompany,common crawl
ashby,generalintuition-medal,companies.csv
ashby,generatorhealth,common crawl
ashby,genesis-ai,common crawl
ashby,genesis-molecular-ai,companies.csv
ashby,genesis-therapeutics,common crawl
ashby,genies,common crawl
ashby,genmd,companies.csv
ashby,genmo,common crawl
ashby,genomics,common crawl
ashby,genpeach,common crawl
ashby,geordieai,common crawl
ashby,georgian,common crawl
ashby,get-ivy,common crawl
ashby,ghost,common crawl
ashby,gigaml,common crawl
ashby,gigaton,common crawl
ashby,gigi,common crawl
ashby,gimlet,common crawl
ashby,gismart,common crawl
ashby,gitbook,common crawl
ashby,givebutter,common crawl
ashby,glacier,common crawl
ashby,glia,common crawl
ashby,glide,common crawl
ashby,glimp-se,common crawl
ashby,glinttglobal,common crawl
ashby,glomo,common crawl
ashby,glow25,common crawl
ashby,go-augment,common crawl
ashby,go-nimbly,common crawl
ashby,goaly,common crawl
ashby,goanagram,common crawl
ashby,goldsky,common crawl
ashby,golinks,companies.csv
ashby,gooddata,common crawl
ashby,goodie-ai,common crawl
ashby,goodparty,common crawl
ashby,goodship,common crawl
ashby,goodstack,common crawl
ashby,goody,common crawl
ashby,gorgias,common crawl
ashby,goteleport,common crawl
ashby,gotphoto,common crawl
ashby,govdash,common crawl
ashby,goventi,common crawl
ashby,govsignals,common crawl
ashby,govwell,common crawl
ashby,govworx,common crawl
ashby,gptzero,common crawl
ashby,gradia,common crawl
ashby,gradient-labs,common crawl
ashby,grand,common crawl
ashby,granica,common crawl
ashby,granola,common crawl
ashby,granted,common crawl
ashby,grapevine,common crawl
ashby,graphite,common crawl
ashby,graphitehq,common crawl
ashby,graphyte,common crawl
ashby,gratia,common crawl
ashby,gravity,common crawl
ashby,gravitysketch,common crawl
ashby,gray%20swan%20ai,common crawl
ashby,grayce,common crawl
ashby,graymatter-robotics,common crawl
ashby,greatquestion,companies.csv
ashby,greenlight-workforce-solutions,common crawl
ashby,greenlitecareers,common crawl
ashby,greptile,common crawl
ashby,gretel,common crawl
ashby,gridcare,common crawl
ashby,gritt,common crawl
ashby,groundnews,common crawl
ashby,grow-therapy,common crawl
ashby,growthprotocol,common crawl
ashby,growthtroops,common crawl
ashby,growthx%20ai,common crawl
ashby,gruntwork,common crawl
ashby,grvt,common crawl
ashby,gt-hq,common crawl
ashby,guaranteed,common crawl
ashby,guild,common crawl
ashby,gumloop,common crawl
ashby,h3x-technologies,common crawl
ashby,haast,common crawl
ashby,hackerone,common crawl
ashby,hadrian-automation,common crawl
ashby,hall-cpa,common crawl
ashby,halliday,common crawl
ashby,halluminate,common crawl
ashby,halobraid,common crawl
ashby,halter,common crawl
ashby,hamilton-ai,common crawl
ashby,hammerhead-ai,common crawl
ashby,handshake,common crawl
ashby,handspring,common crawl
ashby,hanover-park,common crawl
ashby,harmattan-ai,common crawl
ashby,harmonic,common crawl
ashby,harmonic-ai,common crawl
ashby,harperinsure,common crawl
ashby,hartbeat,common crawl
ashby,harvey,common crawl
ashby,hatch,common crawl
ashby,hauler-hero,common crawl
ashby,havocai,common crawl
ashby,hawk,common crawl
ashby,hawkeyeinnovations,common crawl
ashby,haydenai,common crawl
ashby,hcompany,common crawl
ashby,headstart,common crawl
ashby,headway,common crawl
ashby,healnow,common crawl
ashby,healthaxis,common crawl
ashby,healthtech-1,common crawl
ashby,hebbia-ai,common crawl
ashby,hedge,common crawl
ashby,hedra,common crawl
ashby,heirloomcarbon,common crawl
ashby,helion,common crawl
ashby,heliux,common crawl
ashby,hellobrightline,common crawl
ashby,hellopatient,common crawl
ashby,hellyeah,common crawl
ashby,helpscout,common crawl
ashby,hercules,common crawl
ashby,heritage-holding,common crawl
ashby,heron-power,common crawl
ashby,herondata,common crawl
ashby,heyjobs,common crawl
ashby,heymilo,common crawl
ashby,higgsfieldai,common crawl
ashby,higharc,common crawl
ashby,highbeam,common crawl
ashby,highlight,common crawl
ashby,highlightta,common crawl
ashby,hiive,common crawl
ashby,hike-medical,common crawl
ashby,hilberts,common crawl
ashby,hims-and-hers,common crawl
ashby,himsandhers,common crawl
ashby,hinge-health,common crawl
ashby,hinoki,common crawl
ashby,hipeople-official,common crawl
ashby,hippocratic%20ai,common crawl
ashby,hirehangar,common crawl
ashby,hirehire,common crawl
ashby,hive-autonomy,common crawl
ashby,hived,common crawl
ashby,hivehealth,common crawl
ashby,hivemq,common crawl
ashby,hiverge,common crawl
ashby,hiya,common crawl
ashby,hockeystack,common crawl
ashby,homebase,common crawl
ashby,homebound,common crawl
ashby,homera-health,common crawl
ashby,homevision,common crawl
ashby,honey%20homes,common crawl
ashby,honeybook,common crawl
ashby,honeydew,common crawl
ashby,hook,common crawl
ashby,hopae,common crawl
ashby,hoplynk,common crawl
ashby,hopper,common crawl
ashby,horizon,common crawl
ashby,horizon3ai,common crawl
ashby,hostinger,common crawl
ashby,hotstuff%20labs,common crawl
ashby,hoxhunt,common crawl
ashby,hoxtonfarms,common crawl
ashby,hubstaff,common crawl
ashby,hud,common crawl
ashby,hudu,common crawl
ashby,humaans,common crawl
ashby,human,common crawl
ashby,human-computer-lab,common crawl
ashby,humanarchive,common crawl
ashby,humandelta,common crawl
ashby,humatahealth,common crawl
ashby,hyperbolic,common crawl
ashby,hypercubic,common crawl
ashby,hyperexponential,common crawl
ashby,hyperhug,common crawl
ashby,hyperliquid%20labs,common crawl
ashby,hyperscience,common crawl
ashby,hypha,common crawl
ashby,hyphametrics,common crawl
ashby,i3d,common crawl
ashby,iacollaborative,common crawl
ashby,iambic-therapeutics,common crawl
ashby,ibotta,common crawl
ashby,ice%20speak%20social,common crawl
ashby,iceye,common crawl
ashby,ideals,common crawl
ashby,ideogram,common crawl
ashby,idler,common crawl
ashby,illumio,common crawl
ashby,imagineart,common crawl
ashby,immersivelabs,common crawl
ashby,immunic-therapeutics,common crawl
ashby,impossible-foods,common crawl
ashby,imprint,common crawl
ashby,improbable,common crawl
ashby,impulse,common crawl
ashby,imubiosciences,common crawl
ashby,inato,common crawl
ashby,incard,common crawl
ashby,incident,common crawl
ashby,indent,common crawl
ashby,inductive-automation-llc,common crawl
ashby,inductive-bio,common crawl
ashby,industrious,common crawl
ashby,inertia,common crawl
ashby,inferact,common crawl
ashby,infinitefield,common crawl
ashby,infinitus,common crawl
ashby,infinity-constellation,common crawl
ashby,infisical,common crawl
ashby,influxdata,common crawl
ashby,infracost,common crawl
ashby,inherent,common crawl
ashby,injective,common crawl
ashby,injective-labs,common crawl
ashby,innatera,common crawl
ashby,inngest,common crawl
ashby,inshur,common crawl
ashby,insitro,common crawl
ashby,inspiration-commerce-group,common crawl
ashby,instil,common crawl
ashby,instructure,common crawl
ashby,integral-de,common crawl
ashby,intelligence-security-laboratories,common crawl
ashby,intellistack,common crawl
ashby,interaction,common crawl
ashby,interface,common crawl
ashby,interplay,companies.csv
ashby,interrahealth,common crawl
ashby,intrinsic-safety,common crawl
ashby,intro,common crawl
ashby,invert,common crawl
ashby,investa,common crawl
ashby,inworld-ai,common crawl
ashby,iodine%20software,common crawl
ashby,ionlace,common crawl
ashby,irissoftwaregroup,common crawl
ashby,ironcladhq,common crawl
ashby,irregular,common crawl
ashby,isometric,common crawl
ashby,ispeedtolead,common crawl
ashby,iterative,common crawl
ashby,iverify,common crawl
ashby,ivo-inc,common crawl
ashby,jack-jill-external-ats,common crawl
ashby,jameda,common crawl
ashby,jane,common crawl
ashby,january,common crawl
ashby,jasper%20ai,common crawl
ashby,jellyfish,common crawl
ashby,jellyfishcareers,common crawl
ashby,jerry,common crawl
ashby,jito-labs,common crawl
ashby,jobber,common crawl
ashby,jobs-page-4dc2685b-eb82-46d1-a3f9-1f0764dba814,common crawl
ashby,jobs-valence,common crawl
ashby,join9am,common crawl
ashby,joinarc,common crawl
ashby,joinbetter,common crawl
ashby,joinforage,common crawl
ashby,joinpogo,common crawl
ashby,joinsherpa,common crawl
ashby,joko,common crawl
ashby,joor,common crawl
ashby,jordandigitalmarketing,common crawl
ashby,josys,common crawl
ashby,joyteractive,common crawl
ashby,judge-me,common crawl
ashby,judgmentlabs,common crawl
ashby,juicebox,common crawl
ashby,julius,common crawl
ashby,jump,common crawl
ashby,jump-app,common crawl
ashby,junction,common crawl
ashby,junior,common crawl
ashby,junipersquare,common crawl
ashby,justplay-gmbh,common crawl
ashby,k-id,common crawl
ashby,k2space,common crawl
ashby,kairon-health,common crawl
ashby,kairos-project,common crawl
ashby,kaizenlabs,common crawl
ashby,kalibri-labs,common crawl
ashby,kalshi,common crawl
ashby,kantoko,common crawl
ashby,kastle,common crawl
ashby,katana,common crawl
ashby,katapult-labs,common crawl
ashby,kayak,common crawl
ashby,keel,common crawl
ashby,kelluu,common crawl
ashby,kepler-ai,common crawl
ashby,kernel,common crawl
ashby,keycard-labs,common crawl
ashby,keyrock,common crawl
ashby,kijimea,common crawl
ashby,kikoff,common crawl
ashby,kin,common crawl
ashby,kindred,common crawl
ashby,kinetic,common crawl
ashby,kineticsystems,common crawl
ashby,kingdom,common crawl
ashby,kingdomsupercultures,common crawl
ashby,kinsteadhealth,common crawl
ashby,kira,common crawl
ashby,kirin,common crawl
ashby,kissmyapps,common crawl
ashby,kit,common crawl
ashby,kittl,common crawl
ashby,kiwi-com,common crawl
ashby,kleinerperkinsfellows,common crawl
ashby,klim,common crawl
ashby,klue,common crawl
ashby,knock,common crawl
ashby,knowledge-road,common crawl
ashby,known,common crawl
ashby,knownwell,common crawl
ashby,knowunity,common crawl
ashby,knox-systems,common crawl
ashby,koahlabs,common crawl
ashby,kodex,common crawl
ashby,kog,common crawl
ashby,kognitos,common crawl
ashby,kognity,common crawl
ashby,koho,common crawl
ashby,kojo,common crawl
ashby,kombo,common crawl
ashby,kong,common crawl
ashby,kota,common crawl
ashby,koyfin,common crawl
ashby,kpr,common crawl
ashby,kraken-kinetics,common crawl
ashby,krakentech,common crawl
ashby,kranz-consulting,common crawl
ashby,krea,common crawl
ashby,kuro,common crawl
ashby,kuru-labs,common crawl
ashby,kustomer,common crawl
ashby,kyanhealth,common crawl
ashby,kyra,common crawl
ashby,labhouse,common crawl
ashby,ladder,common crawl
ashby,lago,common crawl
ashby,lambda,common crawl
ashby,lancedb,common crawl
ashby,langchain,common crawl
ashby,langdock,common crawl
ashby,langfuse,common crawl
ashby,lap,common crawl
ashby,lark,common crawl
ashby,lassie,common crawl
ashby,latamcent,common crawl
ashby,latchbio,common crawl
ashby,latent,common crawl
ashby,latent%20defense,common crawl
ashby,latentlabs,common crawl
ashby,latitude-global,common crawl
ashby,laurel,common crawl
ashby,lavendo,common crawl
ashby,lawdepot,common crawl
ashby,lawhive,common crawl
ashby,layerfi,common crawl
ashby,lazer,common crawl
ashby,leadbank,common crawl
ashby,leandata,common crawl
ashby,leanlayer,common crawl
ashby,leantech,common crawl
ashby,leantechniques,companies.csv
ashby,leap,common crawl
ashby,leapsome,common crawl
ashby,ledge,common crawl
ashby,ledger,common crawl
ashby,legal-500,common crawl
ashby,legionhealth,common crawl
ashby,legora,common crawl
ashby,leland,common crawl
ashby,lemfi,common crawl
ashby,lemlist,common crawl
ashby,lemon-markets,common crawl
ashby,lemonade,common crawl
ashby,lempire,common crawl
ashby,lendable,common crawl
ashby,leovegasgroup,common crawl
ashby,letta,common crawl
ashby,level,common crawl
ashby,level-ai,common crawl
ashby,levelpath,common crawl
ashby,lexroom,common crawl
ashby,libra,common crawl
ashby,liftoffrank,common crawl
ashby,light-inc,common crawl
ashby,lightdash,common crawl
ashby,lightfield,common crawl
ashby,lightning,common crawl
ashby,lightspark,common crawl
ashby,lightspeedhq,common crawl
ashby,lighttable,common crawl
ashby,lilt,common crawl
ashby,lilt-corporate,common crawl
ashby,lilt-production,common crawl
ashby,limble,common crawl
ashby,lime,common crawl
ashby,limelight-steel,common crawl
ashby,lindus,common crawl
ashby,lindushealth,common crawl
ashby,lindy,common crawl
ashby,linear,common crawl
ashby,linkup,common crawl
ashby,linqapp,companies.csv
ashby,linro,common crawl
ashby,lio,common crawl
ashby,liqid-lig,common crawl
ashby,liquid-ai,common crawl
ashby,listenlabs,common crawl
ashby,litellm,common crawl
ashby,lithosquare,common crawl
ashby,litmus,common crawl
ashby,liv-golf,common crawl
ashby,liveflow,common crawl
ashby,livekit,common crawl
ashby,llamaindex,common crawl
ashby,loancrate,common crawl
ashby,local%20infusion,common crawl
ashby,localstack,common crawl
ashby,loki,common crawl
ashby,long-lake,common crawl
ashby,loopio,common crawl
ashby,loot-labs,common crawl
ashby,lorikeet,common crawl
ashby,lottie,common crawl
ashby,lovable,common crawl
ashby,lpadesignstudios,common crawl
ashby,lucidcomputing,common crawl
ashby,lucidlink,common crawl
ashby,lucis,common crawl
ashby,luma,common crawl
ashby,luma-ai,common crawl
ashby,lumaai,common crawl
ashby,lumbermanufactory,common crawl
ashby,lumilens,common crawl
ashby,luminai,common crawl
ashby,luminovo,common crawl
ashby,lumos,common crawl
ashby,lunar,common crawl
ashby,lunar-solar-group,common crawl
ashby,lunon,companies.csv
ashby,luxor,common crawl
ashby,lyceum,common crawl
ashby,lydian,common crawl
ashby,lynk,common crawl
ashby,lyric,common crawl
ashby,m-kopa,common crawl
ashby,m13,common crawl
ashby,mach,common crawl
ashby,mach9,common crawl
ashby,machinify,common crawl
ashby,macroscope,common crawl
ashby,madhive,common crawl
ashby,magentic,common crawl
ashby,magical,common crawl
ashby,magiceden,common crawl
ashby,magicschool,common crawl
ashby,maincode,common crawl
ashby,mainshares,common crawl
ashby,maintainx,common crawl
ashby,makai-labs,common crawl
ashby,maki,common crawl
ashby,mako,common crawl
ashby,mandolin,common crawl
ashby,maneuver-marketing,common crawl
ashby,manex,common crawl
ashby,manifest-os,common crawl
ashby,manychat,common crawl
ashby,mapbox,common crawl
ashby,maple,common crawl
ashby,marble,common crawl
ashby,marblehealth,common crawl
ashby,marianaminerals,common crawl
ashby,marloo,common crawl
ashby,marqeta-inc,common crawl
ashby,masabi,common crawl
ashby,mast,common crawl
ashby,mastra,common crawl
ashby,materialize,common crawl
ashby,materialsecurity,common crawl
ashby,mathgpt,common crawl
ashby,matia,common crawl
ashby,maticrobots,common crawl
ashby,matter-intelligence,common crawl
ashby,matterworks,common crawl
ashby,matx,common crawl
ashby,maven-agi,common crawl
ashby,maxima,common crawl
ashby,maximor,companies.csv
ashby,maximustribe,common crawl
ashby,maxinsights,companies.csv
ashby,maybern,common crawl
ashby,mazedesign,common crawl
ashby,mazehq,common crawl
ashby,mdcalc,common crawl
ashby,meadow,common crawl
ashby,meadowmemorials,common crawl
ashby,mebe,common crawl
ashby,medal,common crawl
ashby,medbill-ai,common crawl
ashby,medely,common crawl
ashby,mednet,common crawl
ashby,medraai,common crawl
ashby,medscout,common crawl
ashby,meetpace,common crawl
ashby,megazone,common crawl
ashby,meliora-academy,common crawl
ashby,melius,common crawl
ashby,melotech,common crawl
ashby,menlo,common crawl
ashby,menlosecurity,common crawl
ashby,mentis,common crawl
ashby,meow,common crawl
ashby,mercor,common crawl
ashby,mercura,common crawl
ashby,mercury,common crawl
ashby,merge,common crawl
ashby,merge%20labs,common crawl
ashby,meridian,common crawl
ashby,meridianlink,common crawl
ashby,meshy,common crawl
ashby,messa,common crawl
ashby,metadao,common crawl
ashby,metaforms,common crawl
ashby,metaview,common crawl
ashby,meter,common crawl
ashby,method,common crawl
ashby,methodical-careers,common crawl
ashby,meticulous,common crawl
ashby,mexdigital,common crawl
ashby,mia-labs,common crawl
ashby,miashare,common crawl
ashby,middesk,common crawl
ashby,midpage,common crawl
ashby,midstream,common crawl
ashby,mimica,common crawl
ashby,mindbeam,common crawl
ashby,mindly,common crawl
ashby,mindrobotics,common crawl
ashby,mindvalley,common crawl
ashby,minerva,common crawl
ashby,mintlify,common crawl
ashby,mintmcp,common crawl
ashby,miodottore,common crawl
ashby,mirage,common crawl
ashby,miramace,common crawl
ashby,mirelo,common crawl
ashby,mirendil,common crawl
ashby,miri,common crawl
ashby,mirror-physics,common crawl
ashby,miter,common crawl
ashby,mithrl,common crawl
ashby,mitiga-solutions,common crawl
ashby,mobilefirst,common crawl
ashby,modal,common crawl
ashby,modefair,common crawl
ashby,modernfi,common crawl
ashby,moderntreasury,common crawl
ashby,modulate,common crawl
ashby,moego,common crawl
ashby,molecule-software,common crawl
ashby,molg,common crawl
ashby,mollie,common crawl
ashby,moment,common crawl
ashby,monaco,common crawl
ashby,monarchmoney,common crawl
ashby,mondoo,common crawl
ashby,monei,common crawl
ashby,monk,common crawl
ashby,monogram,companies.csv
ashby,monsters,common crawl
ashby,montauk-capital,common crawl
ashby,montecarlodata,common crawl
ashby,montu-uk,common crawl
ashby,monumental,common crawl
ashby,moonactive,common crawl
ashby,moonshot,common crawl
ashby,moonshot-ai,common crawl
ashby,moonvalley-ai,common crawl
ashby,morningconsult,common crawl
ashby,morpho,common crawl
ashby,mosaic,common crawl
ashby,moss,common crawl
ashby,motherduck,common crawl
ashby,motion,common crawl
ashby,motorway,common crawl
ashby,moxie,common crawl
ashby,mparticle,common crawl
ashby,msquared,common crawl
ashby,mubi,common crawl
ashby,mudflap,common crawl
ashby,multiply,common crawl
ashby,multiplymii,common crawl
ashby,multiverse,common crawl
ashby,munich-electrification,common crawl
ashby,mural,common crawl
ashby,mutiny,common crawl
ashby,mux,common crawl
ashby,mycroft,common crawl
ashby,myriad-ai,common crawl
ashby,mystenlabs,common crawl
ashby,mytomorrows,common crawl
ashby,n1,common crawl
ashby,n43-studio,common crawl
ashby,n8n,common crawl
ashby,nabla,common crawl
ashby,nabucasa,common crawl
ashby,namespace,common crawl
ashby,nango,common crawl
ashby,nano-qt,common crawl
ashby,nash,common crawl
ashby,nationgraph,common crawl
ashby,nativemarkets,common crawl
ashby,natter,common crawl
ashby,nautilus%20biotechnology,common crawl
ashby,navi,common crawl
ashby,ncontracts,common crawl
ashby,ndeavour,common crawl
ashby,neara,common crawl
ashby,nectar-social,common crawl
ashby,negotiate-ai,common crawl
ashby,neko-health,common crawl
ashby,nelly,common crawl
ashby,nelo,common crawl
ashby,nen-creative,common crawl
ashby,neo-tax,common crawl
ashby,neocognition,companies.csv
ashby,neofinancial,common crawl
ashby,neon,common crawl
ashby,neon-health,common crawl
ashby,neonredwood,common crawl
ashby,neptune,common crawl
ashby,nerdwallet,common crawl
ashby,nest-health,common crawl
ashby,netbird,common crawl
ashby,netboxlabs,common crawl
ashby,netgear,common crawl
ashby,nethermind,common crawl
ashby,netic,common crawl
ashby,neudata,common crawl
ashby,neura-robotics-gmbh,common crawl
ashby,neural-earth,common crawl
ashby,neuralconcept,common crawl
ashby,neuroscale,common crawl
ashby,nevis,common crawl
ashby,nevoya,common crawl
ashby,new%20story,common crawl
ashby,new-culture,common crawl
ashby,new-story,common crawl
ashby,new-story-schools-oh,common crawl
ashby,new-story-schools-pa,common crawl
ashby,newfront,common crawl
ashby,newlantern,companies.csv
ashby,newtonx,common crawl
ashby,nexos-ai,common crawl
ashby,nextlinklabs,common crawl
ashby,nextpatient,common crawl
ashby,nexus-cognitive,common crawl
ashby,nexus-intelligence,common crawl
ashby,nexxa,common crawl
ashby,nexxen,common crawl
ashby,niantic-spatial,common crawl
ashby,nightfall-ai,common crawl
ashby,niramedical,common crawl
ashby,niural,common crawl
ashby,nivoda,common crawl
ashby,noda-ai,common crawl
ashby,noetica,common crawl
ashby,noise-labs,common crawl
ashby,nomad,common crawl
ashby,nomic,common crawl
ashby,nomos,common crawl
ashby,nooks,common crawl
ashby,noon-design,common crawl
ashby,nord-security,common crawl
ashby,norm-ai,common crawl
ashby,normalcomputing,common crawl
ashby,normlaw,common crawl
ashby,northslope-technologies,common crawl
ashby,northwoodspace,common crawl
ashby,nory,common crawl
ashby,nory-co,common crawl
ashby,notabene,common crawl
ashby,notable,common crawl
ashby,notion,common crawl
ashby,nous,common crawl
ashby,novig,common crawl
ashby,novo,common crawl
ashby,novogaia,common crawl
ashby,nox-metals,common crawl
ashby,noya,common crawl
ashby,noyo,common crawl
ashby,npx,companies.csv
ashby,ntt-data-aivista,companies.csv
ashby,nuclearn,common crawl
ashby,numeral,common crawl
ashby,numeric,common crawl
ashby,numerixs-quant,common crawl
ashby,nura-studios,common crawl
ashby,nursa,common crawl
ashby,nylas,common crawl
ashby,oaknorth,common crawl
ashby,oath,common crawl
ashby,oboe,common crawl
ashby,obrio,common crawl
ashby,observable-space,common crawl
ashby,obviant,common crawl
ashby,obvio,common crawl
ashby,obvious,companies.csv
ashby,oceanus,companies.csv
ashby,odewithanthropic,common crawl
ashby,odin-dynamics,common crawl
ashby,odys-aviation,common crawl
ashby,odyssey,common crawl
ashby,odysseyml,common crawl
ashby,offdeal,common crawl
ashby,office-hours,common crawl
ashby,offstream,common crawl
ashby,oh,common crawl
ashby,oligo,common crawl
ashby,olix,common crawl
ashby,ollama,common crawl
ashby,omaze,common crawl
ashby,omegga,common crawl
ashby,omnea,common crawl
ashby,omnifold,common crawl
ashby,omnilex,common crawl
ashby,omniscient,common crawl
ashby,one-pass-solutions,common crawl
ashby,oneapp,common crawl
ashby,onebrief,common crawl
ashby,onecrew,common crawl
ashby,onehealth,common crawl
ashby,oneleet,common crawl
ashby,onepay,common crawl
ashby,onhires,common crawl
ashby,onoshealth,common crawl
ashby,onramp,common crawl
ashby,ontic,common crawl
ashby,ontra,common crawl
ashby,opal,common crawl
ashby,openai,common crawl
ashby,openai-deployment-company,common crawl
ashby,openart,common crawl
ashby,openclaw-foundation-inc,common crawl
ashby,opengov,common crawl
ashby,openhands,common crawl
ashby,openhomefoundation,common crawl
ashby,openloophealth,common crawl
ashby,openlooppartners,common crawl
ashby,openly,common crawl
ashby,openphilanthropy,common crawl
ashby,openrouter,common crawl
ashby,opensea,common crawl
ashby,openstore,common crawl
ashby,oplabs,common crawl
ashby,optimal%20ai,common crawl
ashby,options-it,common crawl
ashby,optro,common crawl
ashby,opus-training,common crawl
ashby,opusclip,common crawl
ashby,orb,common crawl
ashby,orbem,common crawl
ashby,orbit,common crawl
ashby,orbital,common crawl
ashby,orbitalindustries,common crawl
ashby,orbitalmaterials,common crawl
ashby,orca,common crawl
ashby,orchard,common crawl
ashby,orchestra-bio,common crawl
ashby,ordio,common crawl
ashby,oscilar,common crawl
ashby,osmo,common crawl
ashby,oso,common crawl
ashby,ostium,common crawl
ashby,ostrom,common crawl
ashby,oumi,common crawl
ashby,outersignal,common crawl
ashby,outliant,common crawl
ashby,outmarket,common crawl
ashby,output,companies.csv
ashby,outro-health,common crawl
ashby,outset,common crawl
ashby,outtake,common crawl
ashby,overflow,common crawl
ashby,overjet,common crawl
ashby,overtone,common crawl
ashby,overviewenergy,common crawl
ashby,owner,common crawl
ashby,oxio,common crawl
ashby,oxman,common crawl
ashby,oyster,common crawl
ashby,ozone,common crawl
ashby,p-1%20ai,common crawl
ashby,pacificfusion,common crawl
ashby,pactfi,common crawl
ashby,paddle,common crawl
ashby,padlet,common crawl
ashby,pagos,common crawl
ashby,pahdo,common crawl
ashby,paires,common crawl
ashby,paireyewear,common crawl
ashby,palette-media,common crawl
ashby,palladio,common crawl
ashby,palmstreet,common crawl
ashby,palo-it,common crawl
ashby,pano-ai,common crawl
ashby,panoptyc,common crawl
ashby,pantograph,common crawl
ashby,par%20technology,common crawl
ashby,parabola-io,common crawl
ashby,paradigm,common crawl
ashby,parafin,common crawl
ashby,paraform,common crawl
ashby,parallel,common crawl
ashby,parasail,common crawl
ashby,pareto-ai,common crawl
ashby,parity,common crawl
ashby,parkade,common crawl
ashby,parspec,common crawl
ashby,partiful,common crawl
ashby,partisiablockchain,common crawl
ashby,partsbase,common crawl
ashby,partyhat,common crawl
ashby,passage,common crawl
ashby,passagehealth,common crawl
ashby,passes,common crawl
ashby,passionfroot,common crawl
ashby,passport,common crawl
ashby,passthrough,common crawl
ashby,patlytics,common crawl
ashby,patreon,common crawl
ashby,patrianna,common crawl
ashby,pavebank,common crawl
ashby,paxos,common crawl
ashby,paxoslabs,common crawl
ashby,payflip,common crawl
ashby,payscale,common crawl
ashby,payzen-inc,common crawl
ashby,peakmetrics,common crawl
ashby,pear,common crawl
ashby,pear-vc,common crawl
ashby,pearlhealth,common crawl
ashby,pebl,common crawl
ashby,peec,common crawl
ashby,peek,common crawl
ashby,pelico,common crawl
ashby,pennylane,common crawl
ashby,people-data-labs,common crawl
ashby,percepta,common crawl
ashby,perchwell,common crawl
ashby,percona,common crawl
ashby,pergolux,common crawl
ashby,periodic-labs,common crawl
ashby,perk,common crawl
ashby,permitflow,common crawl
ashby,permutive,common crawl
ashby,perplexity,common crawl
ashby,perryweather,common crawl
ashby,persona,common crawl
ashby,personio,common crawl
ashby,petcircle,common crawl
ashby,petra-labs,common crawl
ashby,petual,common crawl
ashby,phantom,common crawl
ashby,phare-r1-r37,common crawl
ashby,phia,companies.csv
ashby,phil,common crawl
ashby,phinitylabs,common crawl
ashby,phlair,common crawl
ashby,phoebe-work,common crawl
ashby,phoenix,common crawl
ashby,phonely,common crawl
ashby,phonic,common crawl
ashby,photoroom,common crawl
ashby,phrase,common crawl
ashby,phylo,common crawl
ashby,physicalintelligence,common crawl
ashby,picogrid,common crawl
ashby,pika,common crawl
ashby,pikl,common crawl
ashby,pilgrim,common crawl
ashby,pilot-fiber,common crawl
ashby,pinecone,common crawl
ashby,pivotal-health,common crawl
ashby,pivotrobotics,common crawl
ashby,plaid,common crawl
ashby,plain,common crawl
ashby,plan-bee-academy,common crawl
ashby,plancraft,common crawl
ashby,plane,common crawl
ashby,planera,common crawl
ashby,planteria,common crawl
ashby,plantingspace,common crawl
ashby,plasiv,common crawl
ashby,plasma,common crawl
ashby,plasmidsaurus,common crawl
ashby,platform-engineering,common crawl
ashby,platformed,common crawl
ashby,platoapp,common crawl
ashby,plaud,common crawl
ashby,plaud-ai,common crawl
ashby,playbook,common crawl
ashby,playerzero,common crawl
ashby,playground%20global,common crawl
ashby,playlab,common crawl
ashby,playson,common crawl
ashby,plenful,common crawl
ashby,pleo,common crawl
ashby,pliant,common crawl
ashby,plinth,common crawl
ashby,plot-pointe,common crawl
ashby,plots,common crawl
ashby,ployai,common crawl
ashby,plume-network,common crawl
ashby,plumerai,common crawl
ashby,pluralfinance,common crawl
ashby,pluralis-research,common crawl
ashby,pluto-health,common crawl
ashby,pocket%20worlds,common crawl
ashby,pocketprep,common crawl
ashby,pocus,common crawl
ashby,pod-network,common crawl
ashby,podium-automation,common crawl
ashby,poesis,common crawl
ashby,point-one-navigation,common crawl
ashby,pointfive,common crawl
ashby,pointone,common crawl
ashby,polar,common crawl
ashby,polaranalytics,common crawl
ashby,polarsteps,common crawl
ashby,polly,common crawl
ashby,polygon-labs,common crawl
ashby,polymarket,common crawl
ashby,polymath,common crawl
ashby,poolside,common crawl
ashby,popl,common crawl
ashby,posh,common crawl
ashby,posh-ai,common crawl
ashby,poshmark,common crawl
ashby,positive-development,common crawl
ashby,possible-finance,common crawl
ashby,posthog,common crawl
ashby,powerline,common crawl
ashby,pplwise,common crawl
ashby,pragmatike,common crawl
ashby,praxipal,common crawl
ashby,prefect,common crawl
ashby,preference%20model,common crawl
ashby,preference-model,common crawl
ashby,prelude,common crawl
ashby,preludesecurity,common crawl
ashby,preply,common crawl
ashby,preql,common crawl
ashby,pressw,common crawl
ashby,prime,common crawl
ashby,primeintellect,common crawl
ashby,primer,common crawl
ashby,prior-labs,common crawl
ashby,privy,common crawl
ashby,probablygenetic,common crawl
ashby,probook,common crawl
ashby,procurementsciences,common crawl
ashby,procurify,common crawl
ashby,prodigy-education,common crawl
ashby,productgenius,common crawl
ashby,profound,common crawl
ashby,progress-partners,common crawl
ashby,project-expedition,common crawl
ashby,projectgrowth,common crawl
ashby,promise,common crawl
ashby,promise-studios,common crawl
ashby,prompt,common crawl
ashby,proofofplay,common crawl
ashby,propel,common crawl
ashby,propelus,common crawl
ashby,prophet%20tech%20pty%20ltd,common crawl
ashby,prophet-security,common crawl
ashby,prorata,common crawl
ashby,prose,common crawl
ashby,prosper-ai,common crawl
ashby,protege,common crawl
ashby,proto-town,common crawl
ashby,provable,common crawl
ashby,proxima-fusion,common crawl
ashby,proximal,common crawl
ashby,psi,common crawl
ashby,publiccloudgroup,common crawl
ashby,pulley,common crawl
ashby,pulse,common crawl
ashby,pulsora%20inc,common crawl
ashby,pylon,common crawl
ashby,pylon-labs,common crawl
ashby,pythnetwork,common crawl
ashby,pytho-ai,common crawl
ashby,pyyne,common crawl
ashby,qawolf,common crawl
ashby,qontext,common crawl
ashby,quadrillion-labs,common crawl
ashby,qualified,common crawl
ashby,qualified-health-pbc,common crawl
ashby,qualytics,common crawl
ashby,quanta,common crawl
ashby,quantstamp,common crawl
ashby,quantware,common crawl
ashby,quarks-tech,common crawl
ashby,quartermaster,common crawl
ashby,quicknode,common crawl
ashby,quindar,common crawl
ashby,qumulo,common crawl
ashby,quora,common crawl
ashby,quorum,common crawl
ashby,quotewell,common crawl
ashby,qwilr,common crawl
ashby,radai,common crawl
ashby,radar,common crawl
ashby,radiant-industries,common crawl
ashby,radical-numerics,common crawl
ashby,raiku,common crawl
ashby,railway,common crawl
ashby,rain,common crawl
ashby,rain-ai-jobs,common crawl
ashby,rain-technologies,common crawl
ashby,rainfallhealth,common crawl
ashby,rainforest-pay,common crawl
ashby,rainmaker,common crawl
ashby,rallyuxr,common crawl
ashby,rallyxyz,common crawl
ashby,ramp,common crawl
ashby,range,common crawl
ashby,rapdev,common crawl
ashby,rasa,common crawl
ashby,raspberry%20ai,common crawl
ashby,ravenna,common crawl
ashby,raylu-ai,common crawl
ashby,reacher,common crawl
ashby,read-ai,common crawl
ashby,readme,common crawl
ashby,ready,common crawl
ashby,reaktor,common crawl
ashby,real,common crawl
ashby,realitydefender,common crawl
ashby,realmalliance,common crawl
ashby,rebuy,common crawl
ashby,recharge,common crawl
ashby,recraft,common crawl
ashby,red-gate,common crawl
ashby,red6,common crawl
ashby,redesign%20health,common crawl
ashby,redis,common crawl
ashby,redmetals,common crawl
ashby,reducto,common crawl
ashby,reedsy,common crawl
ashby,reevo,common crawl
ashby,refer,common crawl
ashby,reflect-orbital,common crawl
ashby,reflectionai,common crawl
ashby,reflexai,common crawl
ashby,reflow,common crawl
ashby,reframesystems,common crawl
ashby,rehire,common crawl
ashby,reindeer-ai,common crawl
ashby,reinforce-labs-inc,common crawl
ashby,reka,common crawl
ashby,relayfi,common crawl
ashby,relevanceai,common crawl
ashby,reliable-robotics,common crawl
ashby,remarcable-inc,common crawl
ashby,rematiq-gmbh,common crawl
ashby,rematter,common crawl
ashby,remberg,common crawl
ashby,remedy%20scientific,common crawl
ashby,remedyrobotics,common crawl
ashby,remilia,common crawl
ashby,render,common crawl
ashby,renderfoundation,common crawl
ashby,renuity,common crawl
ashby,reonic,common crawl
ashby,replicant,common crawl
ashby,replit,common crawl
ashby,replo,common crawl
ashby,rerun,common crawl
ashby,rescale,common crawl
ashby,resend,common crawl
ashby,reservoir,common crawl
ashby,reset,common crawl
ashby,resilience%20care,common crawl
ashby,resolution,common crawl
ashby,resolve%20ai,common crawl
ashby,resolveai,common crawl
ashby,resq,common crawl
ashby,restream,common crawl
ashby,retell-ai,common crawl
ashby,revecore,common crawl
ashby,revel,common crawl
ashby,revelrobotics,common crawl
ashby,revenuecat,common crawl
ashby,revic,common crawl
ashby,revin,common crawl
ashby,reviserobotics,companies.csv
ashby,rho,common crawl
ashby,rhoda-ai,common crawl
ashby,rhythms,common crawl
ashby,ricursive%20intelligence,common crawl
ashby,ridealso,common crawl
ashby,ridezoomo,common crawl
ashby,righthandtalent,common crawl
ashby,rilla,common crawl
ashby,rillet,common crawl
ashby,riplo,common crawl
ashby,risczero,common crawl
ashby,riseguide,common crawl
ashby,risklabs,common crawl
ashby,river,common crawl
ashby,rivermont-schools,common crawl
ashby,riveron,common crawl
ashby,rivertechnologies,common crawl
ashby,rivet,common crawl
ashby,roadrunner,common crawl
ashby,roam,common crawl
ashby,robco,common crawl
ashby,robin-ai,common crawl
ashby,robin-radar,common crawl
ashby,roboflow,common crawl
ashby,rocketsciencegg,common crawl
ashby,rogo,common crawl
ashby,rohlik,common crawl
ashby,roo-code,common crawl
ashby,roompricegenie,common crawl
ashby,root-access,common crawl
ashby,rootglobal,common crawl
ashby,rosariumhealth,common crawl
ashby,rowan,common crawl
ashby,rox-data-corp,common crawl
ashby,ruby-labs,common crawl
ashby,rula,common crawl
ashby,rundoo,common crawl
ashby,runetech,common crawl
ashby,runlayer,common crawl
ashby,runpod,common crawl
ashby,runway,common crawl
ashby,runway-ml,common crawl
ashby,rwazi,common crawl
ashby,rxvantage,common crawl
ashby,rythm,common crawl
ashby,sabi,common crawl
ashby,sable,common crawl
ashby,safe,common crawl
ashby,safelease,common crawl
ashby,safetykit,common crawl
ashby,sagecare,common crawl
ashby,sagefuture,common crawl
ashby,sageox,common crawl
ashby,sahara,common crawl
ashby,sailorhealth,common crawl
ashby,salesape-ai,common crawl
ashby,salesjack,common crawl
ashby,salespatriot,common crawl
ashby,salient,common crawl
ashby,salmon-group,common crawl
ashby,salonkee,common crawl
ashby,sample-healthcare,common crawl
ashby,sampura,common crawl
ashby,sana-roles,common crawl
ashby,sanctuary,common crawl
ashby,sandbar,common crawl
ashby,sandboxaq,common crawl
ashby,sanity,common crawl
ashby,santermedia,common crawl
ashby,sapien,common crawl
ashby,sapiom,common crawl
ashby,sardine,common crawl
ashby,saris-ai,common crawl
ashby,sarjai,common crawl
ashby,saronic,common crawl
ashby,sarvam,common crawl
ashby,sash,common crawl
ashby,satispay,common crawl
ashby,sauron,common crawl
ashby,savvy,common crawl
ashby,savvymoney,common crawl
ashby,scale%20army%20careers,common crawl
ashby,scalemath,common crawl
ashby,scaler,common crawl
ashby,scan-com,common crawl
ashby,scarlet,common crawl
ashby,sciforium,common crawl
ashby,scoreplay,common crawl
ashby,scratchpad,common crawl
ashby,scribd,common crawl
ashby,scribdinc,common crawl
ashby,scribe,common crawl
ashby,scrollmark,common crawl
ashby,se3,common crawl
ashby,sealed,common crawl
ashby,searchable,common crawl
ashby,searchapi,common crawl
ashby,seccl,common crawl
ashby,secfix,common crawl
ashby,secoda,common crawl
ashby,second-front-systems,common crawl
ashby,second-nature,common crawl
ashby,seconddinner,common crawl
ashby,security-level-5,common crawl
ashby,sei-labs,common crawl
ashby,seifoundation,common crawl
ashby,sekai,common crawl
ashby,semgrep,common crawl
ashby,semperis,common crawl
ashby,sensmore,common crawl
ashby,sensor-tower,common crawl
ashby,sensorfact,common crawl
ashby,sentient,common crawl
ashby,sentilink,common crawl
ashby,sentra,common crawl
ashby,sentradel,common crawl
ashby,sentry,common crawl
ashby,seqholdings,companies.csv
ashby,sequence,common crawl
ashby,sequoia,common crawl
ashby,sereact,common crawl
ashby,serval,common crawl
ashby,serverobotics,common crawl
ashby,sesame,common crawl
ashby,sevaro,common crawl
ashby,sevenai,common crawl
ashby,sewer-ai,common crawl
ashby,seyna,common crawl
ashby,sf-tensor,common crawl
ashby,sfcompute,common crawl
ashby,sfg20,common crawl
ashby,sharedcontextlab,common crawl
ashby,shepherd,common crawl
ashby,shift,common crawl
ashby,shiftkey,common crawl
ashby,shook,common crawl
ashby,shortstory,common crawl
ashby,sibill,common crawl
ashby,siena,common crawl
ashby,siepe,common crawl
ashby,sierra,common crawl
ashby,sierra-jp,common crawl
ashby,sierra-studio,common crawl
ashby,sieve,companies.csv
ashby,sifflet,common crawl
ashby,sift,common crawl
ashby,siftstack,common crawl
ashby,siftwell-analytics,common crawl
ashby,signal-ai,common crawl
ashby,signalfire,common crawl
ashby,signalwire,common crawl
ashby,sigp,common crawl
ashby,silktide,common crawl
ashby,silver,common crawl
ashby,simetrik,common crawl
ashby,simile,common crawl
ashby,simple-ai,common crawl
ashby,simply-wall-st,common crawl
ashby,simspace-corporation,common crawl
ashby,simular,common crawl
ashby,singu,common crawl
ashby,singular,common crawl
ashby,sintra,common crawl
ashby,siro,common crawl
ashby,sisu,common crawl
ashby,sitecore,common crawl
ashby,sitemate,common crawl
ashby,siteminder,common crawl
ashby,skelar,common crawl
ashby,skip,common crawl
ashby,skip-loans,common crawl
ashby,skydio,common crawl
ashby,skydropx,common crawl
ashby,skylo,common crawl
ashby,skymavis,common crawl
ashby,skynrg,common crawl
ashby,skywatch,common crawl
ashby,slant,common crawl
ashby,slash-financial,common crawl
ashby,slate,common crawl
ashby,sleeper,common crawl
ashby,slingshot-aerospace,common crawl
ashby,slingshotai,common crawl
ashby,smallest,common crawl
ashby,smallpdf,common crawl
ashby,smalls,common crawl
ashby,smallstep,common crawl
ashby,snapdocs,common crawl
ashby,snapmagic,common crawl
ashby,snappy,common crawl
ashby,snowball,common crawl
ashby,snowflake,common crawl
ashby,socket,common crawl
ashby,socure,common crawl
ashby,sofarocean,common crawl
ashby,softwareappsinc,common crawl
ashby,sola,common crawl
ashby,sola-insurance,common crawl
ashby,solace,common crawl
ashby,solana%20foundation,common crawl
ashby,solcoa,common crawl
ashby,solidroad,common crawl
ashby,solink,common crawl
ashby,solstice,common crawl
ashby,solva,common crawl
ashby,solvd,common crawl
ashby,solveintelligence,common crawl
ashby,somethings,common crawl
ashby,somnia,common crawl
ashby,sona,common crawl
ashby,sondermind,common crawl
ashby,songpush,common crawl
ashby,sorare,common crawl
ashby,sorcerer,common crawl
ashby,sosafe,common crawl
ashby,soulside%20ai,common crawl
ashby,sound-ventures,common crawl
ashby,sourcedev,common crawl
ashby,sourgum,common crawl
ashby,southgeeks,common crawl
ashby,soxton,common crawl
ashby,spacial,common crawl
ashby,spaice-tech,common crawl
ashby,span,common crawl
ashby,spare,common crawl
ashby,sparrow,common crawl
ashby,sparta-commodities,common crawl
ashby,speak,common crawl
ashby,speakeasy,common crawl
ashby,spear-ai,common crawl
ashby,spearbit,common crawl
ashby,specter,common crawl
ashby,spellbrush,common crawl
ashby,spexi,common crawl
ashby,sphere,common crawl
ashby,spiral,common crawl
ashby,spiritus,common crawl
ashby,splitmetrics,common crawl
ashby,spotlight,common crawl
ashby,spoton,common crawl
ashby,sprig,common crawl
ashby,springandbond,common crawl
ashby,sprinter-health,common crawl
ashby,spruceid,common crawl
ashby,squad,common crawl
ashby,squads,common crawl
ashby,ssi,common crawl
ashby,st-labs,common crawl
ashby,stable,common crawl
ashby,stack-ai,common crawl
ashby,stacker,common crawl
ashby,stackfuel,common crawl
ashby,stackone,common crawl
ashby,stacks,common crawl
ashby,stainlessapi,common crawl
ashby,standardbots,common crawl
ashby,standardfleet,common crawl
ashby,standinsurance,common crawl
ashby,starbridge,common crawl
ashby,stargate-foundation,common crawl
ashby,starknetfoundation,common crawl
ashby,statista,common crawl
ashby,statsig,common crawl
ashby,stayai,common crawl
ashby,staycation,common crawl
ashby,steadily,common crawl
ashby,stedi,common crawl
ashby,stellar,common crawl
ashby,stellar-health,common crawl
ashby,stellic,common crawl
ashby,stensul,common crawl
ashby,stepful,common crawl
ashby,strala-ai,common crawl
ashby,strange-loop-labs,common crawl
ashby,strategic-growth-partners,common crawl
ashby,stratum-ai,common crawl
ashby,strava,common crawl
ashby,stream,common crawl
ashby,strella,common crawl
ashby,strider-technologies,common crawl
ashby,strix,common crawl
ashby,stronghold,common crawl
ashby,stryker-digital,common crawl
ashby,stuut-ai,common crawl
ashby,stytch,common crawl
ashby,subconscious,common crawl
ashby,substack,common crawl
ashby,subzero,common crawl
ashby,succinct,common crawl
ashby,sui%20foundation,common crawl
ashby,suite-studios,common crawl
ashby,sully-ai,common crawl
ashby,summation,common crawl
ashby,summer-robotics,common crawl
ashby,summerhealth,common crawl
ashby,sunday,common crawl
ashby,sunday-natural,common crawl
ashby,sunnydata,common crawl
ashby,suno,common crawl
ashby,sunrise,common crawl
ashby,sunset,common crawl
ashby,supabase,common crawl
ashby,superbolt,common crawl
ashby,supercell,common crawl
ashby,superconductor,common crawl
ashby,superdial,common crawl
ashby,superduper,common crawl
ashby,superhuman,common crawl
ashby,superhuman%20platform%20inc,common crawl
ashby,superorder,common crawl
ashby,superplane,common crawl
ashby,superpower,common crawl
ashby,superseed,common crawl
ashby,surveymonkey,common crawl
ashby,susteon,common crawl
ashby,svix,common crawl
ashby,swans,common crawl
ashby,swap,common crawl
ashby,swaprail,common crawl
ashby,swarmaero,common crawl
ashby,swarmer,common crawl
ashby,sweatpals,common crawl
ashby,sybill-ai,common crawl
ashby,sydecar,common crawl
ashby,sylvan-labs,common crawl
ashby,sylvera,common crawl
ashby,symbiotic,common crawl
ashby,symmetry,common crawl
ashby,syndica,common crawl
ashby,syndicate,common crawl
ashby,synquery,common crawl
ashby,synthesia,common crawl
ashby,synthflow,common crawl
ashby,syntro,common crawl
ashby,taaraconnect,companies.csv
ashby,tabbed,common crawl
ashby,tabs,common crawl
ashby,tabz,common crawl
ashby,tacit,companies.csv
ashby,tacto,common crawl
ashby,tailor,common crawl
ashby,tailwind,common crawl
ashby,taktile,common crawl
ashby,talentdisruptors,common crawl
ashby,talentsafari,common crawl
ashby,talkiatry,common crawl
ashby,talos-trading,common crawl
ashby,tamarindbio,common crawl
ashby,tandem,common crawl
ashby,tandem-health,common crawl
ashby,tapcart,common crawl
ashby,taptapsend,common crawl
ashby,tavahealth,common crawl
ashby,tavily,common crawl
ashby,tavrn,common crawl
ashby,tavus,common crawl
ashby,taxforce,common crawl
ashby,tbc,common crawl
ashby,tdv,common crawl
ashby,teamalembic,common crawl
ashby,teamdynamix,common crawl
ashby,teameigen,common crawl
ashby,teamworks,common crawl
ashby,tebi,common crawl
ashby,techtorch,common crawl
ashby,tectonai,common crawl
ashby,tekion,common crawl
ashby,telli,common crawl
ashby,tellos,common crawl
ashby,telus-digital,common crawl
ashby,tem,common crawl
ashby,temper,common crawl
ashby,tempo-io,common crawl
ashby,tempo-xyz,common crawl
ashby,tenex,common crawl
ashby,tenexlabs,common crawl
ashby,tennr,common crawl
ashby,tensorwave,common crawl
ashby,tensorzero,common crawl
ashby,terac,common crawl
ashby,teragenenergy,common crawl
ashby,terminal,common crawl
ashby,tern,common crawl
ashby,ternary,common crawl
ashby,terraai,common crawl
ashby,terradot,common crawl
ashby,terrafirma,common crawl
ashby,terrafirma-inc,common crawl
ashby,terranova,companies.csv
ashby,tessera-labs,common crawl
ashby,tesslcareers,common crawl
ashby,testgorilla,common crawl
ashby,teton,common crawl
ashby,tetrix,common crawl
ashby,textla,common crawl
ashby,teya,common crawl
ashby,teza-technologies,common crawl
ashby,tgc,common crawl
ashby,thaleron,common crawl
ashby,thatgamecompany,common crawl
ashby,the%20browser%20company,companies.csv
ashby,the%20job%20sauce,common crawl
ashby,the%20zebra,common crawl
ashby,the-exploration-company,common crawl
ashby,the-global-talent-co,common crawl
ashby,the-rec-hub,common crawl
ashby,the-spire-school,common crawl
ashby,the-studio,common crawl
ashby,thebotcompany,common crawl
ashby,theflex,common crawl
ashby,thera,common crawl
ashby,thewfsgroup,common crawl
ashby,thinkingmachines,common crawl
ashby,third-space-therapy,common crawl
ashby,thirstysprout,common crawl
ashby,thndr,common crawl
ashby,thorin,common crawl
ashby,thorit,common crawl
ashby,thought-machine,common crawl
ashby,thoughtly,common crawl
ashby,thread-ai,common crawl
ashby,threataware,common crawl
ashby,thumbtack,common crawl
ashby,ticketure,common crawl
ashby,tides,common crawl
ashby,tigerdata,common crawl
ashby,tigereye,common crawl
ashby,tilderesearch,common crawl
ashby,tillo,common crawl
ashby,tilt,common crawl
ashby,tilthq,common crawl
ashby,timescale,common crawl
ashby,tinkermode,common crawl
ashby,tiny-health,common crawl
ashby,tiplink,common crawl
ashby,titan,common crawl
ashby,titan-msp,common crawl
ashby,tldraw,common crawl
ashby,tokenmetrics,common crawl
ashby,tolmo,common crawl
ashby,tonal,common crawl
ashby,tools%20for%20humanity,common crawl
ashby,top-hat,common crawl
ashby,topline-pro,common crawl
ashby,topologic,common crawl
ashby,tortus,common crawl
ashby,traba,common crawl
ashby,tracebit,common crawl
ashby,tracelabs,common crawl
ashby,tractable,common crawl
ashby,tradeify,common crawl
ashby,trading212,common crawl
ashby,trainline,common crawl
ashby,trajectory,common crawl
ashby,transfr,common crawl
ashby,traversal,common crawl
ashby,trawa,common crawl
ashby,tread,common crawl
ashby,tremendous,common crawl
ashby,trener-robotics,common crawl
ashby,tribe-ai,common crawl
ashby,triedge-investments,common crawl
ashby,triggerdev,common crawl
ashby,trilitech,common crawl
ashby,triomics,common crawl
ashby,triumph-arcade,common crawl
ashby,trm-labs,common crawl
ashby,truelogic,common crawl
ashby,trulioo,common crawl
ashby,trulioo-coopandinterns,common crawl
ashby,trunk%20tools,common crawl
ashby,trust-wallet,common crawl
ashby,trustlab,common crawl
ashby,trustly,common crawl
ashby,tryalma,common crawl
ashby,tryroam,common crawl
ashby,tryvital,common crawl
ashby,tuesday-lab,common crawl
ashby,tuesday-labs,common crawl
ashby,turion-space,companies.csv
ashby,turquoise-health,common crawl
ashby,tuza,common crawl
ashby,twelve,common crawl
ashby,twelve-labs,common crawl
ashby,twenty,common crawl
ashby,twosteptx,common crawl
ashby,tyba,common crawl
ashby,tycho-ai,common crawl
ashby,tydo,common crawl
ashby,typesafe-ai,common crawl
ashby,typescouts,common crawl
ashby,uberall,common crawl
ashby,udisc,common crawl
ashby,uhp-unlockhumanpotential,common crawl
ashby,uipath,common crawl
ashby,umbrel,common crawl
ashby,uncountable,common crawl
ashby,unicornpro,common crawl
ashby,unify,common crawl
ashby,union,common crawl
ashby,uniswap,common crawl
ashby,unit,common crawl
ashby,united-talent-agency,common crawl
ashby,uniti,common crawl
ashby,unitxlabs,common crawl
ashby,unity-advisory,common crawl
ashby,universalagi,common crawl
ashby,universe,common crawl
ashby,universe-group,common crawl
ashby,unlearn,common crawl
ashby,unlikelyai,companies.csv
ashby,unlimitedindustries,common crawl
ashby,unstructured,common crawl
ashby,unto-labs,common crawl
ashby,unwrap,common crawl
ashby,upchurch,common crawl
ashby,upcodes,common crawl
ashby,upflow,common crawl
ashby,upguard,common crawl
ashby,uplane,common crawl
ashby,upside,common crawl
ashby,upvest,common crawl
ashby,us%20health%20partners,common crawl
ashby,usebasis,common crawl
ashby,usekernel,common crawl
ashby,va4u,common crawl
ashby,vacuumgroup,common crawl
ashby,valency,common crawl
ashby,valeriehealth,common crawl
ashby,valid,common crawl
ashby,valinor,common crawl
ashby,valkai,common crawl
ashby,valon,common crawl
ashby,valstad,companies.csv
ashby,valthos,common crawl
ashby,vance,common crawl
ashby,vanilla,common crawl
ashby,vanishid,common crawl
ashby,vanta,common crawl
ashby,vantage,common crawl
ashby,vantageanalytics,common crawl
ashby,vapi,common crawl
ashby,varick-agents,common crawl
ashby,vasco,common crawl
ashby,vastai,common crawl
ashby,vector,common crawl
ashby,veda,common crawl
ashby,veeda-ai,common crawl
ashby,vega,common crawl
ashby,vellum,common crawl
ashby,vendelux,common crawl
ashby,venn,common crawl
ashby,verne%20robotics,common crawl
ashby,versemedical,common crawl
ashby,vertanical,common crawl
ashby,vertical-aerospace,common crawl
ashby,verticalsemi,common crawl
ashby,verto,common crawl
ashby,vessev,common crawl
ashby,vessl-ai,common crawl
ashby,vesta,common crawl
ashby,vetcove,common crawl
ashby,vibecode,common crawl
ashby,vibiz,common crawl
ashby,vibrant%20planet,common crawl
ashby,victorious,common crawl
ashby,vidmob,common crawl
ashby,vidrush,common crawl
ashby,viggle,common crawl
ashby,viktor,common crawl
ashby,villagesql,common crawl
ashby,vinci4d,common crawl
ashby,virahealth,common crawl
ashby,virtahealth,common crawl
ashby,virtuous,common crawl
ashby,visanahealth,common crawl
ashby,vital-lyfe,common crawl
ashby,vitalize,common crawl
ashby,vitesse,common crawl
ashby,vitvio,common crawl
ashby,vizcom,common crawl
ashby,vizzia,common crawl
ashby,vmax,common crawl
ashby,vocca,common crawl
ashby,vogel,common crawl
ashby,voize,common crawl
ashby,voldex,common crawl
ashby,voleon,common crawl
ashby,volition-capital,common crawl
ashby,volka,common crawl
ashby,volta,common crawl
ashby,voltrac,common crawl
ashby,voodoo,common crawl
ashby,vooma,common crawl
ashby,vori,common crawl
ashby,vorticity,common crawl
ashby,vorto,common crawl
ashby,vow,common crawl
ashby,voxel,common crawl
ashby,voya%20energy,common crawl
ashby,voyant-photonics,common crawl
ashby,voyfai,common crawl
ashby,vrey,common crawl
ashby,vultr,common crawl
ashby,vultron,common crawl
ashby,vvd,common crawl
ashby,vynca,common crawl
ashby,vytalize%20health,common crawl
ashby,wafer,common crawl
ashby,wagmo,common crawl
ashby,walrus,common crawl
ashby,walrusfi,common crawl
ashby,wand,common crawl
ashby,wander,common crawl
ashby,warp,common crawl
ashby,warpbuild,common crawl
ashby,warren,common crawl
ashby,watchpoint-labs,common crawl
ashby,waterplan,common crawl
ashby,watershed,common crawl
ashby,watney,common crawl
ashby,wayflyer,common crawl
ashby,wayve,common crawl
ashby,wealth-com,common crawl
ashby,wealthsimple,common crawl
ashby,wearebeyondsports,common crawl
ashby,weave,common crawl
ashby,weave-grid,common crawl
ashby,weaviate,common crawl
ashby,webai,common crawl
ashby,weekend,common crawl
ashby,welltech,common crawl
ashby,wellth,common crawl
ashby,welltheory,common crawl
ashby,wetravel,common crawl
ashby,what3words,common crawl
ashby,whatnot,common crawl
ashby,wheel,common crawl
ashby,whetstoneresearch,common crawl
ashby,whippy,common crawl
ashby,whitecircle,common crawl
ashby,whoop,common crawl
ashby,whop,common crawl
ashby,willowvoice,common crawl
ashby,wilson,common crawl
ashby,wincent,common crawl
ashby,windborne-systems,common crawl
ashby,windfall,common crawl
ashby,windmill,common crawl
ashby,windranger,common crawl
ashby,winona,common crawl
ashby,wisdom%20ai,common crawl
ashby,wisdom-ai,common crawl
ashby,wispr-flow,common crawl
ashby,wistia,common crawl
ashby,with-fulcrum,common crawl
ashby,withclutch,common crawl
ashby,withco,common crawl
ashby,withflex,common crawl
ashby,within-ai,common crawl
ashby,withpace,companies.csv
ashby,withpulley,common crawl
ashby,withwisdom,common crawl
ashby,witnessai,common crawl
ashby,woebot-health,common crawl
ashby,woflow,common crawl
ashby,wokelo-ai,common crawl
ashby,woodhouse-academy,common crawl
ashby,wordsmith,common crawl
ashby,workerbase,common crawl
ashby,workos,common crawl
ashby,workshop-hiring,common crawl
ashby,workshop-ventures,common crawl
ashby,workshoplabs,common crawl
ashby,workweave,common crawl
ashby,workwhilejobs,common crawl
ashby,workyard,common crawl
ashby,world-foundation,common crawl
ashby,worldlabs,common crawl
ashby,worldly,common crawl
ashby,worlds,common crawl
ashby,wormholelabs,common crawl
ashby,wraithwatch,common crawl
ashby,wrapbook,common crawl
ashby,writer,common crawl
ashby,wundergraph,common crawl
ashby,wursta,common crawl
ashby,wynd-labs,common crawl
ashby,x-idian,common crawl
ashby,xare,common crawl
ashby,xbowcareers,common crawl
ashby,xdof,common crawl
ashby,xds,common crawl
ashby,xephyr,common crawl
ashby,xero,common crawl
ashby,xlabs,common crawl
ashby,xmtp%20labs,common crawl
ashby,xnrgy-climate-systems,common crawl
ashby,xona-space,common crawl
ashby,yadda,common crawl
ashby,yazio,common crawl
ashby,ycombinator,common crawl
ashby,yendo,common crawl
ashby,yepoda,common crawl
ashby,ygo,common crawl
ashby,yobi,common crawl
ashby,yondr,common crawl
ashby,yotta,common crawl
ashby,youdotcom,common crawl
ashby,yourco,common crawl
ashby,yubo,common crawl
ashby,yuma,common crawl
ashby,yumaai,common crawl
ashby,yutori,common crawl
ashby,zania,common crawl
ashby,zapier,common crawl
ashby,zauber,common crawl
ashby,zeal-network,common crawl
ashby,zed,common crawl
ashby,zeely,common crawl
ashby,zefir,common crawl
ashby,zeit-ai,common crawl
ashby,zello,common crawl
ashby,zenjob,common crawl
ashby,zenos,common crawl
ashby,zero,common crawl
ashby,zettabyte-space,companies.csv
ashby,zingage,common crawl
ashby,zip,common crawl
ashby,zip%20security,common crawl
ashby,ziplines,common crawl
ashby,zippymh,common crawl
ashby,znanylekarz,common crawl
ashby,zodl,common crawl
ashby,zoe,common crawl
ashby,zuru,common crawl
ashby,zus-health,common crawl
ashby,zyphra,common crawl
greenhouse,0verwatch,common crawl
greenhouse,0x,common crawl
greenhouse,103644278,common crawl
greenhouse,1047games,common crawl
greenhouse,10alabs,common crawl
greenhouse,10beauty,common crawl
greenhouse,10up,common crawl
greenhouse,10xgenomics,common crawl
greenhouse,14technology,common crawl
greenhouse,1800contacts,common crawl
greenhouse,1800gotjunk,common crawl
greenhouse,1848ventures,common crawl
greenhouse,1906newhighs,common crawl
greenhouse,1910genetics,common crawl
greenhouse,1pyra)mid_health&care,common crawl
greenhouse,1uphealth,common crawl
greenhouse,21shares,common crawl
greenhouse,240certification,common crawl
greenhouse,2k,common crawl
greenhouse,2kearlycareers,common crawl
greenhouse,2kmadrid,common crawl
greenhouse,2u,common crawl
greenhouse,30thstreetanimalhospital,common crawl
greenhouse,350org,common crawl
greenhouse,3cloud,common crawl
greenhouse,3mgroofing,common crawl
greenhouse,3redpartners,common crawl
greenhouse,42northdental,common crawl
greenhouse,4lu44n1n37w012k,common crawl
greenhouse,4paws,common crawl
greenhouse,540,common crawl
greenhouse,550,common crawl
greenhouse,5minlab,common crawl
greenhouse,60decibelsinc,common crawl
greenhouse,66degrees,common crawl
greenhouse,67streetdental,common crawl
greenhouse,6sense,common crawl
greenhouse,777partners,common crawl
greenhouse,7shifts,common crawl
greenhouse,8451,common crawl
greenhouse,84674th44metrea9999,common crawl
greenhouse,86repairs,common crawl
greenhouse,8thlightrebuild,common crawl
greenhouse,a,common crawl
greenhouse,a1msolutions,common crawl
greenhouse,a24,common crawl
greenhouse,a3c41b8b71eff8c4,common crawl
greenhouse,aaboratoriesace,common crawl
greenhouse,aacpnw,common crawl
greenhouse,aarkiinc,common crawl
greenhouse,abacusinsights,common crawl
greenhouse,abakaai,common crawl
greenhouse,abbycare,common crawl
greenhouse,abclegalservices,common crawl
greenhouse,abinbev,common crawl
greenhouse,able,common crawl
greenhouse,ableto,common crawl
greenhouse,ably30,common crawl
greenhouse,abnormalsecurity,common crawl
greenhouse,abodo,common crawl
greenhouse,abricareinc,common crawl
greenhouse,absolutesecurityintl,common crawl
greenhouse,absurdventures,common crawl
greenhouse,acadiapharmaceuticals,common crawl
greenhouse,accantohealth858accanto858,common crawl
greenhouse,accela,common crawl
greenhouse,accelerationpartners,common crawl
greenhouse,acceleronfusion,common crawl
greenhouse,accelschools,common crawl
greenhouse,accenturefederalservices,common crawl
greenhouse,accessholdingsmanagementfirm,common crawl
greenhouse,accordion,common crawl
greenhouse,accreditedlabs,common crawl
greenhouse,accuweather,common crawl
greenhouse,acecharter,common crawl
greenhouse,acentria,common crawl
greenhouse,achievementfirstnetworksupportcareers,common crawl
greenhouse,acilearning,common crawl
greenhouse,aclu,common crawl
greenhouse,acluinternships,common crawl
greenhouse,aclunc,common crawl
greenhouse,aclunj,common crawl
greenhouse,acog,common crawl
greenhouse,acommerce,common crawl
greenhouse,acornhealth,common crawl
greenhouse,acquia,common crawl
greenhouse,acryldata,common crawl
greenhouse,acsjobs,common crawl
greenhouse,act1federal,common crawl
greenhouse,action,common crawl
greenhouse,actiumhealth,common crawl
greenhouse,activate,common crawl
greenhouse,actpowerservices,common crawl
greenhouse,acuitymd,common crawl
greenhouse,acumen,common crawl
greenhouse,ada18,common crawl
greenhouse,adamsclinical,common crawl
greenhouse,adapter,common crawl
greenhouse,adcouncil,companies.csv
greenhouse,addepar1,common crawl
greenhouse,adelphivaluesproveuk,common crawl
greenhouse,adhocteam,common crawl
greenhouse,adicettherapeuticsinc,common crawl
greenhouse,aditumbio,common crawl
greenhouse,admarketplaceinc,common crawl
greenhouse,adpractitionersllc,common crawl
greenhouse,adswerveinc,common crawl
greenhouse,advancedspace,common crawl
greenhouse,advancedtechnologyservices,common crawl
greenhouse,advocatesforchildrenofnewyork,common crawl
greenhouse,advocateslawcareers,common crawl
greenhouse,adyen,common crawl
greenhouse,aechelontechnology,common crawl
greenhouse,aegisventures,common crawl
greenhouse,aegworldwide,common crawl
greenhouse,aerospike,common crawl
greenhouse,aestudio,common crawl
greenhouse,aevexaerospace,common crawl
greenhouse,aeyeinc,common crawl
greenhouse,afcvolunteers,common crawl
greenhouse,affinidi,common crawl
greenhouse,affinipay1,common crawl
greenhouse,affinitiv,common crawl
greenhouse,affirm,common crawl
greenhouse,affirmedrxpbc,common crawl
greenhouse,afresh,common crawl
greenhouse,ag1,common crawl
greenhouse,agebold,common crawl
greenhouse,agency,common crawl
greenhouse,agencywithin,common crawl
greenhouse,agibank,common crawl
greenhouse,agibankvagasfuturas,common crawl
greenhouse,agilespaceindustries,common crawl
greenhouse,agilityrobotics,common crawl
greenhouse,agilize,common crawl
greenhouse,agoda,common crawl
greenhouse,agri-access,common crawl
greenhouse,agwestfarmcredit,common crawl
greenhouse,ahrefsjobs,common crawl
greenhouse,aidashinc,common crawl
greenhouse,aidocmedical,common crawl
greenhouse,aiedu,common crawl
greenhouse,aift,common crawl
greenhouse,aiologic,common crawl
greenhouse,aipn,common crawl
greenhouse,aippublishing,common crawl
greenhouse,air,common crawl
greenhouse,airbase,common crawl
greenhouse,airbnb,common crawl
greenhouse,airbyte,common crawl
greenhouse,aircallioinc,common crawl
greenhouse,aircapture,companies.csv
greenhouse,aircompany,common crawl
greenhouse,airia,common crawl
greenhouse,airnorth,common crawl
greenhouse,airsculpt,common crawl
greenhouse,airship,common crawl
greenhouse,airspace,common crawl
greenhouse,airtable,common crawl
greenhouse,airtrunk,common crawl
greenhouse,aiserajobs,common crawl
greenhouse,aizerhealth,common crawl
greenhouse,ajboggs,common crawl
greenhouse,akersystems,common crawl
greenhouse,akidolabs,common crawl
greenhouse,akko,common crawl
greenhouse,akuity,common crawl
greenhouse,alabamatitleloansinc,common crawl
greenhouse,alamarbiosciences,common crawl
greenhouse,alarmcom,common crawl
greenhouse,alayacare,common crawl
greenhouse,albedo,common crawl
greenhouse,alby,common crawl
greenhouse,alchemy,common crawl
greenhouse,alertmedia,common crawl
greenhouse,alethea,common crawl
greenhouse,algolia,common crawl
greenhouse,align,common crawl
greenhouse,align46,common crawl
greenhouse,alignerr,common crawl
greenhouse,alkeus,common crawl
greenhouse,alku,common crawl
greenhouse,all4seasons,common crawl
greenhouse,allarahealth,common crawl
greenhouse,allbooked,common crawl
greenhouse,allcareers,common crawl
greenhouse,allego,common crawl
greenhouse,allencontrolsystems,common crawl
greenhouse,allenintegratedsolutions,common crawl
greenhouse,allergandatalabs,common crawl
greenhouse,alliance,common crawl
greenhouse,alliancedefendingfreedom,common crawl
greenhouse,allianceus,common crawl
greenhouse,allinc,common crawl
greenhouse,alloy,common crawl
greenhouse,allworthfinancial,common crawl
greenhouse,alma,common crawl
greenhouse,aloyoga,common crawl
greenhouse,alpaca,common crawl
greenhouse,alpha9oncology,common crawl
greenhouse,alphaalternatives,common crawl
greenhouse,alphafmcroles,common crawl
greenhouse,alphagrepsecurities,common crawl
greenhouse,alphalion,common crawl
greenhouse,alphapublicschools,common crawl
greenhouse,alphasense,common crawl
greenhouse,alphasenseindia,common crawl
greenhouse,alphasightsresumedrop,common crawl
greenhouse,alphataraxia,common crawl
greenhouse,alpineinternships,common crawl
greenhouse,alt,common crawl
greenhouse,altanaai,common crawl
greenhouse,altaresourcetechnologiesinc,common crawl
greenhouse,altentechnologyusa,common crawl
greenhouse,alteradigitalhealth,common crawl
greenhouse,alteradigitalhealthcanada,common crawl
greenhouse,alteradigitalhealthindia,common crawl
greenhouse,altium,common crawl
greenhouse,altoira,common crawl
greenhouse,altoslabs,common crawl
greenhouse,altruist,common crawl
greenhouse,alu,common crawl
greenhouse,alumis,common crawl
greenhouse,alumniventures,common crawl
greenhouse,alvys,common crawl
greenhouse,alxafrica,common crawl
greenhouse,amaehealth,common crawl
greenhouse,amarok,companies.csv
greenhouse,ambercharterschools,common crawl
greenhouse,ambiencehealthcare,common crawl
greenhouse,ambiqmicroinc,common crawl
greenhouse,amca,common crawl
greenhouse,americanfloodcoalition,common crawl
greenhouse,americaninstitute,common crawl
greenhouse,americaninstitutesforresearch,common crawl
greenhouse,americanpublichealthassociation,common crawl
greenhouse,americaspromisealliance,common crawl
greenhouse,amity,common crawl
greenhouse,amn,common crawl
greenhouse,ampamericas,common crawl
greenhouse,amperesand,common crawl
greenhouse,amperity,common crawl
greenhouse,amperon,common crawl
greenhouse,amplemarket,common crawl
greenhouse,amplitude,common crawl
greenhouse,ampsortation,common crawl
greenhouse,amtechsoftware,common crawl
greenhouse,amun,common crawl
greenhouse,amwell,common crawl
greenhouse,amylyx,common crawl
greenhouse,amyrisinc,common crawl
greenhouse,anaconda,common crawl
greenhouse,anaplan,common crawl
greenhouse,anc,common crawl
greenhouse,anchanto,common crawl
greenhouse,andela,common crawl
greenhouse,andurilindustries,common crawl
greenhouse,anellophotonics,common crawl
greenhouse,anewclimate,common crawl
greenhouse,angi,common crawl
greenhouse,animalcarecenterpearisburg,common crawl
greenhouse,animalmedicalcenter,common crawl
greenhouse,aninebing,common crawl
greenhouse,ankrnetwork,common crawl
greenhouse,anodize,common crawl
greenhouse,ansabiotechnologies,common crawl
greenhouse,antenna,common crawl
greenhouse,anteriad,common crawl
greenhouse,anteristech,common crawl
greenhouse,anthropic,common crawl
greenhouse,antler,common crawl
greenhouse,antora,common crawl
greenhouse,aottechnologies,common crawl
greenhouse,apaleo,common crawl
greenhouse,apartmentiq,common crawl
greenhouse,apartmentlife,common crawl
greenhouse,aperaaiinc,companies.csv
greenhouse,apercenpartnersllc,common crawl
greenhouse,aperiasolutions,common crawl
greenhouse,aperiatechnologies,common crawl
greenhouse,apexcompanies,common crawl
greenhouse,apexit,common crawl
greenhouse,apexskincareers,common crawl
greenhouse,apiiro,common crawl
greenhouse,apiphani,common crawl
greenhouse,aplayers,common crawl
greenhouse,apogeetherapeutics,common crawl
greenhouse,apolloio,common crawl
greenhouse,apothecom,common crawl
greenhouse,apparatus,common crawl
greenhouse,appdirect,common crawl
greenhouse,appfire,common crawl
greenhouse,appian,common crawl
greenhouse,appier,common crawl
greenhouse,appliedatomicsinc,common crawl
greenhouse,appliedengineering_genapp,common crawl
greenhouse,appliedintuition,common crawl
greenhouse,applovin,common crawl
greenhouse,apply,common crawl
greenhouse,applytoaktos,common crawl
greenhouse,applytogreenspark,common crawl
greenhouse,applytopopulate,common crawl
greenhouse,appnovation,common crawl
greenhouse,appodeal,common crawl
greenhouse,appsflyer,common crawl
greenhouse,appspace,common crawl
greenhouse,appsumocareers,common crawl
greenhouse,apptronik,common crawl
greenhouse,apr,common crawl
greenhouse,april,common crawl
greenhouse,aptoslabs,common crawl
greenhouse,aqua,common crawl
greenhouse,aquanow,common crawl
greenhouse,aquaticcapitalmanagement,common crawl
greenhouse,aquia,common crawl
greenhouse,aralezbio,common crawl
greenhouse,arborenergy,common crawl
greenhouse,arcadiacareers,common crawl
greenhouse,arcadiascience,common crawl
greenhouse,arcaea,common crawl
greenhouse,arcanaanalytics,common crawl
greenhouse,arcboatcompany,common crawl
greenhouse,arcellx,common crawl
greenhouse,arcesiumllc,common crawl
greenhouse,archer56,common crawl
greenhouse,arcinstitute,common crawl
greenhouse,arco,common crawl
greenhouse,arcocanada,common crawl
greenhouse,arcodb,common crawl
greenhouse,arcoeducacao,common crawl
greenhouse,ardentmc,common crawl
greenhouse,arenabioworks,common crawl
greenhouse,arenaclub,common crawl
greenhouse,arenanet,common crawl
greenhouse,arevonenergyimpltest,common crawl
greenhouse,argmax,companies.csv
greenhouse,argo83,common crawl
greenhouse,arine,common crawl
greenhouse,arionkoder,common crawl
greenhouse,arizeai,common crawl
greenhouse,arizonaliverhealth,common crawl
greenhouse,arke,common crawl
greenhouse,arkestroinc,common crawl
greenhouse,arkoselabs,common crawl
greenhouse,arlosolutionsllc,common crawl
greenhouse,armada,common crawl
greenhouse,armamentsresearchcompany,common crawl
greenhouse,armissecurity,common crawl
greenhouse,armorcode,common crawl
greenhouse,armracolostrum,common crawl
greenhouse,array,common crawl
greenhouse,arrayeducation,common crawl
greenhouse,arspharmaceuticalsoperationsinc,common crawl
greenhouse,artefact,common crawl
greenhouse,artefactlinkedin,common crawl
greenhouse,arteriaai,common crawl
greenhouse,arvaintelligence,common crawl
greenhouse,arvinas,common crawl
greenhouse,arxroboticsgmbh,common crawl
greenhouse,asana,common crawl
greenhouse,ascellahealth,common crawl
greenhouse,ascend21,common crawl
greenhouse,ascendanalytics,common crawl
greenhouse,ascendhealthcare,common crawl
greenhouse,asg,common crawl
greenhouse,ashfieldadvisory,common crawl
greenhouse,ashfieldmedcomms,common crawl
greenhouse,aspectbiosystems,common crawl
greenhouse,aspenviewtech,common crawl
greenhouse,aspire,common crawl
greenhouse,aspiredental,common crawl
greenhouse,aspirehealthalliance,common crawl
greenhouse,assemblyai,common crawl
greenhouse,assetliving,common crawl
greenhouse,assetwatch,common crawl
greenhouse,assuredguaranty,companies.csv
greenhouse,asteraearlycareer2026,common crawl
greenhouse,asteralabs,common crawl
greenhouse,astoundcommercesb,common crawl
greenhouse,astranis,common crawl
greenhouse,astropakllc,common crawl
greenhouse,atariinc,common crawl
greenhouse,atbayjobs,common crawl
greenhouse,atek,common crawl
greenhouse,athinkingape,common crawl
greenhouse,atlanticcouncil,common crawl
greenhouse,atlassand,common crawl
greenhouse,atlasxhm,common crawl
greenhouse,atomiccartoons,common crawl
greenhouse,atomicindustriesinc,common crawl
greenhouse,atomicobject,common crawl
greenhouse,atriumcampus,common crawl
greenhouse,atropos,common crawl
greenhouse,attain,common crawl
greenhouse,attainpartners,common crawl
greenhouse,attentive,common crawl
greenhouse,atticus,common crawl
greenhouse,attivopartners,common crawl
greenhouse,attotude,common crawl
greenhouse,atwellgroup,common crawl
greenhouse,auchevalnashville,common crawl
greenhouse,auctane,common crawl
greenhouse,audaxgroup,common crawl
greenhouse,audaxprivatedebt,common crawl
greenhouse,audaxprivateequity,common crawl
greenhouse,audibenehearcom,common crawl
greenhouse,audibeverlyhills,common crawl
greenhouse,augmentcomputing,common crawl
greenhouse,augury,common crawl
greenhouse,aura798,common crawl
greenhouse,aurorainnovation,common crawl
greenhouse,aurorasustainablelands,common crawl
greenhouse,aurosglobal,common crawl
greenhouse,australianenergymarketoperator,common crawl
greenhouse,authenticbrandsgroup,common crawl
greenhouse,authenticx,common crawl
greenhouse,autods,common crawl
greenhouse,automatainc,common crawl
greenhouse,automatticcareers,common crawl
greenhouse,automox,common crawl
greenhouse,autoproff,common crawl
greenhouse,autoscout24,common crawl
greenhouse,autotradercanada,common crawl
greenhouse,avalabs,common crawl
greenhouse,avalabsecosystem,common crawl
greenhouse,avantium,common crawl
greenhouse,avea,common crawl
greenhouse,avebykormancommunities,common crawl
greenhouse,avela,common crawl
greenhouse,avepoint,common crawl
greenhouse,aviary,common crawl
greenhouse,aviationinstituteofmaintenance,common crawl
greenhouse,aviatrix,common crawl
greenhouse,avidxchangeinc,common crawl
greenhouse,avimedical,common crawl
greenhouse,avride,common crawl
greenhouse,awardco,common crawl
greenhouse,away,common crawl
greenhouse,awin,common crawl
greenhouse,axicorpfinancialservicesptyltd,common crawl
greenhouse,axiomaticai,companies.csv
greenhouse,axiomtalentplatform,common crawl
greenhouse,axios,common crawl
greenhouse,axle,common crawl
greenhouse,axon,common crawl
greenhouse,axonag,common crawl
greenhouse,axonius,common crawl
greenhouse,axontalentcommunity,common crawl
greenhouse,axq,companies.csv
greenhouse,axs,common crawl
greenhouse,axsometherapeutics,common crawl
greenhouse,axuall,common crawl
greenhouse,aypapower,common crawl
greenhouse,azragames,common crawl
greenhouse,aztecgroup,common crawl
greenhouse,azumo,common crawl
greenhouse,azuritypharmaceuticals,common crawl
greenhouse,azuritypharmaceuticalsindia,common crawl
greenhouse,b12,common crawl
greenhouse,b2c2,common crawl
greenhouse,babelstreet,common crawl
greenhouse,babylist,common crawl
greenhouse,backblaze,common crawl
greenhouse,baidu,common crawl
greenhouse,bamboohr,common crawl
greenhouse,bamboohr17,common crawl
greenhouse,bamfam,common crawl
greenhouse,bancopan,common crawl
greenhouse,bandwidth,common crawl
greenhouse,banyaninfrastructure,common crawl
greenhouse,banyansoftware,common crawl
greenhouse,banza,common crawl
greenhouse,barbarian,common crawl
greenhouse,barbaricum,common crawl
greenhouse,barich,common crawl
greenhouse,bark,common crawl
greenhouse,barkley,common crawl
greenhouse,barkleyokrp,common crawl
greenhouse,bathworksmichigan,common crawl
greenhouse,baton,common crawl
greenhouse,baubap,common crawl
greenhouse,baublebar,common crawl
greenhouse,bauerhockeycascademaveriklacrosse,common crawl
greenhouse,bayada,common crawl
greenhouse,bbyo,common crawl
greenhouse,bccnihlh,common crawl
greenhouse,bcp,common crawl
greenhouse,bdainc,common crawl
greenhouse,beaconbiosignals,common crawl
greenhouse,beaconplatform,common crawl
greenhouse,beaconsoftware,common crawl
greenhouse,beam,common crawl
greenhouse,beamhealthcare,common crawl
greenhouse,beamrail,common crawl
greenhouse,beamtherapeutics,common crawl
greenhouse,beamup,common crawl
greenhouse,beauhurst,common crawl
greenhouse,beautifulai,common crawl
greenhouse,bedrockrobotics,common crawl
greenhouse,bees,common crawl
greenhouse,befitphysicaltherapy,common crawl
greenhouse,behavox,common crawl
greenhouse,bellbros,common crawl
greenhouse,bellroy,common crawl
greenhouse,belltowerfundgroup,common crawl
greenhouse,benchling,common crawl
greenhouse,benchprep,common crawl
greenhouse,bennie,common crawl
greenhouse,berkadia,common crawl
greenhouse,berkshiregroupllc,common crawl
greenhouse,berlinbrands,common crawl
greenhouse,berlinrosen,common crawl
greenhouse,bertkeasp,common crawl
greenhouse,besfellowship,common crawl
greenhouse,bessemerventurepartners,common crawl
greenhouse,bestpass,common crawl
greenhouse,betatechnologiesinc,common crawl
greenhouse,betaworkscareers,common crawl
greenhouse,bethesdahealthgroup,common crawl
greenhouse,betsson,common crawl
greenhouse,betterhelp,common crawl
greenhouse,betterhelpcom,common crawl
greenhouse,betterup,common crawl
greenhouse,bettinghero,common crawl
greenhouse,bettyjobboard,common crawl
greenhouse,bevicareers,common crawl
greenhouse,beyondfinance,common crawl
greenhouse,beyondtrust,common crawl
greenhouse,bfiprep,common crawl
greenhouse,bgbx,common crawl
greenhouse,bhub,common crawl
greenhouse,bigid,common crawl
greenhouse,billcom,common crawl
greenhouse,billiontoone,common crawl
greenhouse,biograph,common crawl
greenhouse,biographprivate,common crawl
greenhouse,biohub,common crawl
greenhouse,biolumina,common crawl
greenhouse,biomechanicsconsultingandresearchllc,common crawl
greenhouse,biomedrealty,common crawl
greenhouse,bioptimus8,common crawl
greenhouse,biosphere,common crawl
greenhouse,bird,common crawl
greenhouse,birgo,common crawl
greenhouse,bitcoindepot,common crawl
greenhouse,bitfarms,common crawl
greenhouse,bitgo,common crawl
greenhouse,bitkraft,common crawl
greenhouse,bitmex,common crawl
greenhouse,bitmovin,common crawl
greenhouse,bitpanda,common crawl
greenhouse,bitreactor,common crawl
greenhouse,bitso,common crawl
greenhouse,bittrex,common crawl
greenhouse,bitwarden,common crawl
greenhouse,blackbird,common crawl
greenhouse,blackbirdhealth,common crawl
greenhouse,blackcanyonconsulting,common crawl
greenhouse,blackduck,common crawl
greenhouse,blackedgecapital,common crawl
greenhouse,blackforestlabs,common crawl
greenhouse,blacklane,common crawl
greenhouse,blacksky,common crawl
greenhouse,blackswan,common crawl
greenhouse,blackthorn,common crawl
greenhouse,blankstreet,common crawl
greenhouse,blend,common crawl
greenhouse,blenheimchalcot,common crawl
greenhouse,blenheimchalcotindia,common crawl
greenhouse,blinkhealth,common crawl
greenhouse,blip-global,common crawl
greenhouse,blockchain,common crawl
greenhouse,blockdaemon,common crawl
greenhouse,blockfi,common crawl
greenhouse,blockstream,common crawl
greenhouse,bloombergassociates,common crawl
greenhouse,bloombergdotorg,companies.csv
greenhouse,bloomerang,common crawl
greenhouse,bloomreach,common crawl
greenhouse,bluebeam,common crawl
greenhouse,bluecherry,common crawl
greenhouse,blueconic,common crawl
greenhouse,bluecrestcapitalmanagement,common crawl
greenhouse,bluecubeservices,common crawl
greenhouse,bluecurrent,common crawl
greenhouse,bluefishai,common crawl
greenhouse,bluelabsanalyticsinc,common crawl
greenhouse,bluemoonmetals,common crawl
greenhouse,blueprinttestprep,common crawl
greenhouse,blueroseresearch,common crawl
greenhouse,blueskies,common crawl
greenhouse,blueskyinnovators,companies.csv
greenhouse,blueskytelepsych,common crawl
greenhouse,bluestaq,companies.csv
greenhouse,bluestone,common crawl
greenhouse,bluestone-provider,common crawl
greenhouse,bluevineindia,common crawl
greenhouse,bluevineus,common crawl
greenhouse,bluewaterthinking,common crawl
greenhouse,blytheco,common crawl
greenhouse,bobbie,common crawl
greenhouse,bobtail,common crawl
greenhouse,boingo,common crawl
greenhouse,boldbusiness,common crawl
greenhouse,boldin,common crawl
greenhouse,boldmetrics,common crawl
greenhouse,bolt42,common crawl
greenhouse,bombas,common crawl
greenhouse,bondvet,common crawl
greenhouse,bonfirestudiosinc,common crawl
greenhouse,boomentertainment,common crawl
greenhouse,boomsupersonic,common crawl
greenhouse,bosapropertiesinc,common crawl
greenhouse,botauto,common crawl
greenhouse,bottomlinetechnologies,common crawl
greenhouse,bouldercare,common crawl
greenhouse,boulevard,common crawl
greenhouse,boxinc,common crawl
greenhouse,bpcs,common crawl
greenhouse,bracebridgecapital,companies.csv
greenhouse,braeburn,common crawl
greenhouse,braineffectjobs,common crawl
greenhouse,brainpop,common crawl
greenhouse,brainstation,common crawl
greenhouse,braintrust,common crawl
greenhouse,branch,common crawl
greenhouse,branchmetrics,common crawl
greenhouse,brandtechplus,common crawl
greenhouse,brandwatch,common crawl
greenhouse,brave,common crawl
greenhouse,braveheartbio,common crawl
greenhouse,braze,common crawl
greenhouse,breakthroughenergy38,common crawl
greenhouse,breezeairways,common crawl
greenhouse,breezecash,common crawl
greenhouse,breezeway,common crawl
greenhouse,brevium,common crawl
greenhouse,brewer-veterinary-clinic,common crawl
greenhouse,brex,common crawl
greenhouse,bridgebio,common crawl
greenhouse,bridgewater89,common crawl
greenhouse,brigadehealth,common crawl
greenhouse,brightai,common crawl
greenhouse,brightcoreenergy,common crawl
greenhouse,brightcove,common crawl
greenhouse,brightflag,common crawl
greenhouse,brighthealthgroup,common crawl
greenhouse,brillapubliccharterschools,common crawl
greenhouse,bringg,common crawl
greenhouse,brinqa,common crawl
greenhouse,britive,common crawl
greenhouse,brkz,common crawl
greenhouse,broadsign,common crawl
greenhouse,broadwayventures,common crawl
greenhouse,brookecharterschools,common crawl
greenhouse,brookfieldproperties,common crawl
greenhouse,brooklinen,common crawl
greenhouse,brph,common crawl
greenhouse,brunswickgroup,common crawl
greenhouse,bruntworkwear,common crawl
greenhouse,bsr,common crawl
greenhouse,bswift,common crawl
greenhouse,bswiftindia,common crawl
greenhouse,btgpactualestagioferias,common crawl
greenhouse,btgpactualuruguay,common crawl
greenhouse,bti36021,companies.csv
greenhouse,btig27,common crawl
greenhouse,bubbleskincare,common crawl
greenhouse,buckcreekvet,common crawl
greenhouse,bugcrowd,common crawl
greenhouse,buildbook,common crawl
greenhouse,builder,common crawl
greenhouse,buildingdecarbonizationcoalition,common crawl
greenhouse,buildkite,common crawl
greenhouse,buildops,common crawl
greenhouse,buncha,common crawl
greenhouse,bungie,common crawl
greenhouse,burgessniple,common crawl
greenhouse,bursonglobalcareers,common crawl
greenhouse,businessolverinvitationonly,companies.csv
greenhouse,butlr,common crawl
greenhouse,butternutbox,common crawl
greenhouse,buyersedgeplatformrecruiting,common crawl
greenhouse,buynomics,common crawl
greenhouse,buzzfeed,common crawl
greenhouse,buzzsolutions,common crawl
greenhouse,bvnk,common crawl
greenhouse,byheart,common crawl
greenhouse,c3el,common crawl
greenhouse,c3iot,common crawl
greenhouse,c5miinsightllc,common crawl
greenhouse,c6bank,common crawl
greenhouse,cabify,common crawl
greenhouse,cabrillohospice,common crawl
greenhouse,cadencehealth,common crawl
greenhouse,cadencesolutions,common crawl
greenhouse,cadrehospice,common crawl
greenhouse,cafortune,common crawl
greenhouse,cais,common crawl
greenhouse,cakeai,common crawl
greenhouse,cakedefi,common crawl
greenhouse,calahealth,common crawl
greenhouse,calalumniassociation,common crawl
greenhouse,calendly,common crawl
greenhouse,calibratecareers,common crawl
greenhouse,californiapsychics,common crawl
greenhouse,callibrity,common crawl
greenhouse,callrail,common crawl
greenhouse,calm,common crawl
greenhouse,calyxo,common crawl
greenhouse,cambiareducation,common crawl
greenhouse,camp,common crawl
greenhouse,campbellcovington,common crawl
greenhouse,campfieldtherapeuticsinc,common crawl
greenhouse,campminder,common crawl
greenhouse,campusopportunities,common crawl
greenhouse,cancostileandstone,common crawl
greenhouse,candid,common crawl
greenhouse,candidaturasdirecionadasxpinc,common crawl
greenhouse,candidly,common crawl
greenhouse,candy,common crawl
greenhouse,cannabisandglass,common crawl
greenhouse,cannondesign,common crawl
greenhouse,canonical,common crawl
greenhouse,canonicaljobs,common crawl
greenhouse,canopycare,common crawl
greenhouse,canopyconnect,common crawl
greenhouse,canopytax,common crawl
greenhouse,canopyworks,common crawl
greenhouse,capco,common crawl
greenhouse,capellaspace,common crawl
greenhouse,capintel,common crawl
greenhouse,capitalize,common crawl
greenhouse,capitalontap,common crawl
greenhouse,capitalrx,common crawl
greenhouse,capitaltg,common crawl
greenhouse,capitolis,common crawl
greenhouse,capstoneintegratedsolutions,common crawl
greenhouse,capstoneinvestmentadvisors,common crawl
greenhouse,captify,common crawl
greenhouse,captivation,common crawl
greenhouse,carbon,common crawl
greenhouse,carbonchain,common crawl
greenhouse,carbondirect,common crawl
greenhouse,carbonfuture,common crawl
greenhouse,cardata,common crawl
greenhouse,cardflight,common crawl
greenhouse,cardinalpoint,common crawl
greenhouse,cardioone,common crawl
greenhouse,cardlytics,common crawl
greenhouse,careaccess,common crawl
greenhouse,careem,common crawl
greenhouse,careersatpeakenergy,common crawl
greenhouse,careerteam,common crawl
greenhouse,carefeed,common crawl
greenhouse,careportalinc,common crawl
greenhouse,caretalkhealth,common crawl
greenhouse,carewell,common crawl
greenhouse,cargomatic,common crawl
greenhouse,carmichaellynch,common crawl
greenhouse,carolinapaydayloansinc,common crawl
greenhouse,carolinatitleloansinc,common crawl
greenhouse,carrotfertility,common crawl
greenhouse,carta,common crawl
greenhouse,cartahealthcare,common crawl
greenhouse,cartesiansystems,companies.csv
greenhouse,cartwheelcare,common crawl
greenhouse,cascadeloans,common crawl
greenhouse,caseguard,common crawl
greenhouse,cashcowlouisiana,common crawl
greenhouse,casper,common crawl
greenhouse,casperretail,common crawl
greenhouse,castlebrook,common crawl
greenhouse,catapultsports,common crawl
greenhouse,catawiki,common crawl
greenhouse,catchcreationllc,common crawl
greenhouse,catdaddy,common crawl
greenhouse,cayabacare,common crawl
greenhouse,caylent,common crawl
greenhouse,cayuse,common crawl
greenhouse,cbemllc,common crawl
greenhouse,cbinsights,common crawl
greenhouse,cbreferral,common crawl
greenhouse,cc,common crawl
greenhouse,ccah,common crawl
greenhouse,cclfg,common crawl
greenhouse,cclim,common crawl
greenhouse,ccof,common crawl
greenhouse,ccpublicboard,common crawl
greenhouse,cedarsolutionsgroup,common crawl
greenhouse,celeatherapeutics,common crawl
greenhouse,celestialai,common crawl
greenhouse,celigo,common crawl
greenhouse,cellanome,common crawl
greenhouse,cellarity,common crawl
greenhouse,cellsignalingtechnology79,common crawl
greenhouse,celofoundation,common crawl
greenhouse,celonis,common crawl
greenhouse,cemd,common crawl
greenhouse,censys,common crawl
greenhouse,centerforartificialintelligencesafetyinc,common crawl
greenhouse,centerforstrategicandinternationalstudiesinc,common crawl
greenhouse,centessapharmaceuticalsinc,common crawl
greenhouse,centralreach,common crawl
greenhouse,centriaautism,common crawl
greenhouse,centriahealthcare,common crawl
greenhouse,centrumhealth,common crawl
greenhouse,centurycommunitiesinc,common crawl
greenhouse,cerebral,common crawl
greenhouse,cerebrassystems,common crawl
greenhouse,ceribell,common crawl
greenhouse,certifiedgroup,common crawl
greenhouse,chainalysis,common crawl
greenhouse,chaincodelabs,common crawl
greenhouse,chainguard,common crawl
greenhouse,chainsafesystems,common crawl
greenhouse,chalkinc,common crawl
greenhouse,championsgroupholdings,common crawl
greenhouse,changeorg58,common crawl
greenhouse,chanzuckerbergbiohub,common crawl
greenhouse,chanzuckerberginitiative,common crawl
greenhouse,chaosindustries,common crawl
greenhouse,chaparralmedicalgroup,common crawl
greenhouse,chariotdefense,common crawl
greenhouse,charlesandlynnshustermanfamilyfoundation,common crawl
greenhouse,charlesriverassociates,common crawl
greenhouse,charliehealth,common crawl
greenhouse,chartbeatinc,common crawl
greenhouse,charterup,common crawl
greenhouse,chathamfinancial,common crawl
greenhouse,check,common crawl
greenhouse,checkbook,common crawl
greenhouse,checkr,common crawl
greenhouse,cheddar,common crawl
greenhouse,chegg,common crawl
greenhouse,chenmoore,common crawl
greenhouse,chess-at-three-sg,common crawl
greenhouse,chestercommunitycharterschool,common crawl
greenhouse,chicagotrading,common crawl
greenhouse,chicagotradingcampus,common crawl
greenhouse,chile,common crawl
greenhouse,chilipiper,common crawl
greenhouse,chime,common crawl
greenhouse,chompscareers,common crawl
greenhouse,choosebettercare,common crawl
greenhouse,chorusinnovations,common crawl
greenhouse,chowbus,common crawl
greenhouse,chronograph,common crawl
greenhouse,ciazumano,common crawl
greenhouse,ciq,common crawl
greenhouse,circle,common crawl
greenhouse,circleso,common crawl
greenhouse,cityoffortworth,common crawl
greenhouse,citytherapeutics,common crawl
greenhouse,civisanalytics,common crawl
greenhouse,civitaslearning,common crawl
greenhouse,clara,common crawl
greenhouse,clarifai,common crawl
greenhouse,clarishealth62,common crawl
greenhouse,clariticloudinc,common crawl
greenhouse,clarityclinic,common crawl
greenhouse,clarityinnovates,companies.csv
greenhouse,clark71,common crawl
greenhouse,claros,common crawl
greenhouse,classdojo,common crawl
greenhouse,classpass,common crawl
greenhouse,cleancroptech,common crawl
greenhouse,clear,common crawl
greenhouse,clearcover,common crawl
greenhouse,clearfield,common crawl
greenhouse,clearmatics,common crawl
greenhouse,clearstreet,common crawl
greenhouse,clearviewhealthcarepartners,common crawl
greenhouse,clearwayjobs,common crawl
greenhouse,clenera,common crawl
greenhouse,cleoai,common crawl
greenhouse,clerkchat,common crawl
greenhouse,clevelandartssocialsciencesacademy,common crawl
greenhouse,clevelandindiansbops,common crawl
greenhouse,clevr,common crawl
greenhouse,clickhouse,common crawl
greenhouse,clickstop,common crawl
greenhouse,climatecabinet,common crawl
greenhouse,climatefirstbank,common crawl
greenhouse,climatex,common crawl
greenhouse,clinchoice,common crawl
greenhouse,clipboard,common crawl
greenhouse,clipboardhealth,common crawl
greenhouse,clockworksystems,common crawl
greenhouse,cloud9,common crawl
greenhouse,cloudbeds,common crawl
greenhouse,cloudbees,common crawl
greenhouse,cloudchamberen,common crawl
greenhouse,cloudflare,common crawl
greenhouse,cloudsek,common crawl
greenhouse,cloverhealth,common crawl
greenhouse,cloverly,common crawl
greenhouse,clubcolors,common crawl
greenhouse,clubmonaco,common crawl
greenhouse,clutch,common crawl
greenhouse,clydegroup,common crawl
greenhouse,cmc,common crawl
greenhouse,cmt,companies.csv
greenhouse,coactivesystems,common crawl
greenhouse,coalition,common crawl
greenhouse,coast,common crawl
greenhouse,coastenergy,common crawl
greenhouse,cobaltio,common crawl
greenhouse,cobaltservicepartners,common crawl
greenhouse,cobblestoneenergy1,common crawl
greenhouse,cobblestoneenergy4,common crawl
greenhouse,cobre,common crawl
greenhouse,cockroachlabs,common crawl
greenhouse,coconutsoftware,common crawl
greenhouse,cocoon,common crawl
greenhouse,coda,common crawl
greenhouse,code3,common crawl
greenhouse,codeforamerica,common crawl
greenhouse,codeforsciencesociety,common crawl
greenhouse,codeorg,common crawl
greenhouse,codepath,common crawl
greenhouse,coderoad,common crawl
greenhouse,codesignal,common crawl
greenhouse,codeword,common crawl
greenhouse,codex,common crawl
greenhouse,coefficient,common crawl
greenhouse,cofertility,common crawl
greenhouse,cogentbiosciences,common crawl
greenhouse,cognism,common crawl
greenhouse,cognite,common crawl
greenhouse,cognitiv,common crawl
greenhouse,cognitotherapeutics,common crawl
greenhouse,cogstateinc,common crawl
greenhouse,coherehealth,common crawl
greenhouse,coherentsolutions,common crawl
greenhouse,coherusbiosciences,common crawl
greenhouse,coinbase,common crawl
greenhouse,coindesk,common crawl
greenhouse,coinme,common crawl
greenhouse,coinmetrics,common crawl
greenhouse,colabsoftware,common crawl
greenhouse,collahealth,common crawl
greenhouse,collectively,common crawl
greenhouse,collectiveretreats,common crawl
greenhouse,collectorsuniverse,common crawl
greenhouse,collegeforsocialinnovation,common crawl
greenhouse,collegetrack,common crawl
greenhouse,collegiumpharma,common crawl
greenhouse,collibra,common crawl
greenhouse,colovore,common crawl
greenhouse,comet,common crawl
greenhouse,comfrt,common crawl
greenhouse,commerceiq,common crawl
greenhouse,commercetools,common crawl
greenhouse,communitychange,common crawl
greenhouse,commvault,common crawl
greenhouse,companycam,common crawl
greenhouse,comparaja,common crawl
greenhouse,compeerfinancial,common crawl
greenhouse,compliancemanagementinternational,common crawl
greenhouse,complyadvantage,common crawl
greenhouse,comptechcomputertechnologies,common crawl
greenhouse,comstock,common crawl
greenhouse,concentric,common crawl
greenhouse,concerthealth,common crawl
greenhouse,conductor,common crawl
greenhouse,conga,common crawl
greenhouse,connectder,common crawl
greenhouse,connecteam,common crawl
greenhouse,connectedcannabis,common crawl
greenhouse,connectedcannabisco,common crawl
greenhouse,connectionshealthsolutions,common crawl
greenhouse,connectwise,common crawl
greenhouse,connerstrongbuckelew,companies.csv
greenhouse,connexure,common crawl
greenhouse,constantcontact,common crawl
greenhouse,constellationsoftwareinc,common crawl
greenhouse,constructionresources,common crawl
greenhouse,consumeredge,common crawl
greenhouse,consumerreports,common crawl
greenhouse,contentful,common crawl
greenhouse,convelocareers,common crawl
greenhouse,convene,common crawl
greenhouse,convenientmd,common crawl
greenhouse,conviva,common crawl
greenhouse,cooksys,common crawl
greenhouse,cookunity,common crawl
greenhouse,copperco,common crawl
greenhouse,copperhome,common crawl
greenhouse,corasps,common crawl
greenhouse,corcepttherapeutics,common crawl
greenhouse,cordance,common crawl
greenhouse,cordial81,common crawl
greenhouse,corelight,common crawl
greenhouse,coreone,common crawl
greenhouse,corescientific,common crawl
greenhouse,coretelligent,common crawl
greenhouse,coretrustpurchasinggroupllc,common crawl
greenhouse,correlationone,common crawl
greenhouse,cortex,common crawl
greenhouse,cortexbuildingintelligence,common crawl
greenhouse,cortica,common crawl
greenhouse,cortland,common crawl
greenhouse,corviascorporateservicesllc,common crawl
greenhouse,cosmoslabs,common crawl
greenhouse,costar,common crawl
greenhouse,cotevegas,common crawl
greenhouse,cottinghambutlerinsuranceservicesinc,common crawl
greenhouse,cottonwoodresidential,common crawl
greenhouse,cotullaeducation,common crawl
greenhouse,couchbaseinc,common crawl
greenhouse,counterpart,common crawl
greenhouse,counterparthealth,common crawl
greenhouse,coupang,common crawl
greenhouse,courierhealth,common crawl
greenhouse,couriernewsroom,common crawl
greenhouse,coursehero,common crawl
greenhouse,coursemojo,common crawl
greenhouse,coursera,common crawl
greenhouse,covant,common crawl
greenhouse,covar,common crawl
greenhouse,cowbellcyber,common crawl
greenhouse,cowswap,common crawl
greenhouse,cpgroup,common crawl
greenhouse,cpisecurity,common crawl
greenhouse,cpm,common crawl
greenhouse,cppreparatoryschool,common crawl
greenhouse,crabi,common crawl
greenhouse,craevents,common crawl
greenhouse,cranialtechnologies,common crawl
greenhouse,creativefabrica,common crawl
greenhouse,creativex,common crawl
greenhouse,creatordao,common crawl
greenhouse,creatorland,common crawl
greenhouse,credible,common crawl
greenhouse,creditas,common crawl
greenhouse,creditkarma,common crawl
greenhouse,creditunionofcolorado,common crawl
greenhouse,crescolabs,common crawl
greenhouse,cresta,common crawl
greenhouse,crestwoodcareers,common crawl
greenhouse,crestwoodziprecruiterjobs,common crawl
greenhouse,crexi,common crawl
greenhouse,crfamilyofcompanies,common crawl
greenhouse,cribl,common crawl
greenhouse,crigroup,common crawl
greenhouse,crisprecruit,common crawl
greenhouse,criticalideas,common crawl
greenhouse,criticalinnovations,common crawl
greenhouse,criticalmass,common crawl
greenhouse,criticalmassgroup,common crawl
greenhouse,crowdpharm,common crawl
greenhouse,cruise,common crawl
greenhouse,crunchyroll,common crawl
greenhouse,crystaldynamics,common crawl
greenhouse,csciconsulting,common crawl
greenhouse,csgconsultants,common crawl
greenhouse,csgconsultantsbuilding-inspector-i-2,common crawl
greenhouse,csglinkedinindeed,common crawl
greenhouse,css,common crawl
greenhouse,cssmerge,common crawl
greenhouse,csw,common crawl
greenhouse,ctccampusboard,common crawl
greenhouse,culinahealth,common crawl
greenhouse,culthealth,common crawl
greenhouse,cultureamp,common crawl
greenhouse,curaleaf,common crawl
greenhouse,curative,common crawl
greenhouse,curiholdingsinc,common crawl
greenhouse,current,common crawl
greenhouse,current81,common crawl
greenhouse,currentglobal,common crawl
greenhouse,customcomputerspecialists,common crawl
greenhouse,customerio,common crawl
greenhouse,cuyana,common crawl
greenhouse,cvx,common crawl
greenhouse,cyluscybersecurity,common crawl
greenhouse,cymulate,common crawl
greenhouse,cypressio,common crawl
greenhouse,cytokinetics,common crawl
greenhouse,cyware,common crawl
greenhouse,czimaginginstitute,common crawl
greenhouse,d3,common crawl
greenhouse,daiyafoodsinc,common crawl
greenhouse,darkhorseemergency,common crawl
greenhouse,darktracelimited,common crawl
greenhouse,darkwolfsolutions,common crawl
greenhouse,dashlane,common crawl
greenhouse,databento,common crawl
greenhouse,databricks,common crawl
greenhouse,datacamp,common crawl
greenhouse,datacor,common crawl
greenhouse,datadog,common crawl
greenhouse,datagrail,common crawl
greenhouse,dataiku,common crawl
greenhouse,dataikujobs,common crawl
greenhouse,datakindinc,common crawl
greenhouse,datamilk,common crawl
greenhouse,datarails,common crawl
greenhouse,datasocietyresearchinstitute,common crawl
greenhouse,datavant2,common crawl
greenhouse,davidzwirnergallery,common crawl
greenhouse,day1academies,common crawl
greenhouse,daybreakhealth,common crawl
greenhouse,daylight,common crawl
greenhouse,daylightsecurity,common crawl
greenhouse,daymarkhealth,common crawl
greenhouse,dbeconorthamerica,common crawl
greenhouse,dbtlabsinc,common crawl
greenhouse,dcard,common crawl
greenhouse,ddbhealth,common crawl
greenhouse,ddome,common crawl
greenhouse,dealerinspire,common crawl
greenhouse,dealpath,common crawl
greenhouse,deardoc,common crawl
greenhouse,debtbook,common crawl
greenhouse,debutbiotech25,common crawl
greenhouse,decathlontechnology,common crawl
greenhouse,decibelfoundation,common crawl
greenhouse,decimainternational,common crawl
greenhouse,deepintent,common crawl
greenhouse,deeplocal,common crawl
greenhouse,deepmind,common crawl
greenhouse,defcon,common crawl
greenhouse,defenseunicorns,common crawl
greenhouse,definian,common crawl
greenhouse,definitivehc,common crawl
greenhouse,definiumtherapeutics,common crawl
greenhouse,degreed,common crawl
greenhouse,delawaretitleloansinc,common crawl
greenhouse,delfina,common crawl
greenhouse,deliveryassociates,common crawl
greenhouse,deltadentalofnewjerseyinc,common crawl
greenhouse,demandbase,common crawl
greenhouse,democracydefendersaction,common crawl
greenhouse,democracyforward,common crawl
greenhouse,democracypreppublicschools,common crawl
greenhouse,densityai,common crawl
greenhouse,dental365,common crawl
greenhouse,depop,common crawl
greenhouse,dept,common crawl
greenhouse,dermbiont,common crawl
greenhouse,descope,common crawl
greenhouse,descript,common crawl
greenhouse,designbridge,common crawl
greenhouse,designedconveyorsystems,common crawl
greenhouse,designitnorthamerica,common crawl
greenhouse,desktopmetal,common crawl
greenhouse,detect94,common crawl
greenhouse,detroitlions,common crawl
greenhouse,developmentseed,common crawl
greenhouse,devrev,common crawl
greenhouse,devries,common crawl
greenhouse,devtechnology,common crawl
greenhouse,dexory,common crawl
greenhouse,dfinity,common crawl
greenhouse,dfo,common crawl
greenhouse,dhpace,common crawl
greenhouse,dialpad,common crawl
greenhouse,dianahealth94,common crawl
greenhouse,dianthustherapeutics,common crawl
greenhouse,dice,common crawl
greenhouse,dicefm-careers,common crawl
greenhouse,didi,companies.csv
greenhouse,digicert,common crawl
greenhouse,digimarc,common crawl
greenhouse,diginnother,common crawl
greenhouse,digitalassetcorp,common crawl
greenhouse,digitalbridge,common crawl
greenhouse,digitalcurrencygroup,common crawl
greenhouse,digitalextremes,common crawl
greenhouse,digitalocean98,common crawl
greenhouse,digitaloceancitesremotes,common crawl
greenhouse,digitalonus,common crawl
greenhouse,digs,companies.csv
greenhouse,diligentcorporation,common crawl
greenhouse,diligentrobotics,common crawl
greenhouse,diracinc,common crawl
greenhouse,discmedicine,common crawl
greenhouse,disco,common crawl
greenhouse,discord,common crawl
greenhouse,dispatchbio,common crawl
greenhouse,distantjob,common crawl
greenhouse,distrokid,common crawl
greenhouse,dittoliveincorporated,common crawl
greenhouse,divcowest,common crawl
greenhouse,divergent,common crawl
greenhouse,dkatalislabs,common crawl
greenhouse,dkbcodefactory,common crawl
greenhouse,dlhcorporation,common crawl
greenhouse,dlrgroup,common crawl
greenhouse,dmcengineering2024,common crawl
greenhouse,dmgevents,common crawl
greenhouse,dmsi,common crawl
greenhouse,dna,common crawl
greenhouse,docnetwork,common crawl
greenhouse,doctolib,common crawl
greenhouse,docugami,companies.csv
greenhouse,doitintl,common crawl
greenhouse,doma,common crawl
greenhouse,donorschoose,common crawl
greenhouse,doordash,common crawl
greenhouse,doordashusa,companies.csv
greenhouse,dorsia,companies.csv
greenhouse,doublegood,companies.csv
greenhouse,doubleverify,companies.csv
greenhouse,doximity,companies.csv
greenhouse,dragonflycapital,common crawl
greenhouse,dragos,common crawl
greenhouse,drivewealth,common crawl
greenhouse,dropbox,companies.csv
greenhouse,dropzoneai,common crawl
greenhouse,drsquatch,common crawl
greenhouse,drweng,common crawl
greenhouse,duettoresearch,common crawl
greenhouse,duolingo,common crawl
greenhouse,duolingounirecruitment,history_companies.csv
greenhouse,duos,common crawl
greenhouse,duplicati,common crawl
greenhouse,dvorakllc,common crawl
greenhouse,dvtrading,companies.csv
greenhouse,dydx,common crawl
greenhouse,dynetherapeutics,common crawl
greenhouse,dynotherapeutics,common crawl
greenhouse,e2openllc,common crawl
greenhouse,earnin,common crawl
greenhouse,easyship,common crawl
greenhouse,echodynecorp,common crawl
greenhouse,eclinicalsolutions,common crawl
greenhouse,econetwork,common crawl
greenhouse,edgeandnode,common crawl
greenhouse,edmentum,companies.csv
greenhouse,edx,common crawl
greenhouse,efficientcomputer,companies.csv
greenhouse,efuse,common crawl
greenhouse,eh2,common crawl
greenhouse,eightfoldai,common crawl
greenhouse,eikontherapeutics,companies.csv
greenhouse,elationhealth,common crawl
greenhouse,eleanorhealth,common crawl
greenhouse,elementalexcelerator,common crawl
greenhouse,elementbiosciences,common crawl
greenhouse,eleoshealth,common crawl
greenhouse,elevatebio,common crawl
greenhouse,emergentlabsinc,companies.csv
greenhouse,empower,common crawl
greenhouse,enboarder,common crawl
greenhouse,enchargeai36,common crawl
greenhouse,endorlabs,common crawl
greenhouse,energicorelimited,common crawl
greenhouse,energyhub,common crawl
greenhouse,energysolutions,common crawl
greenhouse,engineeringatgigs,common crawl
greenhouse,enigmaio,common crawl
greenhouse,enova,common crawl
greenhouse,ensono,common crawl
greenhouse,enumerate,common crawl
greenhouse,enveritas,common crawl
greenhouse,enviva,common crawl
greenhouse,eonio,common crawl
greenhouse,epicgames,common crawl
greenhouse,epicgamesfrench,common crawl
greenhouse,epirus,common crawl
greenhouse,eqfund,common crawl
greenhouse,eqtcorporation,companies.csv
greenhouse,equilibriumenergy,common crawl
greenhouse,equipmentsharecom,common crawl
greenhouse,ergeon,common crawl
greenhouse,eridan,common crawl
greenhouse,errg,common crawl
greenhouse,esri,common crawl
greenhouse,etchedai,common crawl
greenhouse,ethoslife,common crawl
greenhouse,eucalyptus,common crawl
greenhouse,euclidpower,common crawl
greenhouse,eudia,common crawl
greenhouse,eulerity,companies.csv
greenhouse,eve,common crawl
greenhouse,eventsandinterns,companies.csv
greenhouse,ever,common crawl
greenhouse,everactive1,common crawl
greenhouse,everlane,common crawl
greenhouse,everlaw,common crawl
greenhouse,everphone,common crawl
greenhouse,evolutioniq,common crawl
greenhouse,evolver,companies.csv
greenhouse,exadelinc,common crawl
greenhouse,exame,common crawl
greenhouse,excella,common crawl
greenhouse,excelsportsmanagement,companies.csv
greenhouse,execonline,common crawl
greenhouse,exiger,common crawl
greenhouse,expel,common crawl
greenhouse,expertnetwork,companies.csv
greenhouse,expressvpn,common crawl
greenhouse,extend,common crawl
greenhouse,externaljobboards,common crawl
greenhouse,extrahopnetworks,common crawl
greenhouse,eyeo,common crawl
greenhouse,ezcaterinc,common crawl
greenhouse,fabric,common crawl
greenhouse,faeththerapeutics,common crawl
greenhouse,faire,common crawl
greenhouse,fairlife,companies.csv
greenhouse,fairsteadescllc,common crawl
greenhouse,falconx,common crawl
greenhouse,fanduel,common crawl
greenhouse,faradayfuture,companies.csv
greenhouse,fartherfinance,common crawl
greenhouse,fastly,common crawl
greenhouse,fay,common crawl
greenhouse,fccincinnati,companies.csv
greenhouse,featurespace,common crawl
greenhouse,feedzai,common crawl
greenhouse,fender,common crawl
greenhouse,fernride,common crawl
greenhouse,fetchrewards,common crawl
greenhouse,feverup,common crawl
greenhouse,fgsglobal,common crawl
greenhouse,fictiv,common crawl
greenhouse,figma,common crawl
greenhouse,figment,common crawl
greenhouse,figure,common crawl
greenhouse,figureai,companies.csv
greenhouse,financialtechnologypartners,companies.csv
greenhouse,financialtimes33,common crawl
greenhouse,fingerprintjs,common crawl
greenhouse,firaxis,common crawl
greenhouse,fireblocks,common crawl
greenhouse,firewalk,common crawl
greenhouse,firsthand,common crawl
greenhouse,firy,common crawl
greenhouse,five9,common crawl
greenhouse,fiveringsllc,common crawl
greenhouse,fivetran,common crawl
greenhouse,flagshippioneeringinc,common crawl
greenhouse,flamingo,common crawl
greenhouse,flashbots,common crawl
greenhouse,flashfood,common crawl
greenhouse,flex,common crawl
greenhouse,flexport,common crawl
greenhouse,flohealth,common crawl
greenhouse,flowfuse,common crawl
greenhouse,flyzipline,common crawl
greenhouse,foleyhoag,common crawl
greenhouse,foliahealth,common crawl
greenhouse,foratravel,common crawl
greenhouse,forbes,common crawl
greenhouse,forerunner,common crawl
greenhouse,forgebiologics,common crawl
greenhouse,forgeglobal,common crawl
greenhouse,form3,common crawl
greenhouse,formaaiinc,common crawl
greenhouse,formic,common crawl
greenhouse,formlabs,common crawl
greenhouse,forrester,common crawl
greenhouse,forter,common crawl
greenhouse,forteracorporation,companies.csv
greenhouse,fortra,common crawl
greenhouse,fortune,common crawl
greenhouse,forumone,common crawl
greenhouse,forwardnetworks,common crawl
greenhouse,found,common crawl
greenhouse,founders,common crawl
greenhouse,foundrydigital,common crawl
greenhouse,fourhands,companies.csv
greenhouse,fourkites,common crawl
greenhouse,foxen,common crawl
greenhouse,foxrobotics,common crawl
greenhouse,fractile,common crawl
greenhouse,franklincovey,common crawl
greenhouse,freeformfuturecorp,common crawl
greenhouse,freenome,common crawl
greenhouse,freenow,common crawl
greenhouse,freshbooks,common crawl
greenhouse,freshprints,common crawl
greenhouse,fspco-op012325,companies.csv
greenhouse,fubotv,common crawl
greenhouse,fulfil,common crawl
greenhouse,fundraiseup,common crawl
greenhouse,galagames,common crawl
greenhouse,galaxydigitalservices,common crawl
greenhouse,galileo,common crawl
greenhouse,galileoai,common crawl
greenhouse,gallup,companies.csv
greenhouse,gametimeunited,companies.csv
greenhouse,gardacp,companies.csv
greenhouse,garnerhealth,common crawl
greenhouse,gather,common crawl
greenhouse,gatherai,common crawl
greenhouse,gatikaiinc,common crawl
greenhouse,gcmgrosvenor,companies.csv
greenhouse,gelbergroup,common crawl
greenhouse,gelberhandshake,companies.csv
greenhouse,gemini,common crawl
greenhouse,generalassembly,common crawl
greenhouse,generallegalllp,common crawl
greenhouse,generalmatter,common crawl
greenhouse,genesisglobaltradinginc,common crawl
greenhouse,genevatrading,common crawl
greenhouse,genies,common crawl
greenhouse,geniussports,common crawl
greenhouse,genscript,companies.csv
greenhouse,gensyn,companies.csv
greenhouse,gentibio,common crawl
greenhouse,geocgi,companies.csv
greenhouse,geograin,common crawl
greenhouse,getbuilt,common crawl
greenhouse,getprospa,common crawl
greenhouse,gigs,common crawl
greenhouse,gigster,common crawl
greenhouse,gingerlabsinc,companies.csv
greenhouse,github,common crawl
greenhouse,gitlab,common crawl
greenhouse,givecampus,common crawl
greenhouse,givedirectly,common crawl
greenhouse,givewell,common crawl
greenhouse,glance,common crawl
greenhouse,gleanwork,common crawl
greenhouse,globalizationpartners,common crawl
greenhouse,globalwebindex,common crawl
greenhouse,glossgenius,common crawl
greenhouse,glossier,common crawl
greenhouse,glydways,companies.csv
greenhouse,glyphicbiotechnologies,common crawl
greenhouse,goalsyria,common crawl
greenhouse,goatgroup,common crawl
greenhouse,gocardless,common crawl
greenhouse,godaddy,common crawl
greenhouse,gofasti,common crawl
greenhouse,gofundme,common crawl
greenhouse,goguardian,common crawl
greenhouse,goldenpetbrands,companies.csv
greenhouse,gomotive,common crawl
greenhouse,gongio,common crawl
greenhouse,goodfire,common crawl
greenhouse,goodinside,common crawl
greenhouse,goop,common crawl
greenhouse,gotion,common crawl
greenhouse,gradientai,common crawl
greenhouse,grafanalabs,common crawl
greenhouse,grammarly,common crawl
greenhouse,graphcore,common crawl
greenhouse,graviticsinc,common crawl
greenhouse,gravwell,common crawl
greenhouse,grayscalable,common crawl
greenhouse,grey,common crawl
greenhouse,groupon,common crawl
greenhouse,grovecollaborative,common crawl
greenhouse,grover,common crawl
greenhouse,guardsquare,common crawl
greenhouse,guerrilla,common crawl
greenhouse,guerrilla-games,common crawl
greenhouse,guideline,common crawl
greenhouse,guidepoint,companies.csv
greenhouse,guidepointsecurity,common crawl
greenhouse,guidewheel,common crawl
greenhouse,gumgum,common crawl
greenhouse,guru,common crawl
greenhouse,gusto,common crawl
greenhouse,gympass,common crawl
greenhouse,habitathealth,common crawl
greenhouse,hackerrank,common crawl
greenhouse,haigroup,common crawl
greenhouse,haizelabs,common crawl
greenhouse,hala,common crawl
greenhouse,halcyon,common crawl
greenhouse,hangar13,common crawl
greenhouse,hanover,common crawl
greenhouse,happifyhealth,common crawl
greenhouse,harbingermotors,common crawl
greenhouse,harborglobal,common crawl
greenhouse,hark,common crawl
greenhouse,harlemgrown,common crawl
greenhouse,harmonic,common crawl
greenhouse,harnessinc,common crawl
greenhouse,harperdbinc,common crawl
greenhouse,harrison&star,common crawl
greenhouse,harrowhealth,common crawl
greenhouse,harrys,common crawl
greenhouse,hartsdale,common crawl
greenhouse,hasbro,common crawl
greenhouse,hatchcareers,common crawl
greenhouse,haven,common crawl
greenhouse,havenhub,common crawl
greenhouse,havenly,common crawl
greenhouse,hawkeye360,common crawl
greenhouse,hazel,common crawl
greenhouse,hazeltechnologies,common crawl
greenhouse,hbstudios,common crawl
greenhouse,hc360,common crawl
greenhouse,hcg,common crawl
greenhouse,hdmcapitalllc,common crawl
greenhouse,headlandstechnologiesllc,companies.csv
greenhouse,headoutcareers,common crawl
greenhouse,headoutlinkedin,common crawl
greenhouse,headspaceproviders,common crawl
greenhouse,headspacesourcing,common crawl
greenhouse,headway,common crawl
greenhouse,healthjoy,common crawl
greenhouse,healthlink,common crawl
greenhouse,healthverity,common crawl
greenhouse,healx,common crawl
greenhouse,hearcom,common crawl
greenhouse,hearcomin,common crawl
greenhouse,heartaerospace,common crawl
greenhouse,heartflowinc,common crawl
greenhouse,heartpaw,common crawl
greenhouse,hebbia,common crawl
greenhouse,helionenergy,common crawl
greenhouse,heliosservicepartners,common crawl
greenhouse,helium,common crawl
greenhouse,helium10,common crawl
greenhouse,hellbenderinc,companies.csv
greenhouse,hellobackpack,common crawl
greenhouse,helloheart,common crawl
greenhouse,hellommc,common crawl
greenhouse,helloskylight,common crawl
greenhouse,hellotend,common crawl
greenhouse,help,common crawl
greenhouse,helpinghandsfamily,common crawl
greenhouse,helsing,common crawl
greenhouse,henrymeds,common crawl
greenhouse,hereio,common crawl
greenhouse,herewithgmbh,common crawl
greenhouse,herewithinc,common crawl
greenhouse,hermansoncompany,common crawl
greenhouse,herselfhealth,common crawl
greenhouse,hevenaerotech,common crawl
greenhouse,hexarmor,common crawl
greenhouse,hexium,common crawl
greenhouse,hextechnologies,common crawl
greenhouse,heygen,common crawl
greenhouse,hibu,common crawl
greenhouse,hiddenlayer,common crawl
greenhouse,higharc,common crawl
greenhouse,highdive,common crawl
greenhouse,higherlogic,common crawl
greenhouse,highnote,common crawl
greenhouse,hightouch,common crawl
greenhouse,highwire,common crawl
greenhouse,hillel,common crawl
greenhouse,hillhousehome,common crawl
greenhouse,hillpointe,common crawl
greenhouse,himarley,common crawl
greenhouse,himshers,common crawl
greenhouse,hiper,common crawl
greenhouse,hippo70,common crawl
greenhouse,hiro,common crawl
greenhouse,historynet,common crawl
greenhouse,hivewatch,common crawl
greenhouse,holderconstruction,common crawl
greenhouse,holisticindustries,common crawl
greenhouse,hologram,common crawl
greenhouse,homebrandsgroupllc,common crawl
greenhouse,homechef,common crawl
greenhouse,homelight,common crawl
greenhouse,homesolutions,common crawl
greenhouse,homesweethomehealth,common crawl
greenhouse,hometap,common crawl
greenhouse,hometapjobs,companies.csv
greenhouse,hometeam,common crawl
greenhouse,homeward,common crawl
greenhouse,homewardhealth,common crawl
greenhouse,honehealth,common crawl
greenhouse,honestnetworks,common crawl
greenhouse,honeybook,common crawl
greenhouse,honeycomb,common crawl
greenhouse,honeycombinsurance,common crawl
greenhouse,honor,common crawl
greenhouse,hoodhp,common crawl
greenhouse,hook,common crawl
greenhouse,hootsuite,common crawl
greenhouse,hopin,common crawl
greenhouse,hopscotchprimarycare,common crawl
greenhouse,hopskipdrive,common crawl
greenhouse,horacemannagents,common crawl
greenhouse,horacemannservicecorporation,common crawl
greenhouse,horizenlabs,common crawl
greenhouse,horizonindustrieslimited,common crawl
greenhouse,hotelengine,common crawl
greenhouse,hotmartcareersbr,common crawl
greenhouse,hotmartcareersen,common crawl
greenhouse,hotwireprus,common crawl
greenhouse,housebuyersofamerica,common crawl
greenhouse,housecall,common crawl
greenhouse,housemarque,common crawl
greenhouse,housinganywhere,common crawl
greenhouse,houstongymnasticsacademy,common crawl
greenhouse,hover,common crawl
greenhouse,hovercraft,common crawl
greenhouse,hoyoverse,common crawl
greenhouse,hpiq,common crawl
greenhouse,hqdigital,common crawl
greenhouse,hrpliving,common crawl
greenhouse,hrtechx,common crawl
greenhouse,hs,common crawl
greenhouse,hsgllp,common crawl
greenhouse,hspgroup,common crawl
greenhouse,hubblenetwork,common crawl
greenhouse,hubspotjobs,common crawl
greenhouse,huddleup,common crawl
greenhouse,hudl,common crawl
greenhouse,hudsonrouge,common crawl
greenhouse,hugeinc,common crawl
greenhouse,humanagency,common crawl
greenhouse,humanconditionsafety,common crawl
greenhouse,humaninterest,common crawl
greenhouse,humanrightswatch,common crawl
greenhouse,humansignal,common crawl
greenhouse,humeai,common crawl
greenhouse,hummingbirdregtech,common crawl
greenhouse,hungryroot,common crawl
greenhouse,huntress,common crawl
greenhouse,hut8,common crawl
greenhouse,hyannisportresearch,common crawl
greenhouse,hydritechemicalco,common crawl
greenhouse,hyliion,common crawl
greenhouse,hyperiondev,common crawl
greenhouse,hyphenconnect,common crawl
greenhouse,hypori,common crawl
greenhouse,i360technologiesinc,common crawl
greenhouse,ialtaholdings,common crawl
greenhouse,ians,common crawl
greenhouse,ibanfirst,common crawl
greenhouse,ibkr,common crawl
greenhouse,icapitalnetwork,common crawl
greenhouse,icarus,common crawl
greenhouse,icee,common crawl
greenhouse,iconcareers,common crawl
greenhouse,iconiq,common crawl
greenhouse,idahotitleloansinc,common crawl
greenhouse,ideo,common crawl
greenhouse,ideoorg,common crawl
greenhouse,idme,common crawl
greenhouse,idmeuniversityrecruiting,common crawl
greenhouse,ie,common crawl
greenhouse,iex,common crawl
greenhouse,ifit,common crawl
greenhouse,ifoodcarreiras,common crawl
greenhouse,iftother,common crawl
greenhouse,iherb,common crawl
greenhouse,ilia,common crawl
greenhouse,illumiallc,common crawl
greenhouse,iluminere,common crawl
greenhouse,imagentechnologies,common crawl
greenhouse,imaginepediatrics,common crawl
greenhouse,imagineworldwide,common crawl
greenhouse,imbibeinc,common crawl
greenhouse,imbue,common crawl
greenhouse,imc,companies.csv
greenhouse,immersive,common crawl
greenhouse,immoverkauf24,common crawl
greenhouse,immunefi,common crawl
greenhouse,immunomeinc,common crawl
greenhouse,impact,common crawl
greenhouse,impinj,common crawl
greenhouse,impinjexternal,companies.csv
greenhouse,impiricus,common crawl
greenhouse,imvtcorporation,common crawl
greenhouse,inbound,common crawl
greenhouse,incadigitalinc,common crawl
greenhouse,inceptive,common crawl
greenhouse,inchargeenergy,common crawl
greenhouse,incidentiq,common crawl
greenhouse,incode,common crawl
greenhouse,incommonwith,common crawl
greenhouse,indeedbtrbt,common crawl
greenhouse,indigo,common crawl
greenhouse,industrialelectricmanufacturing,common crawl
greenhouse,industrious,common crawl
greenhouse,industriouslabs,common crawl
greenhouse,infieldstrategies,common crawl
greenhouse,infinitumelectric,common crawl
greenhouse,inflect,common crawl
greenhouse,inflectionai,common crawl
greenhouse,influential,common crawl
greenhouse,influxdb,common crawl
greenhouse,infomedia,common crawl
greenhouse,infosum,common crawl
greenhouse,infuse,common crawl
greenhouse,ingenuityprep,common crawl
greenhouse,inhometherapy,common crawl
greenhouse,inizio,common crawl
greenhouse,inkhousehq,common crawl
greenhouse,inkind,common crawl
greenhouse,inmobi,common crawl
greenhouse,innodatainc,common crawl
greenhouse,innophaseiot,common crawl
greenhouse,innovaccer,common crawl
greenhouse,innovid,common crawl
greenhouse,insider,common crawl
greenhouse,insightassurance,common crawl
greenhouse,insitro,common crawl
greenhouse,insomniac,common crawl
greenhouse,inspiraeducation,common crawl
greenhouse,inspire11,common crawl
greenhouse,inspiremedicalsystemsinc,common crawl
greenhouse,inspiren,common crawl
greenhouse,instabase,common crawl
greenhouse,instacart,common crawl
greenhouse,instalilyai,common crawl
greenhouse,instawork,common crawl
greenhouse,instead,common crawl
greenhouse,instiglio,common crawl
greenhouse,instituteforclinicalandeconomicreview,common crawl
greenhouse,instridehealth,common crawl
greenhouse,insurify,common crawl
greenhouse,insurityindia,common crawl
greenhouse,insurityllc,common crawl
greenhouse,intecrowd,common crawl
greenhouse,integra,common crawl
greenhouse,integrainterns,companies.csv
greenhouse,integratedbiosciencesinc,common crawl
greenhouse,integrityrehabgroup,common crawl
greenhouse,intellipet,common crawl
greenhouse,inter,common crawl
greenhouse,interbrand,common crawl
greenhouse,intercom,common crawl
greenhouse,interfaceai,common crawl
greenhouse,internaljobsatlush,common crawl
greenhouse,internationalbusinessuniversity,common crawl
greenhouse,internationalhouseberkeley,common crawl
greenhouse,internshiplist2000,companies.csv
greenhouse,interstellarlab,common crawl
greenhouse,intersystems,common crawl
greenhouse,interval,common crawl
greenhouse,interviewengineering,common crawl
greenhouse,interviewkickstart,common crawl
greenhouse,interwellhealth,common crawl
greenhouse,interworks,common crawl
greenhouse,inthepocket,common crawl
greenhouse,intowngolfclub,common crawl
greenhouse,intradiem,common crawl
greenhouse,intrinsicrobotics,common crawl
greenhouse,inversionspace,common crawl
greenhouse,invisibletech,common crawl
greenhouse,invitae,common crawl
greenhouse,invivyd,common crawl
greenhouse,inworldai,common crawl
greenhouse,ionq,common crawl
greenhouse,iovancebiotherapeutics,common crawl
greenhouse,iovino,common crawl
greenhouse,ipfabric,common crawl
greenhouse,isa,common crawl
greenhouse,isaac,common crawl
greenhouse,isaraerospace,common crawl
greenhouse,isccareers,common crawl
greenhouse,isomorphiclabs,common crawl
greenhouse,ispottv,common crawl
greenhouse,itd,common crawl
greenhouse,iterable,common crawl
greenhouse,iterativehealth,common crawl
greenhouse,iterrasolutions,common crawl
greenhouse,its,common crawl
greenhouse,itslogisticsllc,common crawl
greenhouse,ivalua,common crawl
greenhouse,ivxhealth,common crawl
greenhouse,ixllearning,common crawl
greenhouse,jabrahearing,common crawl
greenhouse,jadebiosciences,common crawl
greenhouse,janeasystems,common crawl
greenhouse,janestreet,common crawl
greenhouse,janestreetevents,common crawl
greenhouse,janetechnologies,common crawl
greenhouse,jaris,common crawl
greenhouse,jasper23,common crawl
greenhouse,jazzx-ai,common crawl
greenhouse,jcdecaux,common crawl
greenhouse,jdcom,common crawl
greenhouse,jeffreygroup24,common crawl
greenhouse,jencapinc,companies.csv
greenhouse,jennikayne,common crawl
greenhouse,jensenhughes,common crawl
greenhouse,jetsonhome,common crawl
greenhouse,jetty,common crawl
greenhouse,jetzero,common crawl
greenhouse,jjsnackfoods,common crawl
greenhouse,jobber,common crawl
greenhouse,jobleads,common crawl
greenhouse,jobsatphamily,common crawl
greenhouse,jobsforthefuture,common crawl
greenhouse,jobsmckinneycom,common crawl
greenhouse,johnmcorcorancompany,common crawl
greenhouse,joinaffect,common crawl
greenhouse,joinforage,common crawl
greenhouse,joinhandshake,common crawl
greenhouse,joinparadigm,common crawl
greenhouse,joinpaxos,common crawl
greenhouse,jomboymedia,common crawl
greenhouse,jordanparkgroup,common crawl
greenhouse,joskoasp,common crawl
greenhouse,journey,common crawl
greenhouse,joya,common crawl
greenhouse,jrmconstructionmanagementllc,common crawl
greenhouse,jshiddenevents,common crawl
greenhouse,judihealth,common crawl
greenhouse,jukeboxhealth,common crawl
greenhouse,jumio,common crawl
greenhouse,jungroup,common crawl
greenhouse,juno,common crawl
greenhouse,jusbrasil,common crawl
greenhouse,just-global,common crawl
greenhouse,justanswer,common crawl
greenhouse,justfund,common crawl
greenhouse,justworks,common crawl
greenhouse,juullabs,common crawl
greenhouse,juvare,companies.csv
greenhouse,k18inc,common crawl
greenhouse,k2spacecorporation,common crawl
greenhouse,kadenallc,common crawl
greenhouse,kailera,common crawl
greenhouse,kairospower,common crawl
greenhouse,kalepa,common crawl
greenhouse,kallesgroup,common crawl
greenhouse,kalshi,common crawl
greenhouse,kalvistapharmaceuticals,common crawl
greenhouse,kandola,common crawl
greenhouse,kapitus,common crawl
greenhouse,karat,common crawl
greenhouse,karbon,common crawl
greenhouse,kardigan,common crawl
greenhouse,karya,common crawl
greenhouse,kasa,common crawl
greenhouse,kasaliving,common crawl
greenhouse,kaseya,common crawl
greenhouse,kateschwartzphysicaltherapyjobs,common crawl
greenhouse,kayak,common crawl
greenhouse,kc3,common crawl
greenhouse,keebo,common crawl
greenhouse,keeleyconstruction,common crawl
greenhouse,keelinfrastructure,common crawl
greenhouse,keepersecurity,common crawl
greenhouse,kellerpostman,common crawl
greenhouse,kensingtontours,common crawl
greenhouse,kentik,common crawl
greenhouse,keplergroup,common crawl
greenhouse,kernalbio,common crawl
greenhouse,kernelize,common crawl
greenhouse,kestramedicaltechnologiesinc,common crawl
greenhouse,ketch,common crawl
greenhouse,ketryx,common crawl
greenhouse,keyfactorinc,common crawl
greenhouse,keyme,common crawl
greenhouse,khaite,common crawl
greenhouse,khanacademy,common crawl
greenhouse,khealthcareers,common crawl
greenhouse,kiavi,common crawl
greenhouse,kickstarter,common crawl
greenhouse,kikoff,common crawl
greenhouse,kindbridgecorporation,common crawl
greenhouse,kindo,common crawl
greenhouse,kindsnacks,common crawl
greenhouse,kinetic,common crawl
greenhouse,kinexus,common crawl
greenhouse,kiniksapharmaceuticals,common crawl
greenhouse,kiprion,common crawl
greenhouse,kirbynagelhoutcareers,common crawl
greenhouse,kit,common crawl
greenhouse,kivaorg,common crawl
greenhouse,kiwicoinc,common crawl
greenhouse,kizen,common crawl
greenhouse,klaviyo,common crawl
greenhouse,klaviyocampus,common crawl
greenhouse,knack,common crawl
greenhouse,knak,common crawl
greenhouse,knightdivisiontactical,common crawl
greenhouse,knit,common crawl
greenhouse,knithealth,common crawl
greenhouse,knock,common crawl
greenhouse,knowbe4,common crawl
greenhouse,knowledgecity,common crawl
greenhouse,known,common crawl
greenhouse,koalafi,common crawl
greenhouse,kobaltmusicgroup,common crawl
greenhouse,koboldmetals,common crawl
greenhouse,koboldmetalsdrc,common crawl
greenhouse,koddi,companies.csv
greenhouse,kodiak,common crawl
greenhouse,kodiaksolutions,common crawl
greenhouse,koleyjessen,common crawl
greenhouse,komodohealth,common crawl
greenhouse,konghq,common crawl
greenhouse,koniku,common crawl
greenhouse,konovo,common crawl
greenhouse,konux,common crawl
greenhouse,krafton,common crawl
greenhouse,krollbondratingagency,common crawl
greenhouse,kronosresearch,common crawl
greenhouse,kunai,common crawl
greenhouse,kurosbiosciencesinc,common crawl
greenhouse,kxadvisors,common crawl
greenhouse,kymberconsultinggroup,common crawl
greenhouse,kyocare,common crawl
greenhouse,kyowakirinusa90,common crawl
greenhouse,la2028,common crawl
greenhouse,la28careers,common crawl
greenhouse,labelbox,common crawl
greenhouse,laboratoirertingscom,common crawl
greenhouse,lacarguy,common crawl
greenhouse,ladder33,common crawl
greenhouse,lakefrontbiotherapeuticsinc,common crawl
greenhouse,lambda,common crawl
greenhouse,landdesign,common crawl
greenhouse,landor,common crawl
greenhouse,langanengineeringandenvironmentalservicesllc,common crawl
greenhouse,lansingpetvet,common crawl
greenhouse,laportefr,common crawl
greenhouse,laporteusa,common crawl
greenhouse,larkinstreetyouthservices,common crawl
greenhouse,lastpass,common crawl
greenhouse,later,common crawl
greenhouse,latitude,common crawl
greenhouse,latys,common crawl
greenhouse,launch2,common crawl
greenhouse,launchdarkly,common crawl
greenhouse,launchpadtechnologiesinc,common crawl
greenhouse,lawzero,common crawl
greenhouse,layerhealth,common crawl
greenhouse,layerzerolabs,common crawl
greenhouse,ldinternships,common crawl
greenhouse,leaflink,common crawl
greenhouse,leagueinc,common crawl
greenhouse,learningnetwork,common crawl
greenhouse,learnlux,common crawl
greenhouse,learnupon,common crawl
greenhouse,leaseweb,common crawl
greenhouse,leasingmarkt,common crawl
greenhouse,ledgy,common crawl
greenhouse,legalservicesnyc,common crawl
greenhouse,legatosecurity,common crawl
greenhouse,legendcareers,common crawl
greenhouse,legendyounggraduateeu,common crawl
greenhouse,legion,common crawl
greenhouse,legionofbloom,common crawl
greenhouse,lemurianlabs,common crawl
greenhouse,lendinghome,common crawl
greenhouse,lendingtree,common crawl
greenhouse,lenusehealth,common crawl
greenhouse,leolabsinc,common crawl
greenhouse,levelaccess,common crawl
greenhouse,levelex,common crawl
greenhouse,levelhome,common crawl
greenhouse,leveltenenergy,common crawl
greenhouse,levelworks,common crawl
greenhouse,levio,common crawl
greenhouse,levitate,common crawl
greenhouse,lewiscountygeneralhospital,common crawl
greenhouse,lexingtonmedical,companies.csv
greenhouse,lgairesearch,common crawl
greenhouse,lgelectronics,common crawl
greenhouse,lhvuk,companies.csv
greenhouse,li-thermal-works,common crawl
greenhouse,liberate,common crawl
greenhouse,librainternship,common crawl
greenhouse,life360,common crawl
greenhouse,lifeskillsautismacademy,common crawl
greenhouse,lift,common crawl
greenhouse,lifted,common crawl
greenhouse,lightfeatheriollc,common crawl
greenhouse,lightforceorthodontics,common crawl
greenhouse,lighthouse,common crawl
greenhouse,lightmatter,common crawl
greenhouse,lightningai,common crawl
greenhouse,lightspeeddms,common crawl
greenhouse,lightspeedhq,common crawl
greenhouse,lightspeedhqfr,common crawl
greenhouse,lightspeedsystems,common crawl
greenhouse,lilasciences,common crawl
greenhouse,limelightsteel,common crawl
greenhouse,lindawernerassociates,common crawl
greenhouse,lineagehq,common crawl
greenhouse,linkedinlimitedpostings,common crawl
greenhouse,linksdao,common crawl
greenhouse,linksquaresinc,common crawl
greenhouse,linqia,common crawl
greenhouse,linx,common crawl
greenhouse,lionsntigers,common crawl
greenhouse,liquiddeath,common crawl
greenhouse,liquidiv,common crawl
greenhouse,lirio,common crawl
greenhouse,lisc,common crawl
greenhouse,listengagellc,common crawl
greenhouse,lithic,common crawl
greenhouse,litify,common crawl
greenhouse,litmus46,common crawl
greenhouse,littlegiants,common crawl
greenhouse,littlespoon,common crawl
greenhouse,littletykes,common crawl
greenhouse,littlewordsproject,common crawl
greenhouse,livefront,common crawl
greenhouse,liveperson,common crawl
greenhouse,liveramp,common crawl
greenhouse,liveviewtechnologiesinc,common crawl
greenhouse,livingstonassociates,common crawl
greenhouse,livongo,common crawl
greenhouse,loancore,common crawl
greenhouse,localcoin,common crawl
greenhouse,localitymediallcdbafirstdue,common crawl
greenhouse,lockwood,common crawl
greenhouse,locusrobotics,companies.csv
greenhouse,locust,common crawl
greenhouse,lodestarspace,common crawl
greenhouse,loenbro,common crawl
greenhouse,loftfederal,common crawl
greenhouse,loftvagas,common crawl
greenhouse,logicgate,common crawl
greenhouse,logixboard,common crawl
greenhouse,logos,common crawl
greenhouse,lokainc,common crawl
greenhouse,lookoutinc,common crawl
greenhouse,loominc,common crawl
greenhouse,loonshotgames,common crawl
greenhouse,loop,common crawl
greenhouse,lotlinx,common crawl
greenhouse,lottebiologicsusallc,common crawl
greenhouse,lovable,common crawl
greenhouse,loyal36,common crawl
greenhouse,lpc,common crawl
greenhouse,ltkkorea,common crawl
greenhouse,lucanetgroup,common crawl
greenhouse,lucidbots,common crawl
greenhouse,lucidmotors,common crawl
greenhouse,lucidsoftware,common crawl
greenhouse,luckybeverageco,common crawl
greenhouse,lumahealth,common crawl
greenhouse,lumbermens,common crawl
greenhouse,lumenbioscience,common crawl
greenhouse,lumimeds,common crawl
greenhouse,luminar,common crawl
greenhouse,luminishealth,common crawl
greenhouse,lumos,common crawl
greenhouse,lumosfiber,common crawl
greenhouse,lunarenergy,common crawl
greenhouse,luno,common crawl
greenhouse,lush,common crawl
greenhouse,lusternational,common crawl
greenhouse,luxinfusion,common crawl
greenhouse,lydech,common crawl
greenhouse,lyellimmunopharma,common crawl
greenhouse,lyft,common crawl
greenhouse,lynxanalytics,common crawl
greenhouse,lyratechgroup,common crawl
greenhouse,m0dbathenextthingltd,common crawl
greenhouse,m3,common crawl
greenhouse,m9solutions,common crawl
greenhouse,mabl,common crawl
greenhouse,machinifyinc,common crawl
greenhouse,mackaysposito,common crawl
greenhouse,macrae,common crawl
greenhouse,madisonenergyinfrastructure,common crawl
greenhouse,maesa,common crawl
greenhouse,magic,common crawl
greenhouse,magiceden,common crawl
greenhouse,magichatconsulting,common crawl
greenhouse,magicleap,common crawl
greenhouse,magicleapinc,common crawl
greenhouse,magnolia,common crawl
greenhouse,mailchimp,common crawl
greenhouse,mainstreethealth,common crawl
greenhouse,maintainx,common crawl
greenhouse,makeawishamerica,common crawl
greenhouse,malbon,common crawl
greenhouse,mammothbrands,common crawl
greenhouse,mangroup,companies.csv
greenhouse,manifoldbio,common crawl
greenhouse,manscaped,common crawl
greenhouse,mantrahealth,common crawl
greenhouse,manychat,common crawl
greenhouse,map,common crawl
greenhouse,mapbox,common crawl
greenhouse,maplighttherapeutics,common crawl
greenhouse,mara,common crawl
greenhouse,maravailifesciences,common crawl
greenhouse,margaux,common crawl
greenhouse,mariadbplc,common crawl
greenhouse,marickmechanicalasp,common crawl
greenhouse,marinomanagementllc,common crawl
greenhouse,mark43,common crawl
greenhouse,markforged,common crawl
greenhouse,markmorrisdancegroup,common crawl
greenhouse,marksman,common crawl
greenhouse,markspainrealestate,common crawl
greenhouse,marqeta,common crawl
greenhouse,marqvision,common crawl
greenhouse,marro,common crawl
greenhouse,marscosfo,common crawl
greenhouse,marshallwace,common crawl
greenhouse,martellgrowthsolutions,common crawl
greenhouse,marvelfusion,common crawl
greenhouse,maslanskycareers,common crawl
greenhouse,mastercardfoundation,common crawl
greenhouse,masterclass,common crawl
greenhouse,materialbank,common crawl
greenhouse,materiom,common crawl
greenhouse,matherheadquarters,common crawl
greenhouse,matherintysons,common crawl
greenhouse,matherplace,common crawl
greenhouse,mathersplendido,common crawl
greenhouse,matteprojects,common crawl
greenhouse,mattermost,common crawl
greenhouse,matx,common crawl
greenhouse,maven,common crawl
greenhouse,mavenclinic,common crawl
greenhouse,mavenrobotics,common crawl
greenhouse,mavensecuritiesholdingltd,common crawl
greenhouse,maxmanufacturingcareers,common crawl
greenhouse,maybellquantum,common crawl
greenhouse,maymobility,common crawl
greenhouse,mbooth,common crawl
greenhouse,mboothhealth,common crawl
greenhouse,mcadams,common crawl
greenhouse,mcclureoilcorporation,common crawl
greenhouse,mcculloughrobertson,common crawl
greenhouse,mco,common crawl
greenhouse,mcs,common crawl
greenhouse,meadeengineeringinc,common crawl
greenhouse,mechanicallicensingcollective,common crawl
greenhouse,medallionakafirstlayerai,common crawl
greenhouse,medeanalytics,common crawl
greenhouse,medecinssansfrontieres,common crawl
greenhouse,medelitellc,common crawl
greenhouse,medeloop,common crawl
greenhouse,mediabrands,common crawl
greenhouse,mediasmart,common crawl
greenhouse,medicalinformaticsengineering,common crawl
greenhouse,medistrava,common crawl
greenhouse,meditelecare,common crawl
greenhouse,medmen,common crawl
greenhouse,medrio,common crawl
greenhouse,medsien,common crawl
greenhouse,meetelise,common crawl
greenhouse,mejuri,common crawl
greenhouse,melio,common crawl
greenhouse,meltplan,common crawl
greenhouse,memic,common crawl
greenhouse,memorahealth,common crawl
greenhouse,memphismeats,common crawl
greenhouse,memx,common crawl
greenhouse,mentalhealthcenterofdenver,common crawl
greenhouse,mento,common crawl
greenhouse,menyala,common crawl
greenhouse,merakimanagement,common crawl
greenhouse,mercari,common crawl
greenhouse,merceradvisors,common crawl
greenhouse,mercury,common crawl
greenhouse,merge,common crawl
greenhouse,mergeworld,common crawl
greenhouse,meritamerica,common crawl
greenhouse,meriton,companies.csv
greenhouse,merqube,companies.csv
greenhouse,mesh,common crawl
greenhouse,meshopticaltechnologies,common crawl
greenhouse,meshy,common crawl
greenhouse,messagelab,common crawl
greenhouse,messari,common crawl
greenhouse,metabittechnologyllc,common crawl
greenhouse,metalab,common crawl
greenhouse,meter,common crawl
greenhouse,method,common crawl
greenhouse,methodco,common crawl
greenhouse,metoxinternationalinc,common crawl
greenhouse,metron,common crawl
greenhouse,metronome,common crawl
greenhouse,metropolis,common crawl
greenhouse,metropolitancommercialbank,common crawl
greenhouse,metroveincenters,common crawl
greenhouse,mewssystems,common crawl
greenhouse,mgproperties,common crawl
greenhouse,mgtinsurance,common crawl
greenhouse,mhi,common crawl
greenhouse,microblink,common crawl
greenhouse,microverse,common crawl
greenhouse,midihealth,common crawl
greenhouse,midpenhousing,common crawl
greenhouse,mighty,common crawl
greenhouse,mightynetworks,common crawl
greenhouse,mill,common crawl
greenhouse,millcreekacademy,common crawl
greenhouse,millenniumspacesystems,common crawl
greenhouse,mindgrub,common crawl
greenhouse,mindgym,common crawl
greenhouse,mineral,common crawl
greenhouse,mineralystherapeutics,common crawl
greenhouse,minio,common crawl
greenhouse,minitab,common crawl
greenhouse,minno,common crawl
greenhouse,minthouse,common crawl
greenhouse,minware,common crawl
greenhouse,miqdigital,common crawl
greenhouse,mirakl,common crawl
greenhouse,mirakllabs,common crawl
greenhouse,miris,common crawl
greenhouse,mirror,common crawl
greenhouse,mirumpharmaceuticals,common crawl
greenhouse,misfitsinternaljobs,common crawl
greenhouse,misfitsmarket,common crawl
greenhouse,missionhealthcare,common crawl
greenhouse,missionlane,common crawl
greenhouse,mississippititleloansinc,common crawl
greenhouse,missourititleloansinc,common crawl
greenhouse,mitratech,common crawl
greenhouse,mitsubishimotorsna,common crawl
greenhouse,mixmode,common crawl
greenhouse,mixpanel,common crawl
greenhouse,mizzenandmain,common crawl
greenhouse,mlbevents,common crawl
greenhouse,mm,common crawl
greenhouse,mntn,common crawl
greenhouse,mobentertainment,common crawl
greenhouse,mobiik,common crawl
greenhouse,mobilityware,companies.csv
greenhouse,mobius,common crawl
greenhouse,mochihealth,common crawl
greenhouse,modemobile,common crawl
greenhouse,moderawealthmanagement,common crawl
greenhouse,modernanimal,common crawl
greenhouse,modernhealth,common crawl
greenhouse,modernizingmedicineinc,common crawl
greenhouse,modulrfinance,common crawl
greenhouse,mogli,common crawl
greenhouse,mojangab,common crawl
greenhouse,moloco,common crawl
greenhouse,momatherapeutics,common crawl
greenhouse,momentenergy,common crawl
greenhouse,momentic,common crawl
greenhouse,momentmarkets,common crawl
greenhouse,momentous,common crawl
greenhouse,momentumegypt,common crawl
greenhouse,momentumfinancialservicesgroup,common crawl
greenhouse,momentus,common crawl
greenhouse,monad,common crawl
greenhouse,monetserviceinc,common crawl
greenhouse,moneysmart,common crawl
greenhouse,mongodb,common crawl
greenhouse,moniepoint,common crawl
greenhouse,monomipark,common crawl
greenhouse,monsterenergy,common crawl
greenhouse,monsterenergyapac,common crawl
greenhouse,montaihealth,common crawl
greenhouse,monumentalsports,common crawl
greenhouse,monzo,common crawl
greenhouse,monzoreferrals,common crawl
greenhouse,moodhealth,common crawl
greenhouse,moon,common crawl
greenhouse,moonlite,common crawl
greenhouse,mooreholdingsllc,common crawl
greenhouse,moorehomeservices,common crawl
greenhouse,morganmorganjobsapplynow,common crawl
greenhouse,morgans,common crawl
greenhouse,morrisonmaierle,common crawl
greenhouse,morsecorpcoop,companies.csv
greenhouse,morsemicro,common crawl
greenhouse,mossnewyorkllc,common crawl
greenhouse,motifneurotech,common crawl
greenhouse,motivity,common crawl
greenhouse,motus,common crawl
greenhouse,movementstrategy,common crawl
greenhouse,moversshakers,common crawl
greenhouse,moveworks,common crawl
greenhouse,moxxidigital,common crawl
greenhouse,moz,common crawl
greenhouse,mozilla,common crawl
greenhouse,mqreferrals,common crawl
greenhouse,mrapplecareers,common crawl
greenhouse,mrbeastyoutube,common crawl
greenhouse,mrsool,common crawl
greenhouse,msfcareers,common crawl
greenhouse,mthreerecruitingportal,common crawl
greenhouse,muckrack,common crawl
greenhouse,mullenlowe,common crawl
greenhouse,muonspace,common crawl
greenhouse,mural,common crawl
greenhouse,muralhealth,common crawl
greenhouse,murj,common crawl
greenhouse,mutiny,common crawl
greenhouse,mutinyjobs,common crawl
greenhouse,mw-tech-grad,common crawl
greenhouse,mwinternshipprogram,companies.csv
greenhouse,mxtechnologiesinc,common crawl
greenhouse,mycodemedia,common crawl
greenhouse,myfitnesspal,common crawl
greenhouse,myforestfoods,common crawl
greenhouse,myntra,common crawl
greenhouse,myria,common crawl
greenhouse,myriad360,common crawl
greenhouse,myshell,common crawl
greenhouse,mythicalgames,common crawl
greenhouse,n2publishingglassdoor,common crawl
greenhouse,nabis,common crawl
greenhouse,nadiacare,common crawl
greenhouse,nakedfarmer,common crawl
greenhouse,nanit,common crawl
greenhouse,nanonets,common crawl
greenhouse,nanopathinc,common crawl
greenhouse,nansen,common crawl
greenhouse,narvar,common crawl
greenhouse,nascompany,common crawl
greenhouse,nashvillezoo,common crawl
greenhouse,natera,common crawl
greenhouse,nationallifeinsurancecompany,common crawl
greenhouse,nationallutheraninc,common crawl
greenhouse,nationalpublicradioinc,common crawl
greenhouse,nationbuilder,common crawl
greenhouse,naturaio,common crawl
greenhouse,naturesbakery,common crawl
greenhouse,naughtydog,common crawl
greenhouse,navapbc,common crawl
greenhouse,navierai,common crawl
greenhouse,navierboat,common crawl
greenhouse,ndb,common crawl
greenhouse,near,common crawl
greenhouse,nearform,common crawl
greenhouse,nearspacelabs,common crawl
greenhouse,nearsure,common crawl
greenhouse,nebius,common crawl
greenhouse,neo4j,common crawl
greenhouse,neosecurityinc,common crawl
greenhouse,neptunebio,common crawl
greenhouse,neptunemedical,common crawl
greenhouse,nerdy,common crawl
greenhouse,nerostechnologies,common crawl
greenhouse,netcracker,common crawl
greenhouse,netcraft,common crawl
greenhouse,netdocuments,common crawl
greenhouse,neteasegames,common crawl
greenhouse,nethermind,common crawl
greenhouse,netlify,common crawl
greenhouse,netsage,common crawl
greenhouse,netskope,common crawl
greenhouse,networkbio,common crawl
greenhouse,neuehealth,common crawl
greenhouse,neuraflash,common crawl
greenhouse,neurahealth,common crawl
greenhouse,neuralink,common crawl
greenhouse,neuron,common crawl
greenhouse,nevadatitleandpaydayloansinc,common crawl
greenhouse,newarkacademy,common crawl
greenhouse,newengeninc,common crawl
greenhouse,neweratech,common crawl
greenhouse,neweratechph,common crawl
greenhouse,newfangled-studios,common crawl
greenhouse,newglobesandbox,common crawl
greenhouse,newlabcareers,common crawl
greenhouse,newleafenergy,common crawl
greenhouse,newlimit,common crawl
greenhouse,newrelic,common crawl
greenhouse,newsbreak,common crawl
greenhouse,newsela,common crawl
greenhouse,newsrevenuehub,common crawl
greenhouse,newsweek,common crawl
greenhouse,newtonresearch,companies.csv
greenhouse,nex,common crawl
greenhouse,nexhealth,common crawl
greenhouse,nexla,common crawl
greenhouse,nextgenventures,common crawl
greenhouse,nextinsurance66,common crawl
greenhouse,nextleaguellc,common crawl
greenhouse,nextroll,common crawl
greenhouse,nexus,common crawl
greenhouse,nexuscareers,common crawl
greenhouse,nexxen,common crawl
greenhouse,nflcareers,common crawl
greenhouse,nfx,common crawl
greenhouse,ngrokinc,common crawl
greenhouse,niantic,common crawl
greenhouse,nice,common crawl
greenhouse,nift,common crawl
greenhouse,nightdivestudios,common crawl
greenhouse,nikolalabs,common crawl
greenhouse,nilotherapeutics,common crawl
greenhouse,nimblegiant,common crawl
greenhouse,nimblegravity,common crawl
greenhouse,nimblerobotics,common crawl
greenhouse,nimbus,common crawl
greenhouse,nimbustherapeutics,common crawl
greenhouse,ninjatrader,common crawl
greenhouse,nisc,common crawl
greenhouse,nitricity,common crawl
greenhouse,nlcventures,common crawl
greenhouse,nmcareers,common crawl
greenhouse,nmi,common crawl
greenhouse,noahmedical,common crawl
greenhouse,nobellfoods,common crawl
greenhouse,noble,common crawl
greenhouse,nobuhoteltoronto,common crawl
greenhouse,noctrixhealth,common crawl
greenhouse,noctuatechnology,common crawl
greenhouse,nohozephyrinc,common crawl
greenhouse,nomadhomes,common crawl
greenhouse,nomiso,common crawl
greenhouse,nomos,common crawl
greenhouse,noomgrowth,common crawl
greenhouse,nordicnaturals,common crawl
greenhouse,nortal,common crawl
greenhouse,northbeam,common crawl
greenhouse,northmarq,common crawl
greenhouse,northpointrecoveryholdingsllc,common crawl
greenhouse,northpointtechnology,common crawl
greenhouse,northspyre,common crawl
greenhouse,northwestadministratorsinc,common crawl
greenhouse,noscodamos,common crawl
greenhouse,notexternal,common crawl
greenhouse,nothing,common crawl
greenhouse,notion,common crawl
greenhouse,nova401,common crawl
greenhouse,novacredit,common crawl
greenhouse,novalabs,common crawl
greenhouse,novatize,common crawl
greenhouse,novig,common crawl
greenhouse,novisto78,common crawl
greenhouse,novo,common crawl
greenhouse,novoed,common crawl
greenhouse,noyocareers,common crawl
greenhouse,nozominetworks,common crawl
greenhouse,ntconcepts,common crawl
greenhouse,nttdatausa,common crawl
greenhouse,nuancelabs,common crawl
greenhouse,nubank,common crawl
greenhouse,nucleus,common crawl
greenhouse,nugget,common crawl
greenhouse,nuitee,common crawl
greenhouse,numa,common crawl
greenhouse,numattechnologies,common crawl
greenhouse,nuna,common crawl
greenhouse,nurix,common crawl
greenhouse,nuro,companies.csv
greenhouse,nutrabolt,common crawl
greenhouse,nutrafol,common crawl
greenhouse,nuvalent,common crawl
greenhouse,nwpcc,common crawl
greenhouse,nycedc,common crawl
greenhouse,nyiso,common crawl
greenhouse,o2epcminc,common crawl
greenhouse,oafkenya,common crawl
greenhouse,oaklineproperties,common crawl
greenhouse,oasishealthpartners,common crawl
greenhouse,oasisnetwork,common crawl
greenhouse,oasisplumbingheatingcooling,common crawl
greenhouse,oasissecurity,common crawl
greenhouse,obamafoundation,common crawl
greenhouse,obexp,common crawl
greenhouse,obracapitalinc,common crawl
greenhouse,obrienveterinarygroup,common crawl
greenhouse,observeai,common crawl
greenhouse,obsidiansecurity,common crawl
greenhouse,obsidiantherapeutics,common crawl
greenhouse,oceanx,common crawl
greenhouse,ocrolusinc,common crawl
greenhouse,octaura,common crawl
greenhouse,octave,common crawl
greenhouse,octus,common crawl
greenhouse,oddball,common crawl
greenhouse,odeko,common crawl
greenhouse,offerfit,common crawl
greenhouse,offerup,common crawl
greenhouse,offerzen,common crawl
greenhouse,officespacesoftware,common crawl
greenhouse,offshorelaunch,common crawl
greenhouse,ogilvyaus,common crawl
greenhouse,ogilvygermany,common crawl
greenhouse,ogilvyhealthcanada,common crawl
greenhouse,ogilvyhealthuk,common crawl
greenhouse,ogilvyjapan,common crawl
greenhouse,ogilvymena,common crawl
greenhouse,ohalogenetics,common crawl
greenhouse,ohdela,common crawl
greenhouse,ohio,companies.csv
greenhouse,ohmd,common crawl
greenhouse,ohsufoundation,common crawl
greenhouse,okcoin,common crawl
greenhouse,oklo,common crawl
greenhouse,okx,common crawl
greenhouse,olaplexcareers,common crawl
greenhouse,oldcastlebuildingenvelope,common crawl
greenhouse,olema,common crawl
greenhouse,olipop,common crawl
greenhouse,olivai,common crawl
greenhouse,oliver,common crawl
greenhouse,oliverplus,common crawl
greenhouse,oliverseapac,common crawl
greenhouse,oliverusa,common crawl
greenhouse,olly,common crawl
greenhouse,olsson,common crawl
greenhouse,olympusproperty,common crawl
greenhouse,om1,common crawl
greenhouse,omadahealth,common crawl
greenhouse,omakaserobotics,common crawl
greenhouse,ombud,common crawl
greenhouse,omguk,common crawl
greenhouse,omidyarnetwork,common crawl
greenhouse,omnicomhealth,common crawl
greenhouse,omnidata,common crawl
greenhouse,omnifdn,common crawl
greenhouse,omnionpower,common crawl
greenhouse,onapsis,common crawl
greenhouse,onarchipelago,common crawl
greenhouse,onbe,common crawl
greenhouse,onboardmeetings,common crawl
greenhouse,oncoverycare,common crawl
greenhouse,ondofinance,common crawl
greenhouse,oneacrefund,common crawl
greenhouse,oneacrefundethiopia,common crawl
greenhouse,oneacrefundglobal,common crawl
greenhouse,oneacrefundnigeria,common crawl
greenhouse,oneacrefundrwanda,common crawl
greenhouse,oneacrefundtanzania,common crawl
greenhouse,oneearthfuture,common crawl
greenhouse,oneglobe,common crawl
greenhouse,oneimaging,common crawl
greenhouse,onemedical,common crawl
greenhouse,onenergy,common crawl
greenhouse,onepath,common crawl
greenhouse,onepeakmedical,common crawl
greenhouse,onesixsolutions27,common crawl
greenhouse,onestudyteam,common crawl
greenhouse,onetrust,common crawl
greenhouse,onevest,common crawl
greenhouse,onexgeneral,common crawl
greenhouse,onistudios,common crawl
greenhouse,onnitlabs,common crawl
greenhouse,onrunning,common crawl
greenhouse,onsiteiq,common crawl
greenhouse,onxmaps,common crawl
greenhouse,oodlefinance,common crawl
greenhouse,ooma,common crawl
greenhouse,oosmanagementcorp,common crawl
greenhouse,opaquesystems,common crawl
greenhouse,openai,common crawl
greenhouse,openap,common crawl
greenhouse,opendoor,common crawl
greenhouse,openeye,common crawl
greenhouse,openfertility,common crawl
greenhouse,openfx,common crawl
greenhouse,opensesame,common crawl
greenhouse,opentable,common crawl
greenhouse,openteams,common crawl
greenhouse,openup,common crawl
greenhouse,operantai,common crawl
greenhouse,operationscareers,common crawl
greenhouse,ophelia,common crawl
greenhouse,oplabs,common crawl
greenhouse,oportun,common crawl
greenhouse,opploans,common crawl
greenhouse,opswat,common crawl
greenhouse,optimadermatologycareers,common crawl
greenhouse,optimal,common crawl
greenhouse,optimalcare,common crawl
greenhouse,optimamedical,common crawl
greenhouse,optimove,common crawl
greenhouse,optimustechnologies,common crawl
greenhouse,optiverprivate,companies.csv
greenhouse,optoinvest,common crawl
greenhouse,oralsurgerypartners,common crawl
greenhouse,orangetwist,common crawl
greenhouse,orbitaloperations,common crawl
greenhouse,orcasecurity,common crawl
greenhouse,orchard,common crawl
greenhouse,orchestra,common crawl
greenhouse,orderly,common crawl
greenhouse,orderlynetwork,common crawl
greenhouse,orennia,common crawl
greenhouse,origisenergy,common crawl
greenhouse,orium,common crawl
greenhouse,orkes,common crawl
greenhouse,orthosportsmedphysicaltherapyjobs,common crawl
greenhouse,oruka,common crawl
greenhouse,orum,common crawl
greenhouse,osano,common crawl
greenhouse,oscar,common crawl
greenhouse,oshihealth,common crawl
greenhouse,osmosis,common crawl
greenhouse,osmosisdex,common crawl
greenhouse,ossiumhealth,common crawl
greenhouse,otter,common crawl
greenhouse,otterai,common crawl
greenhouse,otterbein,common crawl
greenhouse,ottoaviation,common crawl
greenhouse,ouihelp,common crawl
greenhouse,oulahealth,common crawl
greenhouse,ounceofcare,common crawl
greenhouse,oura,common crawl
greenhouse,outlive,common crawl
greenhouse,outpostspace,common crawl
greenhouse,outrider,common crawl
greenhouse,outschool,common crawl
greenhouse,outsetmedical,common crawl
greenhouse,overdare,common crawl
greenhouse,overjet,common crawl
greenhouse,overlandai,common crawl
greenhouse,overstory,common crawl
greenhouse,overstoryhealth,common crawl
greenhouse,owc,common crawl
greenhouse,owenscompaniesasp,common crawl
greenhouse,ownwell,common crawl
greenhouse,oyster,common crawl
greenhouse,ozow,common crawl
greenhouse,p72pi,common crawl
greenhouse,pacaso,common crawl
greenhouse,pacificfusion,common crawl
greenhouse,pacificlegalfoundation,common crawl
greenhouse,packardculliganwater,common crawl
greenhouse,pacnyc,common crawl
greenhouse,pacvue,common crawl
greenhouse,pado,common crawl
greenhouse,pagaya,common crawl
greenhouse,pagayais,common crawl
greenhouse,pagerduty,common crawl
greenhouse,paige,common crawl
greenhouse,pairteam,common crawl
greenhouse,palaktakidsacademy,common crawl
greenhouse,pallet,common crawl
greenhouse,palmettocleantech,common crawl
greenhouse,paloit,common crawl
greenhouse,paloverdeanimalhospital,common crawl
greenhouse,pandadoc,common crawl
greenhouse,pangeamoneytransfer,common crawl
greenhouse,panthalassa,common crawl
greenhouse,pantheon,common crawl
greenhouse,pantheonpublic,common crawl
greenhouse,pantherlabs,common crawl
greenhouse,papa,common crawl
greenhouse,paper,common crawl
greenhouse,paperlessparts,common crawl
greenhouse,paperlesspost,common crawl
greenhouse,parabilismed,common crawl
greenhouse,parachutehealth,common crawl
greenhouse,parachutehome,common crawl
greenhouse,paradigm62,common crawl
greenhouse,paradigminccareersopenpositions,common crawl
greenhouse,paradigmtreatmentcenters,common crawl
greenhouse,parallel,common crawl
greenhouse,paralleljobs,common crawl
greenhouse,parallellearning,common crawl
greenhouse,parasail,common crawl
greenhouse,paretocaptiveservicesllc,common crawl
greenhouse,parloa,common crawl
greenhouse,parsleyhealth,common crawl
greenhouse,partnerstack,common crawl
greenhouse,partumhealth,common crawl
greenhouse,partumhealthdirect,common crawl
greenhouse,passes,common crawl
greenhouse,patch,common crawl
greenhouse,pathai,common crawl
greenhouse,pathlight,common crawl
greenhouse,pathrobotics,common crawl
greenhouse,pathstone,common crawl
greenhouse,pathstream,common crawl
greenhouse,pathward,common crawl
greenhouse,patientpoint,common crawl
greenhouse,patreon,common crawl
greenhouse,patriotgrowthinsuranceservicesllc,common crawl
greenhouse,patronusaiinc,common crawl
greenhouse,paveakatroveinformationtechnologies,common crawl
greenhouse,paxful,common crawl
greenhouse,payit,common crawl
greenhouse,paynearmeinc,common crawl
greenhouse,payoneer,common crawl
greenhouse,paypay,common crawl
greenhouse,paypaycard,common crawl
greenhouse,paypaysec,common crawl
greenhouse,paystack,common crawl
greenhouse,paystand,common crawl
greenhouse,paytient,common crawl
greenhouse,pdi,common crawl
greenhouse,pdtpartners,common crawl
greenhouse,peakdesign,common crawl
greenhouse,pearceservices,common crawl
greenhouse,pearlhealth,common crawl
greenhouse,pebblelife,common crawl
greenhouse,pediatricsplus,common crawl
greenhouse,pegasuslaboratoriesinc,common crawl
greenhouse,pelago,common crawl
greenhouse,pendartechnologies,companies.csv
greenhouse,pendo,common crawl
greenhouse,penninteractive,common crawl
greenhouse,pennylinn,common crawl
greenhouse,peopledatalabs,common crawl
greenhouse,peoplefinders,common crawl
greenhouse,peregrinehealth,common crawl
greenhouse,peregrinehealthcorporate,common crawl
greenhouse,peregrinetechnologies,common crawl
greenhouse,perfectserve,common crawl
greenhouse,perionnetworkltd,common crawl
greenhouse,perpay,common crawl
greenhouse,perplexityai,common crawl
greenhouse,perryellisinternational,common crawl
greenhouse,perscholashires,common crawl
greenhouse,persefoniaiinc,common crawl
greenhouse,personalisinc,common crawl
greenhouse,personalizedbeautydiscoveryincdbaipsy,common crawl
greenhouse,petfolk,common crawl
greenhouse,pfm,common crawl
greenhouse,phaidra,common crawl
greenhouse,phantom45,common crawl
greenhouse,pharomanagement,common crawl
greenhouse,phasev,common crawl
greenhouse,phdata,common crawl
greenhouse,phenogyag,common crawl
greenhouse,philliesbaseballoperations,common crawl
greenhouse,philo,common crawl
greenhouse,phizenix,common crawl
greenhouse,phoenixcontact,common crawl
greenhouse,phonepe,common crawl
greenhouse,phxproduction,common crawl
greenhouse,phynetdermatology,common crawl
greenhouse,physicsx,common crawl
greenhouse,pia,common crawl
greenhouse,piaggiofastforward,companies.csv
greenhouse,picoquantitativetrading,common crawl
greenhouse,picsart,common crawl
greenhouse,pieinsurance,common crawl
greenhouse,piermontbank,common crawl
greenhouse,pilot,common crawl
greenhouse,pilothq,common crawl
greenhouse,pindropsecurity,common crawl
greenhouse,pinegaterenewables,common crawl
greenhouse,pineparkhealth,common crawl
greenhouse,pingcap,common crawl
greenhouse,pingidentity,common crawl
greenhouse,pinterest,common crawl
greenhouse,pinwheelapi,common crawl
greenhouse,pioneer,common crawl
greenhouse,piramidalinc,common crawl
greenhouse,pistontechnologies,common crawl
greenhouse,pitchbookdata,common crawl
greenhouse,pivotbio,common crawl
greenhouse,place,common crawl
greenhouse,placementsio,common crawl
greenhouse,placerlabs,common crawl
greenhouse,planetlabs,common crawl
greenhouse,planetscale,common crawl
greenhouse,platformscience,common crawl
greenhouse,platinumdermpapp,common crawl
greenhouse,platinumdermphysicians,common crawl
greenhouse,plative,common crawl
greenhouse,playworks96,common crawl
greenhouse,pleo,common crawl
greenhouse,plexusworldwidellc,common crawl
greenhouse,plianttherapeuticsinc,common crawl
greenhouse,plootocareers,common crawl
greenhouse,plotly,common crawl
greenhouse,plscareers,companies.csv
greenhouse,plume,common crawl
greenhouse,plus,common crawl
greenhouse,pluspower,common crawl
greenhouse,pmg,common crawl
greenhouse,pmguk,common crawl
greenhouse,poatek,common crawl
greenhouse,pocketgems,common crawl
greenhouse,podium81,common crawl
greenhouse,point72,common crawl
greenhouse,pointc,common crawl
greenhouse,pointdigitalfinance,common crawl
greenhouse,pointwild,common crawl
greenhouse,poka,common crawl
greenhouse,pokemonapplicantprivacynotice,common crawl
greenhouse,pokemoncareers,common crawl
greenhouse,polly,common crawl
greenhouse,polychaincapital,common crawl
greenhouse,pomelocare,common crawl
greenhouse,ponderosa,common crawl
greenhouse,pontera,common crawl
greenhouse,pontosoftwareinc,common crawl
greenhouse,poppulo,common crawl
greenhouse,popsugar,common crawl
greenhouse,portable,common crawl
greenhouse,portagecareers,common crawl
greenhouse,porternovelli,common crawl
greenhouse,posigen,common crawl
greenhouse,possiblefinancialinc,common crawl
greenhouse,postman,common crawl
greenhouse,postscript,common crawl
greenhouse,powellelectric,common crawl
greenhouse,powerdigitalmarketing,common crawl
greenhouse,powertodecide,common crawl
greenhouse,powerx,common crawl
greenhouse,pqshield,common crawl
greenhouse,practicebetter,common crawl
greenhouse,praxent,common crawl
greenhouse,praxisprecisionmedicines,common crawl
greenhouse,preciselyinternationaljobs,common crawl
greenhouse,preciselyusjobs,common crawl
greenhouse,precisionaq,common crawl
greenhouse,precisionmedicinegroup,common crawl
greenhouse,precisionvehicleholdings,common crawl
greenhouse,predictiveindex,common crawl
greenhouse,premierautomation,companies.csv
greenhouse,prendiodbaprendiobioprocure,common crawl
greenhouse,prenuvo,common crawl
greenhouse,presencelearning,companies.csv
greenhouse,presidents,common crawl
greenhouse,presidentssummit,common crawl
greenhouse,prezzee,common crawl
greenhouse,pricefox,common crawl
greenhouse,pricespider,common crawl
greenhouse,primemedicine,common crawl
greenhouse,primerai,common crawl
greenhouse,primetrust,common crawl
greenhouse,primexbt,common crawl
greenhouse,princo-investment-analyst,common crawl
greenhouse,prisma,common crawl
greenhouse,prisma6,common crawl
greenhouse,prismatic,common crawl
greenhouse,prismvetdentistry,common crawl
greenhouse,privateequityinsights,common crawl
greenhouse,privatehealthmanagement,common crawl
greenhouse,privateidentity,common crawl
greenhouse,privatejobs,common crawl
greenhouse,processstreet,common crawl
greenhouse,proconex,common crawl
greenhouse,procore,common crawl
greenhouse,prodigal,common crawl
greenhouse,productboard,common crawl
greenhouse,productiv,common crawl
greenhouse,profitrecoverypartners,common crawl
greenhouse,profluent,common crawl
greenhouse,project44,common crawl
greenhouse,projectaservicesgmbhcokg,common crawl
greenhouse,projectfarma,common crawl
greenhouse,prokidney,common crawl
greenhouse,prolaio,common crawl
greenhouse,prolificacademicltd,common crawl
greenhouse,prometheusrealestategroup,common crawl
greenhouse,propel,common crawl
greenhouse,proper,common crawl
greenhouse,propertyfinder,common crawl
greenhouse,propertymanagementassociates,common crawl
greenhouse,prophecysimpledatalabs,common crawl
greenhouse,prophero,common crawl
greenhouse,prophet,common crawl
greenhouse,propiolanguageservices,common crawl
greenhouse,propublica,common crawl
greenhouse,prospectus,common crawl
greenhouse,prosperhealth,common crawl
greenhouse,protaratherapeutics,common crawl
greenhouse,protocollabs,common crawl
greenhouse,proton,common crawl
greenhouse,protonai,common crawl
greenhouse,provablyfair,common crawl
greenhouse,prove,common crawl
greenhouse,proyectosenmexycentroamerica,common crawl
greenhouse,proyectosinternacionales,common crawl
greenhouse,psibufet,common crawl
greenhouse,psiquantum,common crawl
greenhouse,pubgcorporation,common crawl
greenhouse,pubgemea,common crawl
greenhouse,public,common crawl
greenhouse,publicinput,common crawl
greenhouse,publiclabel,common crawl
greenhouse,pubnub,common crawl
greenhouse,pulse,common crawl
greenhouse,pulumicorporation,common crawl
greenhouse,purestorage,common crawl
greenhouse,pursuit,common crawl
greenhouse,pushpay,common crawl
greenhouse,putnamassociatesllc,common crawl
greenhouse,pyka,common crawl
greenhouse,pzenainvestmentmanagement,common crawl
greenhouse,qantev,common crawl
greenhouse,qcentrix,common crawl
greenhouse,qgenda,common crawl
greenhouse,qphox,common crawl
greenhouse,quadbridge,common crawl
greenhouse,quadraturecapital,common crawl
greenhouse,quaise,common crawl
greenhouse,qualia,common crawl
greenhouse,qualifiedhealth,common crawl
greenhouse,qualtrics,common crawl
greenhouse,quanata,common crawl
greenhouse,quansight,common crawl
greenhouse,quantifind,common crawl
greenhouse,quantiq,common crawl
greenhouse,quantumsi25,common crawl
greenhouse,quantumspacellc,common crawl
greenhouse,quberesearchandtechnologies,common crawl
greenhouse,quelltherapeutics,common crawl
greenhouse,queracomputinginc,common crawl
greenhouse,questbridge,common crawl
greenhouse,quidient,common crawl
greenhouse,quilt,common crawl
greenhouse,quince,common crawl
greenhouse,quintoandar,common crawl
greenhouse,quip,common crawl
greenhouse,quixquantumbv,common crawl
greenhouse,quora,common crawl
greenhouse,racapitalmanagementllc,common crawl
greenhouse,rackner,common crawl
greenhouse,radar,common crawl
greenhouse,radaranalytics,common crawl
greenhouse,radiant,common crawl
greenhouse,radiantsecurity,common crawl
greenhouse,radiclehealth,common crawl
greenhouse,radixark,common crawl
greenhouse,radixexperienced,common crawl
greenhouse,radixuniversity,common crawl
greenhouse,raft,common crawl
greenhouse,rainberry,common crawl
greenhouse,raisin,common crawl
greenhouse,ramp,common crawl
greenhouse,rangeviewinc,common crawl
greenhouse,rapidfortinc,common crawl
greenhouse,rapidsos,common crawl
greenhouse,rapp,common crawl
greenhouse,raptortechnologies,common crawl
greenhouse,raven,common crawl
greenhouse,razorpaysoftwareprivatelimited,common crawl
greenhouse,rbatascocita,common crawl
greenhouse,rbkingwood,common crawl
greenhouse,rclco,common crawl
greenhouse,rdccareers,common crawl
greenhouse,rdsourcing,common crawl
greenhouse,rdstation,common crawl
greenhouse,reach,common crawl
greenhouse,reachdesk,common crawl
greenhouse,readai,common crawl
greenhouse,realchemistry,common crawl
greenhouse,reallygreatreading,common crawl
greenhouse,realm,common crawl
greenhouse,realtimeboardglobal,common crawl
greenhouse,rearoad,common crawl
greenhouse,rebag,common crawl
greenhouse,rebtel,common crawl
greenhouse,rebuildmanufacturing,common crawl
greenhouse,recall,common crawl
greenhouse,recharge,common crawl
greenhouse,recidiviz,common crawl
greenhouse,recorainc,common crawl
greenhouse,recordedfuture,common crawl
greenhouse,rectanglehealth,common crawl
greenhouse,recursionpharmaceuticals,common crawl
greenhouse,redcellpartners,common crawl
greenhouse,redcircle,common crawl
greenhouse,reddingridge,common crawl
greenhouse,reddit,common crawl
greenhouse,redesignhealth,common crawl
greenhouse,redpandadata,common crawl
greenhouse,redwoodmaterials,common crawl
greenhouse,redwoodsoftware,common crawl
greenhouse,reefparking,common crawl
greenhouse,reemahealth,common crawl
greenhouse,referralsuseonly,common crawl
greenhouse,reflective,common crawl
greenhouse,reflex,common crawl
greenhouse,reformation,common crawl
greenhouse,refurbed,common crawl
greenhouse,regionalspotonsales,common crawl
greenhouse,regscale,common crawl
greenhouse,reidopitaco,common crawl
greenhouse,relataboratoriesce,common crawl
greenhouse,relationalai,common crawl
greenhouse,relativity,common crawl
greenhouse,relaypayments,common crawl
greenhouse,relaypro,common crawl
greenhouse,relaytherapeutics,common crawl
greenhouse,released,common crawl
greenhouse,relex,common crawl
greenhouse,relic,common crawl
greenhouse,relishworks,common crawl
greenhouse,reltio,common crawl
greenhouse,relyance,common crawl
greenhouse,remason,common crawl
greenhouse,remedyhomehealthcare,common crawl
greenhouse,remesh,common crawl
greenhouse,remixtherapeutics,common crawl
greenhouse,remodelhealth,common crawl
greenhouse,remoracarbon,common crawl
greenhouse,remotasks,common crawl
greenhouse,remote,common crawl
greenhouse,remotecom,common crawl
greenhouse,remotepeople,common crawl
greenhouse,remotereferralboardinternaluseonly,common crawl
greenhouse,remotewoman,common crawl
greenhouse,renaissancelearning-nam,common crawl
greenhouse,rendezvousrobotics,common crawl
greenhouse,renewedvision,common crawl
greenhouse,renpsg,common crawl
greenhouse,renttherunway,common crawl
greenhouse,reolink,common crawl
greenhouse,repeatmd,common crawl
greenhouse,reproductivefreedomforall,common crawl
greenhouse,reprofreedomforallinternships,common crawl
greenhouse,res,common crawl
greenhouse,rescue,common crawl
greenhouse,researchpartnership,common crawl
greenhouse,reserv,common crawl
greenhouse,resideliving,common crawl
greenhouse,residenthome,common crawl
greenhouse,resolvetosavelives,common crawl
greenhouse,resonantenergy,common crawl
greenhouse,resortpass,common crawl
greenhouse,restaurantsupply,common crawl
greenhouse,resultsforamerica,common crawl
greenhouse,retool,common crawl
greenhouse,reunionmarketing,common crawl
greenhouse,rev,common crawl
greenhouse,revivn,common crawl
greenhouse,rewardsnetwork,common crawl
greenhouse,rexfordindustrial,companies.csv
greenhouse,rfsmart,common crawl
greenhouse,rhodeskin,common crawl
greenhouse,rhombuspower,common crawl
greenhouse,rhymetec,common crawl
greenhouse,rhythmagency,common crawl
greenhouse,rhythmx-ai,common crawl
greenhouse,ridedott,common crawl
greenhouse,ridedott-ground-roles,common crawl
greenhouse,ridgeline,common crawl
greenhouse,rigup,common crawl
greenhouse,rimestechnologies,common crawl
greenhouse,ripariaenvironmental,common crawl
greenhouse,ripcpc,common crawl
greenhouse,ripple,common crawl
greenhouse,rise8,common crawl
greenhouse,riskified,common crawl
greenhouse,ritual,common crawl
greenhouse,riverbenddentalcentre,common crawl
greenhouse,riversidenaturalfoodsltd,common crawl
greenhouse,roadie,common crawl
greenhouse,roadrunner,common crawl
greenhouse,robinhood,common crawl
greenhouse,roblox,companies.csv
greenhouse,roboforce,companies.csv
greenhouse,robotsandpencils,common crawl
greenhouse,rockbot,common crawl
greenhouse,rocketlab,common crawl
greenhouse,rocketlawyer,companies.csv
greenhouse,rockstargames,common crawl
greenhouse,roku,common crawl
greenhouse,roller,common crawl
greenhouse,rondoenergy,common crawl
greenhouse,roofstock,common crawl
greenhouse,route,common crawl
greenhouse,rqdclearingllc,common crawl
greenhouse,rtwinvestments,companies.csv
greenhouse,rubiconcarbon,common crawl
greenhouse,rubilaboratories33,common crawl
greenhouse,ruggable,common crawl
greenhouse,ruggedrobotics,companies.csv
greenhouse,runwayml,common crawl
greenhouse,runwise,common crawl
greenhouse,rvohcontentfreelance,common crawl
greenhouse,sage49,common crawl
greenhouse,saildroneinc,common crawl
greenhouse,sailthru,common crawl
greenhouse,salesloft,common crawl
greenhouse,salientmotion,common crawl
greenhouse,salsify,common crawl
greenhouse,saltbox,common crawl
greenhouse,saltlending,common crawl
greenhouse,saltsecurity,common crawl
greenhouse,saltxc,companies.csv
greenhouse,samayaai,companies.csv
greenhouse,samlabs,common crawl
greenhouse,samsara,common crawl
greenhouse,samsungnext,common crawl
greenhouse,samsungresearchamerica,common crawl
greenhouse,samsungresearchamericainternship,companies.csv
greenhouse,sandstonecareboulder,common crawl
greenhouse,sandstonecarebroomfield,common crawl
greenhouse,sandstonecaredarien,common crawl
greenhouse,sandstonechicago,common crawl
greenhouse,sandstonecoloradomedicaldetox,common crawl
greenhouse,sandstonedenver,common crawl
greenhouse,sandstonetinleypark,common crawl
greenhouse,sanmar,common crawl
greenhouse,scaleai,common crawl
greenhouse,scandit,common crawl
greenhouse,schonfeld,common crawl
greenhouse,schrdinger,common crawl
greenhouse,scm,companies.csv
greenhouse,scopely,common crawl
greenhouse,scoremediaandgaminginc,common crawl
greenhouse,scout24,common crawl
greenhouse,scoutmotors,companies.csv
greenhouse,sealed,common crawl
greenhouse,seamlessai,common crawl
greenhouse,seatgeek,common crawl
greenhouse,secondharvest,common crawl
greenhouse,securityscorecard,common crawl
greenhouse,seenhealth,common crawl
greenhouse,selectmanagementgroup,common crawl
greenhouse,selffinancial,common crawl
greenhouse,semgrep,common crawl
greenhouse,senrasystems,common crawl
greenhouse,sentinellabs,common crawl
greenhouse,sentry,common crawl
greenhouse,servicetitan,common crawl
greenhouse,sesai,common crawl
greenhouse,setpoint,common crawl
greenhouse,seurat,companies.csv
greenhouse,sevenresearch,companies.csv
greenhouse,sezzle,common crawl
greenhouse,shakepay,common crawl
greenhouse,sharkninjaoperatingllc,companies.csv
greenhouse,shearerssnacks,common crawl
greenhouse,shein,companies.csv
greenhouse,shelf,common crawl
greenhouse,shift5,common crawl
greenhouse,shifttechnology,common crawl
greenhouse,shipbobinc,common crawl
greenhouse,shipmonk,common crawl
greenhouse,shopee,common crawl
greenhouse,shopmonkey,common crawl
greenhouse,shopmy,common crawl
greenhouse,sidecarhealth,common crawl
greenhouse,sidewalklabs,common crawl
greenhouse,sigmacomputing,common crawl
greenhouse,signifyd95,common crawl
greenhouse,signifyhealth,common crawl
greenhouse,silananotechnologies,common crawl
greenhouse,silversky,common crawl
greenhouse,simplesense,common crawl
greenhouse,simpletechnologysolutions,companies.csv
greenhouse,simplifed,common crawl
greenhouse,simplifygroup,common crawl
greenhouse,singlestore,common crawl
greenhouse,sirenopt,common crawl
greenhouse,sirum,common crawl
greenhouse,sitsgroup,common crawl
greenhouse,sixfold,common crawl
greenhouse,sixgeninc,common crawl
greenhouse,skhynixamerica,companies.csv
greenhouse,skhynixmemorysolutionsamericainc,companies.csv
greenhouse,skildai-careers,common crawl
greenhouse,skillshare,common crawl
greenhouse,skillzinc,companies.csv
greenhouse,skout,common crawl
greenhouse,skupos,common crawl
greenhouse,skyryse,common crawl
greenhouse,skysafe,common crawl
greenhouse,skyscanner,common crawl
greenhouse,slice,common crawl
greenhouse,smartasset,common crawl
greenhouse,smarterdx,common crawl
greenhouse,smartfinancial,common crawl
greenhouse,smartlyio,companies.csv
greenhouse,smartrent,common crawl
greenhouse,smartsheet,common crawl
greenhouse,smithrx,common crawl
greenhouse,smlxl,common crawl
greenhouse,snorkelai,common crawl
greenhouse,snyk,common crawl
greenhouse,sociallab,common crawl
greenhouse,socialpoint,common crawl
greenhouse,sofitechsolutions,common crawl
greenhouse,solana,common crawl
greenhouse,soldejaneiro,common crawl
greenhouse,solidpower,companies.csv
greenhouse,sollishealth,common crawl
greenhouse,soloioinc,common crawl
greenhouse,somespiderstudios,common crawl
greenhouse,sonatus,companies.csv
greenhouse,sonderaustralia,common crawl
greenhouse,sonobello,companies.csv
greenhouse,sonothera,common crawl
greenhouse,sonyinteractiveentertainmentglobal,common crawl
greenhouse,sonyinteractiveentertainmentplaystation,common crawl
greenhouse,sonymusicinternshipsus,common crawl
greenhouse,sonypicturesanimation,common crawl
greenhouse,sonypicturesimageworks,common crawl
greenhouse,sorcero,common crawl
greenhouse,soroco,common crawl
greenhouse,soundagriculture,common crawl
greenhouse,soundcloud71,common crawl
greenhouse,sourcegraph,common crawl
greenhouse,sourcegraph91,common crawl
greenhouse,sovrn,common crawl
greenhouse,spacekinetic,companies.csv
greenhouse,spacex,common crawl
greenhouse,spanio,common crawl
greenhouse,sparkfund,common crawl
greenhouse,sparksoftcorporation,companies.csv
greenhouse,specialized,common crawl
greenhouse,specterops,common crawl
greenhouse,speechmatics,companies.csv
greenhouse,splash,common crawl
greenhouse,split,common crawl
greenhouse,sporttrade,common crawl
greenhouse,spotai,common crawl
greenhouse,springboardmentors,common crawl
greenhouse,springfertility,common crawl
greenhouse,springhealth66,common crawl
greenhouse,sprinklr,common crawl
greenhouse,spycloud,common crawl
greenhouse,squarespace,common crawl
greenhouse,ssreferrals,common crawl
greenhouse,stackadapt,common crawl
greenhouse,stackblitz,common crawl
greenhouse,stackline,common crawl
greenhouse,standardmetrics,common crawl
greenhouse,star-catcher,common crawl
greenhouse,starburst,common crawl
greenhouse,starcloud,common crawl
greenhouse,startale,common crawl
greenhouse,stauer,common crawl
greenhouse,stellar,common crawl
greenhouse,stemhealthcare,common crawl
greenhouse,stepmobile,common crawl
greenhouse,stockx,common crawl
greenhouse,stokespacetechnologies,common crawl
greenhouse,stone,common crawl
greenhouse,stord13,common crawl
greenhouse,strandtherapeutics,companies.csv
greenhouse,stratacareers,companies.csv
greenhouse,strava,common crawl
greenhouse,stripe,common crawl
greenhouse,strivehealth,common crawl
greenhouse,studiokraftonboard,companies.csv
greenhouse,studycontractors,common crawl
greenhouse,subsplash,common crawl
greenhouse,suki,common crawl
greenhouse,sumologic,common crawl
greenhouse,sunday,common crawl
greenhouse,sunnyside,common crawl
greenhouse,supabase,common crawl
greenhouse,superlayer,common crawl
greenhouse,superluminalrx,common crawl
greenhouse,superset,common crawl
greenhouse,supplyhouse,companies.csv
greenhouse,supraoracles,common crawl
greenhouse,surterrawellnessjobs,common crawl
greenhouse,survata,common crawl
greenhouse,surveymonkey,common crawl
greenhouse,sustainablewestchester,common crawl
greenhouse,sustainment,common crawl
greenhouse,swagup,common crawl
greenhouse,swayable,common crawl
greenhouse,sweetgreen,common crawl
greenhouse,sweetsecurity,common crawl
greenhouse,swiftsolar,common crawl
greenhouse,swishanalytics,common crawl
greenhouse,symend,common crawl
greenhouse,synack,common crawl
greenhouse,syndigo,common crawl
greenhouse,syndio,common crawl
greenhouse,syskahennessy,companies.csv
greenhouse,system,common crawl
greenhouse,taboola,common crawl
greenhouse,tailscale,common crawl
greenhouse,takecommandhealth,common crawl
greenhouse,talkspace,common crawl
greenhouse,talkspacetherapist,common crawl
greenhouse,talonone,common crawl
greenhouse,talos,common crawl
greenhouse,tandemcare,common crawl
greenhouse,tanium,common crawl
greenhouse,tarsusrx,common crawl
greenhouse,taskrabbit,common crawl
greenhouse,tastylive,companies.csv
greenhouse,tastytrade,companies.csv
greenhouse,tatari,companies.csv
greenhouse,tavus,common crawl
greenhouse,taxbit,common crawl
greenhouse,teads,common crawl
greenhouse,teads1,common crawl
greenhouse,tebra,common crawl
greenhouse,technergetics,companies.csv
greenhouse,techstars57,common crawl
greenhouse,tegnainc,common crawl
greenhouse,telemed2u,common crawl
greenhouse,telnyx54,common crawl
greenhouse,temporaltechnologies,common crawl
greenhouse,tempus,common crawl
greenhouse,tenableinc,common crawl
greenhouse,tencent,common crawl
greenhouse,tenet,common crawl
greenhouse,tensor,common crawl
greenhouse,tenstorrent,common crawl
greenhouse,tenstorrentuniversity,companies.csv
greenhouse,tenstreet,common crawl
greenhouse,terapore,common crawl
greenhouse,terranorbitalcorporation,common crawl
greenhouse,testlio,common crawl
greenhouse,testnisc,companies.csv
greenhouse,texascartitleandpaydayloanservicesinc,common crawl
greenhouse,textnowinc,common crawl
greenhouse,thatlot,common crawl
greenhouse,thatsnomoonentertainment,common crawl
greenhouse,the858emily123program,common crawl
greenhouse,theagencyre,common crawl
greenhouse,thealleninstitute,common crawl
greenhouse,thebaltimorebanner,common crawl
greenhouse,thebrandagency,common crawl
greenhouse,thebrattlegroup,common crawl
greenhouse,thechempetitivegroupllc,common crawl
greenhouse,thedailybeast31,common crawl
greenhouse,thedoulanetwork,common crawl
greenhouse,thedutchie,common crawl
greenhouse,theeverycompany,common crawl
greenhouse,thefarmersdog,common crawl
greenhouse,theflatironschool,common crawl
greenhouse,thefloridapanthers,common crawl
greenhouse,thefork,common crawl
greenhouse,thegialliancemanagementllccompany,common crawl
greenhouse,thegoodfoodinstitute80,common crawl
greenhouse,thehealthmanagementacademy,common crawl
greenhouse,theiconic,common crawl
greenhouse,theinformation,common crawl
greenhouse,thejanepauleycommunityhealthcenterinc,common crawl
greenhouse,theknotworldwide,common crawl
greenhouse,thelastmile,common crawl
greenhouse,thelibragroup,common crawl
greenhouse,theloomaproject,common crawl
greenhouse,theloomisagency,common crawl
greenhouse,themaritimeaquarium,common crawl
greenhouse,themarkup,common crawl
greenhouse,themarshallproject,common crawl
greenhouse,thematherevanston,common crawl
greenhouse,themichaeljfoxfoundation,common crawl
greenhouse,themjcos,common crawl
greenhouse,themotleyfool,common crawl
greenhouse,themuseumofscience,common crawl
greenhouse,thenewyorktimes,common crawl
greenhouse,thenuclearcompany,common crawl
greenhouse,theoncologyinstitute,common crawl
greenhouse,theorchard,common crawl
greenhouse,theoriamedical,common crawl
greenhouse,theperiscopegroup,common crawl
greenhouse,theplaceforchildrenwithautism,common crawl
greenhouse,theprincetonreview,common crawl
greenhouse,therma,common crawl
greenhouse,thesciongroupllc,common crawl
greenhouse,thesiscareers,common crawl
greenhouse,theswiftgroup,common crawl
greenhouse,thetradedesk,common crawl
greenhouse,thevitacococompany,common crawl
greenhouse,theweathercompany,common crawl
greenhouse,thezebra,common crawl
greenhouse,thiess,common crawl
greenhouse,thinkacademyus,common crawl
greenhouse,thinkingmachines,common crawl
greenhouse,thinkmarkets,common crawl
greenhouse,thinkofus,common crawl
greenhouse,thirdlove,common crawl
greenhouse,thirdwaveautomation,common crawl
greenhouse,thirtymadison,common crawl
greenhouse,thnks,common crawl
greenhouse,thoropass,common crawl
greenhouse,thoughtworksreferral,common crawl
greenhouse,thousandeyes,common crawl
greenhouse,threatlocker,common crawl
greenhouse,threecolts,common crawl
greenhouse,threeflow,common crawl
greenhouse,thrivecart,common crawl
greenhouse,thrivedigital,common crawl
greenhouse,thrivemarket,common crawl
greenhouse,thumbtack,common crawl
greenhouse,tia,common crawl
greenhouse,tide,common crawl
greenhouse,tidewatertech,common crawl
greenhouse,tigera,common crawl
greenhouse,timeinc,common crawl
greenhouse,tines,common crawl
greenhouse,tinginternet,common crawl
greenhouse,tipaltisolutions,common crawl
greenhouse,tippingpointcommunity,common crawl
greenhouse,tiree,common crawl
greenhouse,titelmedia,common crawl
greenhouse,tlatechinc,common crawl
greenhouse,tmc,common crawl
greenhouse,toast,common crawl
greenhouse,togetherai,common crawl
greenhouse,tomofunfurbo,common crawl
greenhouse,tomonetworks,common crawl
greenhouse,tomorrow,common crawl
greenhouse,tomorrowhealth,common crawl
greenhouse,toogoodtogo,common crawl
greenhouse,topcompare,common crawl
greenhouse,topoadvisors,common crawl
greenhouse,topsort,common crawl
greenhouse,topsteptrader,common crawl
greenhouse,torcrobotics,common crawl
greenhouse,toriihq,common crawl
greenhouse,torotms,common crawl
greenhouse,torq,common crawl
greenhouse,toshibaglobalcommercesolutions,common crawl
greenhouse,townsquareinteractive,common crawl
greenhouse,tpcengineeringholdingsllc,common crawl
greenhouse,tpgcareers,common crawl
greenhouse,trace3,common crawl
greenhouse,tracelinkinc,common crawl
greenhouse,trackonomysystems,common crawl
greenhouse,tract,common crawl
greenhouse,traderepublic,common crawl
greenhouse,traderepublicbank,common crawl
greenhouse,trailerpark,common crawl
greenhouse,transactlycoordinators,common crawl
greenhouse,transcarent,common crawl
greenhouse,transcendinc,common crawl
greenhouse,transcendtherapeutics,common crawl
greenhouse,transfergo,common crawl
greenhouse,transitionmanagementcorporation,common crawl
greenhouse,translucent,common crawl
greenhouse,transmarketgroup,common crawl
greenhouse,transnetyxcareers,common crawl
greenhouse,trase,common crawl
greenhouse,traveledge,common crawl
greenhouse,trayio,common crawl
greenhouse,treasuryprime,common crawl
greenhouse,treelinebiosciences,common crawl
greenhouse,trelliswaretechnologies,common crawl
greenhouse,tribalscale,common crawl
greenhouse,trigild,common crawl
greenhouse,trinityairmedical,common crawl
greenhouse,tripactions,common crawl
greenhouse,tripadvisor,common crawl
greenhouse,triparc,common crawl
greenhouse,tripledotstudios,common crawl
greenhouse,triplelift,common crawl
greenhouse,triplewhale,common crawl
greenhouse,tripwireinteractive,common crawl
greenhouse,triumvirateenvironmental,common crawl
greenhouse,trivelta,common crawl
greenhouse,trmlabs,common crawl
greenhouse,trov,common crawl
greenhouse,trove,common crawl
greenhouse,trovohealth,common crawl
greenhouse,truckstop,common crawl
greenhouse,trueanomalyinc,common crawl
greenhouse,truebill,common crawl
greenhouse,truecaller,common crawl
greenhouse,trueindependentholdings,common crawl
greenhouse,truelogic,common crawl
greenhouse,truework,common crawl
greenhouse,truloveorthodontics,common crawl
greenhouse,trumid,companies.csv
greenhouse,trunkclub,common crawl
greenhouse,trustana,common crawl
greenhouse,trustmachines,common crawl
greenhouse,trustpilot,common crawl
greenhouse,trustwill,common crawl
greenhouse,truveta,common crawl
greenhouse,tsg,common crawl
greenhouse,ttcglobal,common crawl
greenhouse,ttiinc,common crawl
greenhouse,tubescience52,common crawl
greenhouse,tubi,common crawl
greenhouse,tubitv,common crawl
greenhouse,tucows,common crawl
greenhouse,tudorgroup,common crawl
greenhouse,tuesdayhealth,common crawl
greenhouse,tulip,common crawl
greenhouse,turbineone,common crawl
greenhouse,turbotenant,common crawl
greenhouse,turing,common crawl
greenhouse,turncare,common crawl
greenhouse,turquoisehealth,common crawl
greenhouse,turtlerockstudios,common crawl
greenhouse,tusimple,common crawl
greenhouse,tutor_com,common crawl
greenhouse,tvscientific,common crawl
greenhouse,tvtime,common crawl
greenhouse,twelve,common crawl
greenhouse,twilio,common crawl
greenhouse,twinhealth,common crawl
greenhouse,twistbioscience,common crawl
greenhouse,twitch,common crawl
greenhouse,twochairs,common crawl
greenhouse,twosixtechnologies,common crawl
greenhouse,typeface,common crawl
greenhouse,typeform,common crawl
greenhouse,tysonmendesllp,common crawl
greenhouse,uareai,common crawl
greenhouse,uasi,common crawl
greenhouse,uberfreight,common crawl
greenhouse,ubiquitygp,common crawl
greenhouse,uchicagoepic,common crawl
greenhouse,udacity,common crawl
greenhouse,udemy,common crawl
greenhouse,udemybedi,companies.csv
greenhouse,ujet,common crawl
greenhouse,ukmed,common crawl
greenhouse,ultimagenomics,common crawl
greenhouse,ultimate,common crawl
greenhouse,ultragenyxpharmaceutical,common crawl
greenhouse,umaeducationinc,common crawl
greenhouse,unchainedlabs,common crawl
greenhouse,unconventionalinc,common crawl
greenhouse,underdog,common crawl
greenhouse,underdogfantasy,common crawl
greenhouse,underscoremarketing,common crawl
greenhouse,understoodcare,common crawl
greenhouse,unframe,common crawl
greenhouse,unisonhomeownershipinvestors,common crawl
greenhouse,unispace,common crawl
greenhouse,uniswaplabs,common crawl
greenhouse,unitedfirm,common crawl
greenhouse,unitedmasterstranslation,common crawl
greenhouse,unitedmedia,common crawl
greenhouse,uniteus,common crawl
greenhouse,unknownworlds,common crawl
greenhouse,unlock,common crawl
greenhouse,unlockhealth,common crawl
greenhouse,unybrands,common crawl
greenhouse,up,common crawl
greenhouse,upbound,common crawl
greenhouse,upboundext,common crawl
greenhouse,updater,common crawl
greenhouse,upgrade,common crawl
greenhouse,upkeep,common crawl
greenhouse,upriteconstruction,common crawl
greenhouse,upshop,common crawl
greenhouse,upstack,common crawl
greenhouse,upstart,common crawl
greenhouse,upstatementrecruiting,common crawl
greenhouse,uptake,common crawl
greenhouse,upwardhealth,common crawl
greenhouse,upwingenergy,common crawl
greenhouse,upwork,common crawl
greenhouse,urbanfootprint,common crawl
greenhouse,urbansportsclub,common crawl
greenhouse,ursamajor,common crawl
greenhouse,usafacts,companies.csv
greenhouse,usaforunhcr,common crawl
greenhouse,usconec,common crawl
greenhouse,usenourish,common crawl
greenhouse,ustwo,common crawl
greenhouse,utahtitleloansinc,common crawl
greenhouse,utilityprofit,common crawl
greenhouse,uvimco,common crawl
greenhouse,vacasa,common crawl
greenhouse,vaco,common crawl
greenhouse,vailclinicincdbavailhealthhospital,common crawl
greenhouse,vailexa,common crawl
greenhouse,valaratomics,common crawl
greenhouse,valerahealth,common crawl
greenhouse,valohealth,common crawl
greenhouse,valon,common crawl
greenhouse,valspec,common crawl
greenhouse,valtech,common crawl
greenhouse,vanguarddermatology,common crawl
greenhouse,vanleeuwenicecream,common crawl
greenhouse,vanmetre,common crawl
greenhouse,vannevarlabs,common crawl
greenhouse,vanta,common crawl
greenhouse,vantagescore,common crawl
greenhouse,vardaspace,common crawl
greenhouse,varicent,common crawl
greenhouse,varsitytutors,common crawl
greenhouse,vast,common crawl
greenhouse,vaticlabs,common crawl
greenhouse,vault,common crawl
greenhouse,vaxcyte,common crawl
greenhouse,vay,common crawl
greenhouse,vaynermedia,common crawl
greenhouse,vayu,common crawl
greenhouse,vdc,common crawl
greenhouse,vectranetworks,common crawl
greenhouse,veeamsoftware,companies.csv
greenhouse,vegaamericas,common crawl
greenhouse,veir,common crawl
greenhouse,velir,common crawl
greenhouse,velir-private,common crawl
greenhouse,velocityelectronics,common crawl
greenhouse,venncity,common crawl
greenhouse,ventureforamerica,common crawl
greenhouse,ventureglobal,common crawl
greenhouse,ventustherapeutics,common crawl
greenhouse,veocorporatecareers,common crawl
greenhouse,veracode,common crawl
greenhouse,verainstituteofjustice,common crawl
greenhouse,veranahealth,common crawl
greenhouse,veranoholdings,common crawl
greenhouse,veratherapeuticsinc,common crawl
greenhouse,verbenergy,common crawl
greenhouse,vercel,common crawl
greenhouse,verifone,common crawl
greenhouse,veriforce,common crawl
greenhouse,veriheal,common crawl
greenhouse,verilife,common crawl
greenhouse,verisign,common crawl
greenhouse,veritasvetpartners,common crawl
greenhouse,verkada,common crawl
greenhouse,verramobility,common crawl
greenhouse,versaterm,common crawl
greenhouse,verse,common crawl
greenhouse,vertexservicepartners,common crawl
greenhouse,verusaerospace,common crawl
greenhouse,verve,common crawl
greenhouse,vesalius,common crawl
greenhouse,vestahealthcare,common crawl
greenhouse,vestmark,common crawl
greenhouse,vestwell,common crawl
greenhouse,veterinaryemergencygroupst,common crawl
greenhouse,veterinarypracticepartners,common crawl
greenhouse,vetevolve,common crawl
greenhouse,veza,common crawl
greenhouse,vgw,common crawl
greenhouse,via,common crawl
greenhouse,via99,common crawl
greenhouse,viamrobotics,common crawl
greenhouse,vianttechnology,common crawl
greenhouse,vibesllc,common crawl
greenhouse,vice,common crawl
greenhouse,vikingglobalinvestors,companies.csv
greenhouse,village,common crawl
greenhouse,vim,common crawl
greenhouse,vimeo,common crawl
greenhouse,vipvermontinformationprocessing,common crawl
greenhouse,viralnation,common crawl
greenhouse,virbiotechnologyinc,common crawl
greenhouse,virtahealth,common crawl
greenhouse,virtasant,common crawl
greenhouse,virtru,common crawl
greenhouse,virtu,common crawl
greenhouse,viseai,common crawl
greenhouse,visiersolutionsinc,common crawl
greenhouse,visitingmedia,common crawl
greenhouse,vitalcaringgroup,common crawl
greenhouse,vitalvoicesglobalpartnership,common crawl
greenhouse,vivian,common crawl
greenhouse,vivodyne,common crawl
greenhouse,vivvi,common crawl
greenhouse,vixxo,common crawl
greenhouse,vmlenterprisesolutions,common crawl
greenhouse,volantissemiconductorinc,common crawl
greenhouse,volastratherapeutics,common crawl
greenhouse,volexity,common crawl
greenhouse,volleythat,common crawl
greenhouse,volohealth,common crawl
greenhouse,voloridgeinvestmentmanagement,companies.csv
greenhouse,voltacharging,common crawl
greenhouse,volterapower,common crawl
greenhouse,vonage,common crawl
greenhouse,vorbiopharma,common crawl
greenhouse,voxieinc,common crawl
greenhouse,voxmedia,common crawl
greenhouse,voyagertechnologiesinc,common crawl
greenhouse,vsapartners,common crawl
greenhouse,vscfiresecurityinc,common crawl
greenhouse,vsco39,common crawl
greenhouse,vtex,common crawl
greenhouse,vts,common crawl
greenhouse,vulcanelements,common crawl
greenhouse,vulncheck,common crawl
greenhouse,vultr,common crawl
greenhouse,vynamic,common crawl
greenhouse,vynyl,common crawl
greenhouse,waldensecurity,common crawl
greenhouse,wallapop,common crawl
greenhouse,walleyecapital-external-fulltime,common crawl
greenhouse,walleyecapital-external-students,common crawl
greenhouse,wallstreetprep,common crawl
greenhouse,walnut,common crawl
greenhouse,warbyparker,common crawl
greenhouse,wargamingen,common crawl
greenhouse,warp,common crawl
greenhouse,wasabi,common crawl
greenhouse,watershedclimate,common crawl
greenhouse,wavemm1,common crawl
greenhouse,waverlyadvisorsllc,common crawl
greenhouse,waymark,common crawl
greenhouse,waymo,companies.csv
greenhouse,wayve,common crawl
greenhouse,webchartnow,common crawl
greenhouse,webflow,common crawl
greenhouse,webstacks,common crawl
greenhouse,wecaredailyclinicscareers,common crawl
greenhouse,wedgewoodpharmacy,common crawl
greenhouse,weedmaps77,common crawl
greenhouse,weee,common crawl
greenhouse,wehrtyou,common crawl
greenhouse,weightsandbiases,common crawl
greenhouse,weinsteinproperties,common crawl
greenhouse,weissassetmanagement,common crawl
greenhouse,wekatest,common crawl
greenhouse,welbehealth,common crawl
greenhouse,welcomelend,common crawl
greenhouse,well,common crawl
greenhouse,wellist,common crawl
greenhouse,wellsaidlabs,common crawl
greenhouse,wellth,common crawl
greenhouse,weownit,common crawl
greenhouse,westbrook,common crawl
greenhouse,westcancercenter,common crawl
greenhouse,westerngeriatricsandneurology,common crawl
greenhouse,wfclainc,common crawl
greenhouse,wgachidden,common crawl
greenhouse,wgphysicaltherapyjobs,common crawl
greenhouse,whalarinc,common crawl
greenhouse,whatnot,common crawl
greenhouse,wheelpros,common crawl
greenhouse,wheely,common crawl
greenhouse,whisperaero,common crawl
greenhouse,whitewatermidstream,companies.csv
greenhouse,wikimedia,common crawl
greenhouse,willow-blossom,common crawl
greenhouse,wilsonelser,common crawl
greenhouse,wilsonelserattorneys,common crawl
greenhouse,wirexlimited,common crawl
greenhouse,wise,common crawl
greenhouse,withcoverage,common crawl
greenhouse,wizinc,common crawl
greenhouse,wonderschool,common crawl
greenhouse,wondersco,common crawl
greenhouse,woodruffsawyer,common crawl
greenhouse,wooga,common crawl
greenhouse,woonetwork,common crawl
greenhouse,workatbackbase,common crawl
greenhouse,workato,common crawl
greenhouse,workboard,common crawl
greenhouse,workithealth,common crawl
greenhouse,workleapfr,common crawl
greenhouse,workshop,companies.csv
greenhouse,worksighted,common crawl
greenhouse,workstream,common crawl
greenhouse,workwize,common crawl
greenhouse,worldcoinorg,common crawl
greenhouse,worldsurfleague,common crawl
greenhouse,wrapbook,common crawl
greenhouse,wrike,common crawl
greenhouse,wundercapital,common crawl
greenhouse,wundermanthompson,common crawl
greenhouse,wurl,common crawl
greenhouse,wurljobs,companies.csv
greenhouse,xai,common crawl
greenhouse,xairatherapeutics,common crawl
greenhouse,xantium,companies.csv
greenhouse,xapo61,common crawl
greenhouse,xendit,common crawl
greenhouse,xmtp,common crawl
greenhouse,xntltd,common crawl
greenhouse,xometry,common crawl
greenhouse,xosinc,common crawl
greenhouse,xpengmotors,common crawl
greenhouse,xtxmarketstechnologies,common crawl
greenhouse,yld,common crawl
greenhouse,yoodliinc,common crawl
greenhouse,youcom,companies.csv
greenhouse,yugabyte,common crawl
greenhouse,yugalabs,common crawl
greenhouse,yurtsai,common crawl
greenhouse,zambold,common crawl
greenhouse,zapiercareers,common crawl
greenhouse,zenbusiness,common crawl
greenhouse,zenefits,common crawl
greenhouse,zenoti,common crawl
greenhouse,zestyai,common crawl
greenhouse,zetaglobal,common crawl
greenhouse,zinnia,common crawl
greenhouse,ziprecruiter,companies.csv
greenhouse,zocalohealth,common crawl
greenhouse,zocdoc,common crawl
greenhouse,zola,common crawl
greenhouse,zone5technologies,companies.csv
greenhouse,zora,common crawl
greenhouse,zscaler,common crawl
greenhouse,zuora,common crawl
greenhouse,zupinnovation,common crawl
lever,acceldata,companies.csv
lever,achievers,companies.csv
lever,acronaviation,companies.csv
lever,actian,companies.csv
lever,aisafety,companies.csv
lever,aledade,companies.csv
lever,alertus,companies.csv
lever,allegiantair,companies.csv
lever,alltrails,companies.csv
lever,altaml,companies.csv
lever,ambirobotics,companies.csv
lever,analyticpartners,companies.csv
lever,anavationllc,companies.csv
lever,anomali,companies.csv
lever,aofl,companies.csv
lever,appen-2,companies.csv
lever,aquabyte,companies.csv
lever,artera,companies.csv
lever,belvederetrading,companies.csv
lever,benchsci,companies.csv
lever,bioagilytix,companies.csv
lever,bluerocktx,companies.csv
lever,brightmachines,companies.csv
lever,brooksrunning,companies.csv
lever,butcherbox,companies.csv
lever,catalist,companies.csv
lever,cimgroup,companies.csv
lever,cirquedusoleil,companies.csv
lever,crestoperations,companies.csv
lever,cscgeneration-2,companies.csv
lever,dga,companies.csv
lever,diversified-automation,companies.csv
lever,dodmg,companies.csv
lever,dynamiccatholic,companies.csv
lever,economicmodeling,companies.csv
lever,endpointclinical,companies.csv
lever,eqbank,companies.csv
lever,equativ,companies.csv
lever,espace,companies.csv
lever,evr,companies.csv
lever,evrealty-us,companies.csv
lever,exowatt,companies.csv
lever,field-ai,companies.csv
lever,firemon,companies.csv
lever,fluxergy-2,companies.csv
lever,fullscript,companies.csv
lever,genbio,companies.csv
lever,geocomply-2,companies.csv
lever,go-cloudforce,companies.csv
lever,gomaterials,companies.csv
lever,gr0,companies.csv
lever,greenlight,companies.csv
lever,hannaandersson,companies.csv
lever,hermeus,companies.csv
lever,ibility,companies.csv
lever,ideasunited,companies.csv
lever,ifm-us,companies.csv
lever,immuta,companies.csv
lever,intropic,companies.csv
lever,ivo,companies.csv
lever,kabam,companies.csv
lever,kepler,companies.csv
lever,kitware,companies.csv
lever,kpler,companies.csv
lever,lendbuzz,companies.csv
lever,levelai,companies.csv
lever,lexeotx,companies.csv
lever,longwall,companies.csv
lever,ltaresearch,companies.csv
lever,magnetforensics,companies.csv
lever,make-rain,companies.csv
lever,mirego,companies.csv
lever,multiplylabs,companies.csv
lever,neighbor,companies.csv
lever,nextech,companies.csv
lever,nextgenfed,companies.csv
lever,octoenergy,companies.csv
lever,oleria-security,companies.csv
lever,palantir,companies.csv
lever,parallelwireless,companies.csv
lever,pivotal,companies.csv
lever,plus-2,companies.csv
lever,prosper,companies.csv
lever,protective,companies.csv
lever,quantco-,companies.csv
lever,ravl_io,companies.csv
lever,redhorsecorp,companies.csv
lever,redwoodcu,companies.csv
lever,reply,companies.csv
lever,rigetti,companies.csv
lever,robust-ai,companies.csv
lever,secureframe,companies.csv
lever,sep,companies.csv
lever,shieldai,companies.csv
lever,shopreli,companies.csv
lever,shyftlabs,companies.csv
lever,skyways,companies.csv
lever,solopulseco,companies.csv
lever,spawglass,companies.csv
lever,spotify,companies.csv
lever,standtogether,companies.csv
lever,sunwatercapital,companies.csv
lever,syntax,companies.csv
lever,synthego,companies.csv
lever,tahoebio-ai,companies.csv
lever,teleo,companies.csv
lever,telesat,companies.csv
lever,telligen,companies.csv
lever,thinkahead,companies.csv
lever,traackr,companies.csv
lever,tri,companies.csv
lever,tutorintelligence,companies.csv
lever,veeva,companies.csv
lever,verygoodsecurity,companies.csv
lever,vevo,companies.csv
lever,vivenu,companies.csv
lever,voltus,companies.csv
lever,wadetrim,companies.csv
lever,woven-by-toyota,companies.csv
lever,xcimer,companies.csv
lever,xsolla,companies.csv
lever,zaimler,companies.csv
lever,zoox,companies.csv
lever,zushealth,companies.csv
workday,2020companies.wd1.myworkdayjobs.com|2020companies|External_Careers,common crawl
workday,3m.wd1.myworkdayjobs.com|3m|Search,common crawl
workday,3m.wd1.myworkdayjobs.com|3m|en,common crawl
workday,3m.wd1.myworkdayjobs.com|3m|es,common crawl
workday,3m.wd1.myworkdayjobs.com|3m|search,common crawl
workday,7eleven.wd3.myworkdayjobs.com|7eleven|7eleven,common crawl
workday,7eleven.wd3.myworkdayjobs.com|7eleven|7elevenv2,common crawl
workday,a1group.wd3.myworkdayjobs.com|a1group|A1_Jobs,common crawl
workday,a1group.wd3.myworkdayjobs.com|a1group|A1_Jobs_at,common crawl
workday,a1group.wd3.myworkdayjobs.com|a1group|A1_Jobs_bg,common crawl
workday,a1group.wd3.myworkdayjobs.com|a1group|A1_Jobs_cr,common crawl
workday,a1group.wd3.myworkdayjobs.com|a1group|A1_Jobs_mk,common crawl
workday,a1group.wd3.myworkdayjobs.com|a1group|A1_Jobs_sl,common crawl
workday,a1group.wd3.myworkdayjobs.com|a1group|A1_Jobs_sr,common crawl
workday,a1group.wd3.myworkdayjobs.com|a1group|karriere_at,common crawl
workday,aaaie.wd1.myworkdayjobs.com|aaaie|CSAACareers,common crawl
workday,aaaie.wd1.myworkdayjobs.com|aaaie|CSAACareers2,companies.csv
workday,aaamidatlantic.wd5.myworkdayjobs.com|aaamidatlantic|AAAMidAtlantic,common crawl
workday,aaamidatlantic.wd5.myworkdayjobs.com|aaamidatlantic|External_Career_ASE,common crawl
workday,aaamidatlantic.wd5.myworkdayjobs.com|aaamidatlantic|aaamidatlantic,common crawl
workday,aah.wd5.myworkdayjobs.com|aah|External,common crawl
workday,aah.wd5.myworkdayjobs.com|aah|external,common crawl
workday,aalto.wd3.myworkdayjobs.com|aalto|PrivateJobPosting,common crawl
workday,aalto.wd3.myworkdayjobs.com|aalto|aalto,common crawl
workday,aampower.wd1.myworkdayjobs.com|aampower|es,common crawl
workday,aba.wd1.myworkdayjobs.com|aba|ABA,common crawl
workday,abb.wd3.myworkdayjobs.com|abb|External_Career_Page,common crawl
workday,abb.wd3.myworkdayjobs.com|abb|external_career_page,common crawl
workday,abbott.wd5.myworkdayjobs.com|abbott|Agency,common crawl
workday,abbott.wd5.myworkdayjobs.com|abbott|abbottcareers,common crawl
workday,abbott.wd5.myworkdayjobs.com|abbott|abbottcareers2,common crawl
workday,abcfinancial.wd5.myworkdayjobs.com|abcfinancial|ABCFinancialServices,common crawl
workday,abcfinancial.wd5.myworkdayjobs.com|abcfinancial|abcfinancialservices,companies.csv
workday,abcsupply.wd1.myworkdayjobs.com|abcsupply|ABCSupplyCareers,common crawl
workday,abcsupply.wd1.myworkdayjobs.com|abcsupply|ABCSupplyOutdoorSolutionsCareers,common crawl
workday,abcsupply.wd1.myworkdayjobs.com|abcsupply|CanadaABCSupplyCareers,common crawl
workday,abcsupply.wd1.myworkdayjobs.com|abcsupply|MuleHideCareers,common crawl
workday,abcsupply.wd1.myworkdayjobs.com|abcsupply|TCIcareers,common crawl
workday,abercrombie.wd108.myworkdayjobs.com|abercrombie|anf,common crawl
workday,abglobal.wd1.myworkdayjobs.com|abglobal|abcampuscareers,common crawl
workday,abglobal.wd1.myworkdayjobs.com|abglobal|alliancebernsteincareers,common crawl
workday,absa.wd3.myworkdayjobs.com|absa|ABSAcareersite,common crawl
workday,absa.wd3.myworkdayjobs.com|absa|AbsaCareers,common crawl
workday,absa.wd3.myworkdayjobs.com|absa|NBC_Careers,common crawl
workday,academy.wd1.myworkdayjobs.com|academy|Careers,common crawl
workday,accelentertainment.wd12.myworkdayjobs.com|accelentertainment|AccelEntertainment_Careers,common crawl
workday,accelentertainment.wd12.myworkdayjobs.com|accelentertainment|CenturyGamingMontanaCareers,common crawl
workday,accelentertainment.wd12.myworkdayjobs.com|accelentertainment|CenturyGamingNevadaCareers,common crawl
workday,accelentertainment.wd12.myworkdayjobs.com|accelentertainment|ToucanGamingCareers,common crawl
workday,accenture.wd103.myworkdayjobs.com|accenture|AccentureCareers,common crawl
workday,accenture.wd103.myworkdayjobs.com|accenture|AvanadeCareers,common crawl
workday,accenture.wd103.myworkdayjobs.com|accenture|accenturecareers,common crawl
workday,accenture.wd103.myworkdayjobs.com|accenture|es,common crawl
workday,accenture.wd3.myworkdayjobs.com|accenture|AccentureCareers,common crawl
workday,acciona.wd3.myworkdayjobs.com|acciona|ACCIONA_Employment_Channel,common crawl
workday,acciona.wd3.myworkdayjobs.com|acciona|acciona_employment_channel,common crawl
workday,acciona.wd3.myworkdayjobs.com|acciona|es,common crawl
workday,accuray.wd5.myworkdayjobs.com|accuray|external,companies.csv
workday,ace.wd5.myworkdayjobs.com|ace|careers,common crawl
workday,acehardware.wd1.myworkdayjobs.com|acehardware|AHHS_External,common crawl
workday,acehardware.wd1.myworkdayjobs.com|acehardware|AIH_External,common crawl
workday,acehardware.wd1.myworkdayjobs.com|acehardware|ARG_External,common crawl
workday,acehardware.wd1.myworkdayjobs.com|acehardware|EJDExternal,common crawl
workday,acehardware.wd1.myworkdayjobs.com|acehardware|External,common crawl
workday,acehardware.wd1.myworkdayjobs.com|acehardware|GLA_External,common crawl
workday,acehardware.wd1.myworkdayjobs.com|acehardware|Westlake_External,common crawl
workday,acquirebpo.wd3.myworkdayjobs.com|acquirebpo|Acquire,common crawl
workday,acrt.wd1.myworkdayjobs.com|acrt|ACRT_Careers,common crawl
workday,acrt.wd1.myworkdayjobs.com|acrt|CareerBuilder,common crawl
workday,acrt.wd1.myworkdayjobs.com|acrt|EnviroScienceInc,common crawl
workday,acs.wd5.myworkdayjobs.com|acs|acscan,companies.csv
workday,acs.wd5.myworkdayjobs.com|acs|acscareers,companies.csv
workday,acu.wd108.myworkdayjobs.com|acu|ACUCareers,common crawl
workday,acuityinternational.wd5.myworkdayjobs.com|acuityinternational|External,common crawl
workday,acushnetgolf.wd12.myworkdayjobs.com|acushnetgolf|ACU,common crawl
workday,acushnetgolf.wd12.myworkdayjobs.com|acushnetgolf|ACU-Internship,common crawl
workday,acushnetgolf.wd12.myworkdayjobs.com|acushnetgolf|ACU-SkilledTrades,common crawl
workday,acxiomllc.wd5.myworkdayjobs.com|acxiomllc|AcxiomCHN,common crawl
workday,acxiomllc.wd5.myworkdayjobs.com|acxiomllc|AcxiomPOL,common crawl
workday,acxiomllc.wd5.myworkdayjobs.com|acxiomllc|AcxiomUSA,common crawl
workday,acxiomllc.wd5.myworkdayjobs.com|acxiomllc|acxiomusa,common crawl
workday,adams.wd1.myworkdayjobs.com|adams|ASU,common crawl
workday,adient.wd3.myworkdayjobs.com|adient|External,common crawl
workday,adient.wd3.myworkdayjobs.com|adient|broadbean_external,common crawl
workday,adient.wd3.myworkdayjobs.com|adient|eQuest,common crawl
workday,adobe.wd5.myworkdayjobs.com|adobe|external_experienced,common crawl
workday,adobe.wd5.myworkdayjobs.com|adobe|external_university,common crawl
workday,advanceauto.wd5.myworkdayjobs.com|advanceauto|advanceexternalcareers,companies.csv
workday,adventhealth.wd12.myworkdayjobs.com|adventhealth|AH_External_Career_Site,common crawl
workday,adventhealth.wd12.myworkdayjobs.com|adventhealth|ah_external_career_site,common crawl
workday,adventisthealthcare.wd1.myworkdayjobs.com|adventisthealthcare|AdventistHealthCareCareers,common crawl
workday,aenetworks.wd1.myworkdayjobs.com|aenetworks|AE-Careers,common crawl
workday,aep.wd1.myworkdayjobs.com|aep|AEPCareerSite,common crawl
workday,aero.wd5.myworkdayjobs.com|aero|External,common crawl
workday,aero.wd5.myworkdayjobs.com|aero|external,common crawl
workday,aes.wd1.myworkdayjobs.com|aes|AES_ANDES,common crawl
workday,aes.wd1.myworkdayjobs.com|aes|AES_ARGENTINA,common crawl
workday,aes.wd1.myworkdayjobs.com|aes|AES_ASA,common crawl
workday,aes.wd1.myworkdayjobs.com|aes|AES_BRAZIL,common crawl
workday,aes.wd1.myworkdayjobs.com|aes|AES_CHILE,common crawl
workday,aes.wd1.myworkdayjobs.com|aes|AES_COLOMBIA,common crawl
workday,aes.wd1.myworkdayjobs.com|aes|AES_EURASIA,common crawl
workday,aes.wd1.myworkdayjobs.com|aes|AES_MCAC,common crawl
workday,aes.wd1.myworkdayjobs.com|aes|AES_Mexico,common crawl
workday,aes.wd1.myworkdayjobs.com|aes|AES_US,common crawl
workday,aes.wd1.myworkdayjobs.com|aes|aes_clean_energy,common crawl
workday,aes.wd1.myworkdayjobs.com|aes|es,common crawl
workday,ag.wd3.myworkdayjobs.com|ag|Airbus,common crawl
workday,ag.wd3.myworkdayjobs.com|ag|Airbus_Specific,common crawl
workday,ag.wd3.myworkdayjobs.com|ag|airbus,common crawl
workday,ag.wd3.myworkdayjobs.com|ag|es,common crawl
workday,agilent.wd5.myworkdayjobs.com|agilent|Agilent_Careers,common crawl
workday,agilent.wd5.myworkdayjobs.com|agilent|Agilent_Student_Careers,common crawl
workday,agilent.wd5.myworkdayjobs.com|agilent|agilent_careers,common crawl
workday,agrana.wd3.myworkdayjobs.com|agrana|Careers,common crawl
workday,agropur.wd3.myworkdayjobs.com|agropur|Agropur_Careers,common crawl
workday,agropur.wd3.myworkdayjobs.com|agropur|agropur_careers,common crawl
workday,aig.wd1.myworkdayjobs.com|aig|PrivateJobPostings,common crawl
workday,aig.wd1.myworkdayjobs.com|aig|aig,common crawl
workday,aig.wd1.myworkdayjobs.com|aig|early_careers,common crawl
workday,aig.wd1.myworkdayjobs.com|aig|japan,common crawl
workday,aimco.wd10.myworkdayjobs.com|aimco|AIMCoCareers,companies.csv
workday,airliquidehr.wd3.myworkdayjobs.com|airliquidehr|AirLiquideExternalCareer,common crawl
workday,airliquidehr.wd3.myworkdayjobs.com|airliquidehr|AirgasExternalCareer,common crawl
workday,airliquidehr.wd3.myworkdayjobs.com|airliquidehr|es,common crawl
workday,airproducts.wd5.myworkdayjobs.com|airproducts|AP0001,common crawl
workday,aksteel.wd1.myworkdayjobs.com|aksteel|careers,companies.csv
workday,akumincorp.wd5.myworkdayjobs.com|akumincorp|adgcareers,common crawl
workday,akumincorp.wd5.myworkdayjobs.com|akumincorp|akumincareers,common crawl
workday,alaskacommunications.wd5.myworkdayjobs.com|alaskacommunications|Alaska_Communications,common crawl
workday,albanymed.wd5.myworkdayjobs.com|albanymed|Albany_Med,common crawl
workday,albanymed.wd5.myworkdayjobs.com|albanymed|Albany_Med_System_Career_Site,common crawl
workday,albanymed.wd5.myworkdayjobs.com|albanymed|albany_med,common crawl
workday,albemarle.wd5.myworkdayjobs.com|albemarle|ketjenexternal,companies.csv
workday,alchemy.wd1.myworkdayjobs.com|alchemy|Alchemy,common crawl
workday,alcoa.wd5.myworkdayjobs.com|alcoa|Careers,common crawl
workday,alcoa.wd5.myworkdayjobs.com|alcoa|careers,common crawl
workday,alcoa.wd5.myworkdayjobs.com|alcoa|es,common crawl
workday,alcon.wd5.myworkdayjobs.com|alcon|careers_alcon,common crawl
workday,alcon.wd5.myworkdayjobs.com|alcon|es,common crawl
workday,alfalaval.wd3.myworkdayjobs.com|alfalaval|Alfa_Laval_jobs,common crawl
workday,alfalaval.wd3.myworkdayjobs.com|alfalaval|Framo_jobs,common crawl
workday,alkami.wd12.myworkdayjobs.com|alkami|Alkami,common crawl
workday,alkami.wd12.myworkdayjobs.com|alkami|alkami,common crawl
workday,allegion.wd5.myworkdayjobs.com|allegion|Careers_API,common crawl
workday,allegion.wd5.myworkdayjobs.com|allegion|Careers_CISA,common crawl
workday,allegion.wd5.myworkdayjobs.com|allegion|Careers_GPS_Dutch,common crawl
workday,allegion.wd5.myworkdayjobs.com|allegion|DE_AT_Karriere_Interflex,common crawl
workday,allegion.wd5.myworkdayjobs.com|allegion|EarlyTalent_Careers,common crawl
workday,allegion.wd5.myworkdayjobs.com|allegion|Interflex_German,common crawl
workday,allegion.wd5.myworkdayjobs.com|allegion|Manufacturing_Careers,common crawl
workday,allegion.wd5.myworkdayjobs.com|allegion|SAT,common crawl
workday,allegion.wd5.myworkdayjobs.com|allegion|careers,common crawl
workday,allegion.wd5.myworkdayjobs.com|allegion|careers_SimonsVoss,common crawl
workday,allegion.wd5.myworkdayjobs.com|allegion|careers_SimonsVoss_English,common crawl
workday,allegion.wd5.myworkdayjobs.com|allegion|careers_SimonsVoss_French,common crawl
workday,allegion.wd5.myworkdayjobs.com|allegion|careers_SimonsVoss_Italian,common crawl
workday,alliance.wd3.myworkdayjobs.com|alliance|nissanjobs,common crawl
workday,alliancedata.wd5.myworkdayjobs.com|alliancedata|Alliance_Data_Systems,common crawl
workday,alliancedata.wd5.myworkdayjobs.com|alliancedata|ComenityBanks,common crawl
workday,alliancedata.wd5.myworkdayjobs.com|alliancedata|breadfinancial_India,common crawl
workday,alliancedata.wd5.myworkdayjobs.com|alliancedata|breadfinancial_US,common crawl
workday,alliancewd.wd3.myworkdayjobs.com|alliancewd|alpine-racing-careers,common crawl
workday,alliancewd.wd3.myworkdayjobs.com|alliancewd|es,common crawl
workday,alliancewd.wd3.myworkdayjobs.com|alliancewd|renault-group-careers,common crawl
workday,alliedsolutions.wd501.myworkdayjobs.com|alliedsolutions|Allied_External,companies.csv
workday,allina.wd5.myworkdayjobs.com|allina|External,common crawl
workday,allina.wd5.myworkdayjobs.com|allina|external,common crawl
workday,allstate.wd5.myworkdayjobs.com|allstate|Agent,common crawl
workday,allstate.wd5.myworkdayjobs.com|allstate|allstate_careers,common crawl
workday,alpinephysicians.wd1.myworkdayjobs.com|alpinephysicians|External,common crawl
workday,alsacstjude.wd1.myworkdayjobs.com|alsacstjude|careersalsacstjude,common crawl
workday,altasciences.wd1.myworkdayjobs.com|altasciences|Careers,companies.csv
workday,altera.wd1.myworkdayjobs.com|altera|Altera,common crawl
workday,altera.wd1.myworkdayjobs.com|altera|altera,common crawl
workday,alterra.wd1.myworkdayjobs.com|alterra|AlpineAerotech,common crawl
workday,alterra.wd1.myworkdayjobs.com|alterra|AlterraMountainCompany,common crawl
workday,alterra.wd1.myworkdayjobs.com|alterra|ArapahoeBasin,common crawl
workday,alterra.wd1.myworkdayjobs.com|alterra|BigBearMountainResort,common crawl
workday,alterra.wd1.myworkdayjobs.com|alterra|BlueMountainResort,common crawl
workday,alterra.wd1.myworkdayjobs.com|alterra|CrystalMountain,common crawl
workday,alterra.wd1.myworkdayjobs.com|alterra|DeerValleyResort,common crawl
workday,alterra.wd1.myworkdayjobs.com|alterra|JuneMountain,common crawl
workday,alterra.wd1.myworkdayjobs.com|alterra|MammothMountain,common crawl
workday,alterra.wd1.myworkdayjobs.com|alterra|MikeWiegeleHelicopterSkiing,common crawl
workday,alterra.wd1.myworkdayjobs.com|alterra|Mont-Tremblant,common crawl
workday,alterra.wd1.myworkdayjobs.com|alterra|PalisadesTahoe,common crawl
workday,alterra.wd1.myworkdayjobs.com|alterra|SkiButlers,common crawl
workday,alterra.wd1.myworkdayjobs.com|alterra|SnowshoeMountain,common crawl
workday,alterra.wd1.myworkdayjobs.com|alterra|SolitudeMountainResort,common crawl
workday,alterra.wd1.myworkdayjobs.com|alterra|SteamboatSkiResort,common crawl
workday,alterra.wd1.myworkdayjobs.com|alterra|StrattonMountain,common crawl
workday,alterra.wd1.myworkdayjobs.com|alterra|SugarbushResort,common crawl
workday,alterra.wd1.myworkdayjobs.com|alterra|WinterParkResort,common crawl
workday,alterra.wd1.myworkdayjobs.com|alterra|schweitzer,common crawl
workday,alterra.wd1.myworkdayjobs.com|alterra|solitudemountainresort,common crawl
workday,alteryx.wd108.myworkdayjobs.com|alteryx|AlteryxCareers,common crawl
workday,alteryx.wd108.myworkdayjobs.com|alteryx|alteryxcareers,common crawl
workday,altusgroup.wd3.myworkdayjobs.com|altusgroup|AltusGroup,common crawl
workday,amadeus.wd3.myworkdayjobs.com|amadeus|jobs,common crawl
workday,amainc.wd12.myworkdayjobs.com|amainc|ama_careers,companies.csv
workday,amarillo.wd5.myworkdayjobs.com|amarillo|Amarillo_External_Career_Site,common crawl
workday,amarillo.wd5.myworkdayjobs.com|amarillo|amarillo_external_career_site,common crawl
workday,amat.wd1.myworkdayjobs.com|amat|External,common crawl
workday,amat.wd1.myworkdayjobs.com|amat|external,common crawl
workday,ambarella.wd108.myworkdayjobs.com|ambarella|ambarella,companies.csv
workday,ambgroup.wd1.myworkdayjobs.com|ambgroup|AMBSE,common crawl
workday,ambgroup.wd1.myworkdayjobs.com|ambgroup|AMB_FF,common crawl
workday,ambgroup.wd1.myworkdayjobs.com|ambgroup|AMB_Group,common crawl
workday,ambgroup.wd1.myworkdayjobs.com|ambgroup|AMB_West,common crawl
workday,ambgroup.wd1.myworkdayjobs.com|ambgroup|Appl_Only_Site,common crawl
workday,ambgroup.wd1.myworkdayjobs.com|ambgroup|MBSCareers,common crawl
workday,ambgroup.wd1.myworkdayjobs.com|ambgroup|Test,common crawl
workday,ambgroup.wd1.myworkdayjobs.com|ambgroup|ambse,common crawl
workday,ambgroup.wd1.myworkdayjobs.com|ambgroup|mbscareers,common crawl
workday,amcn.wd5.myworkdayjobs.com|amcn|amcnetworks,common crawl
workday,amcor.wd5.myworkdayjobs.com|amcor|Amcor_External_Career_Site,common crawl
workday,amcor.wd5.myworkdayjobs.com|amcor|amcor_external_career_site,common crawl
workday,ameren.wd1.myworkdayjobs.com|ameren|External,companies.csv
workday,ameresco.wd5.myworkdayjobs.com|ameresco|Ameresco,common crawl
workday,american.wd1.myworkdayjobs.com|american|AU,common crawl
workday,american.wd1.myworkdayjobs.com|american|au,companies.csv
workday,americancentury.wd5.myworkdayjobs.com|americancentury|AmericanCenturyInvestments,companies.csv
workday,americanfidelity.wd5.myworkdayjobs.com|americanfidelity|External,companies.csv
workday,americanglobal.wd108.myworkdayjobs.com|americanglobal|American_Global_Careers,common crawl
workday,americanglobal.wd108.myworkdayjobs.com|americanglobal|Internship,common crawl
workday,americanredcross.wd1.myworkdayjobs.com|americanredcross|American_Red_Cross_Careers,common crawl
workday,americanredcross.wd1.myworkdayjobs.com|americanredcross|american_red_cross_careers,companies.csv
workday,ameriprise.wd5.myworkdayjobs.com|ameriprise|Ameriprise,common crawl
workday,amerivet.wd5.myworkdayjobs.com|amerivet|Amerivet,common crawl
workday,amfam.wd1.myworkdayjobs.com|amfam|Agent-Staff,common crawl
workday,amfam.wd1.myworkdayjobs.com|amfam|AmFamGroupInternCareers,common crawl
workday,amfam.wd1.myworkdayjobs.com|amfam|AmericanFamilyConnectPropertyCasualtyInsuranceCompany,common crawl
workday,amfam.wd1.myworkdayjobs.com|amfam|Careers,common crawl
workday,amfam.wd1.myworkdayjobs.com|amfam|HomesiteCareers,common crawl
workday,amgen.wd1.myworkdayjobs.com|amgen|Careers,common crawl
workday,amgen.wd1.myworkdayjobs.com|amgen|careers,common crawl
workday,amgen.wd1.myworkdayjobs.com|amgen|es,common crawl
workday,amherst.wd5.myworkdayjobs.com|amherst|Amherst_Jobs,common crawl
workday,amherst.wd5.myworkdayjobs.com|amherst|FSL_Employment_Opportunities,common crawl
workday,amlrightsource.wd1.myworkdayjobs.com|amlrightsource|amlrightsource,common crawl
workday,amn.wd1.myworkdayjobs.com|amn|AMN_Careers,common crawl
workday,amn.wd1.myworkdayjobs.com|amn|AMN_Opportunities,common crawl
workday,amn.wd1.myworkdayjobs.com|amn|amn_careers,companies.csv
workday,amor.wd103.myworkdayjobs.com|amor|Amor_Careers,common crawl
workday,ampath.wd3.myworkdayjobs.com|ampath|AmpathCareers,common crawl
workday,amplify.wd1.myworkdayjobs.com|amplify|Amplify_Careers,common crawl
workday,amplify.wd1.myworkdayjobs.com|amplify|amplify_careers,common crawl
workday,amynta.wd5.myworkdayjobs.com|amynta|global,common crawl
workday,analogdevices.wd1.myworkdayjobs.com|analogdevices|External,common crawl
workday,analogdevices.wd1.myworkdayjobs.com|analogdevices|external,common crawl
workday,ancestry.wd501.myworkdayjobs.com|ancestry|Careers,companies.csv
workday,andersonsinc.wd1.myworkdayjobs.com|andersonsinc|TheAndersonsCareers,common crawl
workday,angc.wd5.myworkdayjobs.com|angc|ANGC,common crawl
workday,angc.wd5.myworkdayjobs.com|angc|HC,common crawl
workday,angc.wd5.myworkdayjobs.com|angc|HM,common crawl
workday,angc.wd5.myworkdayjobs.com|angc|angc,common crawl
workday,ankura.wd5.myworkdayjobs.com|ankura|ankura,companies.csv
workday,anokacounty.wd1.myworkdayjobs.com|anokacounty|Anoka_County_Career_Opportunities,common crawl
workday,aoins.wd5.myworkdayjobs.com|aoins|AutoOwners,companies.csv
workday,aoncology.wd12.myworkdayjobs.com|aoncology|Aoncology_Careers,common crawl
workday,apobank.wd103.myworkdayjobs.com|apobank|apobank_careers,common crawl
workday,apog.wd1.myworkdayjobs.com|apog|Apogee,common crawl
workday,apog.wd1.myworkdayjobs.com|apog|apogee,common crawl
workday,applied.wd501.myworkdayjobs.com|applied|applied,companies.csv
workday,appliedis.wd5.myworkdayjobs.com|appliedis|AIS_Careers,common crawl
workday,appliedis.wd5.myworkdayjobs.com|appliedis|ais_careers,common crawl
workday,applyboard.wd3.myworkdayjobs.com|applyboard|ApplyBoardNH,common crawl
workday,aptiv.wd5.myworkdayjobs.com|aptiv|APTIV_CAREERS,common crawl
workday,aptiv.wd5.myworkdayjobs.com|aptiv|aptiv_careers,common crawl
workday,aqa.wd3.myworkdayjobs.com|aqa|AQA,common crawl
workday,archgroup.wd1.myworkdayjobs.com|archgroup|careers,common crawl
workday,archildrens.wd1.myworkdayjobs.com|archildrens|External_Career_Site,common crawl
workday,archildrens.wd1.myworkdayjobs.com|archildrens|external_career_site,companies.csv
workday,arcis.wd12.myworkdayjobs.com|arcis|extNa,common crawl
workday,arcticwolf.wd1.myworkdayjobs.com|arcticwolf|External,common crawl
workday,arcticwolf.wd1.myworkdayjobs.com|arcticwolf|external,common crawl
workday,ardian.wd103.myworkdayjobs.com|ardian|ArdianCareers,companies.csv
workday,aresmgmt.wd1.myworkdayjobs.com|aresmgmt|External,common crawl
workday,aresmgmt.wd1.myworkdayjobs.com|aresmgmt|external,common crawl
workday,argonne.wd1.myworkdayjobs.com|argonne|Argonne_Careers,common crawl
workday,argonne.wd1.myworkdayjobs.com|argonne|EDU_PUB,common crawl
workday,arianegroup.wd3.myworkdayjobs.com|arianegroup|EXTERNALALL,common crawl
workday,arianegroup.wd3.myworkdayjobs.com|arianegroup|externalall,common crawl
workday,arianegroup.wd3.myworkdayjobs.com|arianegroup|groupmobility-parentcompanies,common crawl
workday,arienscompany.wd5.myworkdayjobs.com|arienscompany|External,common crawl
workday,arienscompany.wd5.myworkdayjobs.com|arienscompany|external,companies.csv
workday,aristocrat.wd3.myworkdayjobs.com|aristocrat|AristocratExternalCareersSite,common crawl
workday,aristocrat.wd3.myworkdayjobs.com|aristocrat|aristocratexternalcareerssite,common crawl
workday,aritzia.wd3.myworkdayjobs.com|aritzia|External,common crawl
workday,arlo.wd12.myworkdayjobs.com|arlo|External_Careers,history_companies.csv
workday,arlo.wd12.myworkdayjobs.com|arlo|external_careers,companies.csv
workday,arraytechinc.wd5.myworkdayjobs.com|arraytechinc|Array_Careers,common crawl
workday,arrow.wd1.myworkdayjobs.com|arrow|AC,common crawl
workday,arrow.wd1.myworkdayjobs.com|arrow|ac,common crawl
workday,arrow.wd1.myworkdayjobs.com|arrow|es,common crawl
workday,arrowstreetcapital.wd5.myworkdayjobs.com|arrowstreetcapital|Arrowstreet,common crawl
workday,arrowstreetcapital.wd5.myworkdayjobs.com|arrowstreetcapital|Campus_Careers,common crawl
workday,ascendperformancematerials.wd1.myworkdayjobs.com|ascendperformancematerials|Ascend,common crawl
workday,ascendperformancematerials.wd1.myworkdayjobs.com|ascendperformancematerials|ascend,companies.csv
workday,ascensushr.wd1.myworkdayjobs.com|ascensushr|ascensuscareers,companies.csv
workday,askbio.wd12.myworkdayjobs.com|askbio|AskBio,common crawl
workday,askbio.wd12.myworkdayjobs.com|askbio|askbio,common crawl
workday,asmglobal.wd1.myworkdayjobs.com|asmglobal|Careers,common crawl
workday,asmglobal.wd1.myworkdayjobs.com|asmglobal|careers,common crawl
workday,asml.wd3.myworkdayjobs.com|asml|asmlext1,common crawl
workday,aspca.wd1.myworkdayjobs.com|aspca|ASPCAWebsite,common crawl
workday,aspca.wd1.myworkdayjobs.com|aspca|ContingentWorkersSourcedbyASPCA,common crawl
workday,aspca.wd1.myworkdayjobs.com|aspca|aspcawebsite,common crawl
workday,aspentech.wd5.myworkdayjobs.com|aspentech|AspenTech,common crawl
workday,aspentech.wd5.myworkdayjobs.com|aspentech|aspentech,common crawl
workday,assetmark.wd5.myworkdayjobs.com|assetmark|AssetMark_Careers,companies.csv
workday,assurant.wd1.myworkdayjobs.com|assurant|Assurant_Careers,common crawl
workday,assurant.wd1.myworkdayjobs.com|assurant|External_Limited_Posting,companies.csv
workday,assurant.wd1.myworkdayjobs.com|assurant|assurant_careers,common crawl
workday,astara.wd3.myworkdayjobs.com|astara|es,common crawl
workday,astrazeneca.wd3.myworkdayjobs.com|astrazeneca|Alexion,common crawl
workday,astrazeneca.wd3.myworkdayjobs.com|astrazeneca|Careers,common crawl
workday,astrazeneca.wd3.myworkdayjobs.com|astrazeneca|alexion,companies.csv
workday,astrazeneca.wd3.myworkdayjobs.com|astrazeneca|careers,common crawl
workday,astreya.wd5.myworkdayjobs.com|astreya|life-at-astreya-opportunities,common crawl
workday,asuep.wd5.myworkdayjobs.com|asuep|ASUEP,common crawl
workday,asuep.wd5.myworkdayjobs.com|asuep|ASUFoundation,common crawl
workday,asuep.wd5.myworkdayjobs.com|asuep|NEWSWELL,common crawl
workday,asurion.wd5.myworkdayjobs.com|asurion|AC_Ext_Japan,common crawl
workday,asurion.wd5.myworkdayjobs.com|asurion|AJKK_Ext_Japan,common crawl
workday,asurion.wd5.myworkdayjobs.com|asurion|AsurionCareers_US,common crawl
workday,asurion.wd5.myworkdayjobs.com|asurion|Asurion_Careers,common crawl
workday,asurion.wd5.myworkdayjobs.com|asurion|GK_Ext_Japan,common crawl
workday,athenago.wd108.myworkdayjobs.com|athenago|athena,common crawl
workday,athenahealth.wd1.myworkdayjobs.com|athenahealth|External,common crawl
workday,athenahealth.wd1.myworkdayjobs.com|athenahealth|external,common crawl
workday,athene.wd5.myworkdayjobs.com|athene|Apollo_Careers,common crawl
workday,athene.wd5.myworkdayjobs.com|athene|athene_careers,common crawl
workday,atlanticmedia.wd1.myworkdayjobs.com|atlanticmedia|Careers,common crawl
workday,atriumhospitality.wd5.myworkdayjobs.com|atriumhospitality|AtriumHospitality,common crawl
workday,atriumhospitality.wd5.myworkdayjobs.com|atriumhospitality|atriumhospitality,common crawl
workday,att.wd1.myworkdayjobs.com|att|ATTGeneral,common crawl
workday,att.wd1.myworkdayjobs.com|att|attgeneral,common crawl
workday,att.wd1.myworkdayjobs.com|att|attspecialinvite,common crawl
workday,auroragov.wd1.myworkdayjobs.com|auroragov|Careers,common crawl
workday,austalusa.wd1.myworkdayjobs.com|austalusa|austal,common crawl
workday,austincc.wd1.myworkdayjobs.com|austincc|External,common crawl
workday,austincc.wd1.myworkdayjobs.com|austincc|external,companies.csv
workday,austintexas.wd5.myworkdayjobs.com|austintexas|COA_Careers,common crawl
workday,autismplus.wd3.myworkdayjobs.com|autismplus|Autismplus_careers,common crawl
workday,autodesk.wd1.myworkdayjobs.com|autodesk|Ext,common crawl
workday,autodesk.wd1.myworkdayjobs.com|autodesk|es,common crawl
workday,autodesk.wd1.myworkdayjobs.com|autodesk|ext,common crawl
workday,autodesk.wd1.myworkdayjobs.com|autodesk|uni,common crawl
workday,automationanywhere.wd5.myworkdayjobs.com|automationanywhere|AutomationAnywhereJobs,common crawl
workday,autostore.wd3.myworkdayjobs.com|autostore|autostore,common crawl
workday,availity.wd1.myworkdayjobs.com|availity|availity_careers_us,companies.csv
workday,avav.wd1.myworkdayjobs.com|avav|AVAV,common crawl
workday,avav.wd1.myworkdayjobs.com|avav|avav,common crawl
workday,avera.wd5.myworkdayjobs.com|avera|avera-careers,common crawl
workday,averis.wd3.myworkdayjobs.com|averis|RGE,common crawl
workday,avesis.wd5.myworkdayjobs.com|avesis|Avesis,common crawl
workday,avesis.wd5.myworkdayjobs.com|avesis|avesis,common crawl
workday,aveva.wd3.myworkdayjobs.com|aveva|AVEVA_careers,common crawl
workday,aveva.wd3.myworkdayjobs.com|aveva|ETAP_Careers,common crawl
workday,aveva.wd3.myworkdayjobs.com|aveva|RIB_Careers,common crawl
workday,aviagen.wd1.myworkdayjobs.com|aviagen|aviagen-careers,common crawl
workday,avisbudget.wd1.myworkdayjobs.com|avisbudget|ABG_Careers,common crawl
workday,avisbudget.wd1.myworkdayjobs.com|avisbudget|Zipcar_Careers,common crawl
workday,avisbudget.wd1.myworkdayjobs.com|avisbudget|abg_careers,common crawl
workday,aviva.wd1.myworkdayjobs.com|aviva|External,common crawl
workday,aviva.wd1.myworkdayjobs.com|aviva|external,common crawl
workday,awc.wd3.myworkdayjobs.com|awc|AWC_Career_Site,common crawl
workday,awc.wd3.myworkdayjobs.com|awc|Wine_Rack_Career_Site,common crawl
workday,awe.wd1.myworkdayjobs.com|awe|Art_and_Wellness,common crawl
workday,awe.wd1.myworkdayjobs.com|awe|art_and_wellness,common crawl
workday,awepeople.wd3.myworkdayjobs.com|awepeople|Grad_Careers,companies.csv
workday,awg.wd3.myworkdayjobs.com|awg|A1,common crawl
workday,awg.wd3.myworkdayjobs.com|awg|AW,common crawl
workday,awg.wd3.myworkdayjobs.com|awg|Spa,common crawl
workday,awg.wd3.myworkdayjobs.com|awg|broadbean_external,companies.csv
workday,axalta.wd1.myworkdayjobs.com|axalta|es,common crawl
workday,axcelis.wd1.myworkdayjobs.com|axcelis|axcelis,companies.csv
workday,axiomspace.wd5.myworkdayjobs.com|axiomspace|External_Career_Site,common crawl
workday,axis.wd3.myworkdayjobs.com|axis|External_Career_Site,common crawl
workday,axis.wd3.myworkdayjobs.com|axis|external_career_site,common crawl
workday,axiscapital.wd1.myworkdayjobs.com|axiscapital|axiscareers,common crawl
workday,axiscapital.wd1.myworkdayjobs.com|axiscapital|confidentialaxiscareers,common crawl
workday,axos.wd5.myworkdayjobs.com|axos|Axos,common crawl
workday,ayvens.wd3.myworkdayjobs.com|ayvens|AyvensCareers,common crawl
workday,babson.wd1.myworkdayjobs.com|babson|Temporary_Seasonal,common crawl
workday,bah.wd1.myworkdayjobs.com|bah|BAH_Jobs,common crawl
workday,bah.wd1.myworkdayjobs.com|bah|bah_jobs,common crawl
workday,baird.wd1.myworkdayjobs.com|baird|careers,companies.csv
workday,bakerhughes.wd5.myworkdayjobs.com|bakerhughes|BakerHughes,common crawl
workday,bakerhughes.wd5.myworkdayjobs.com|bakerhughes|bakerhughes,common crawl
workday,bakertilly.wd5.myworkdayjobs.com|bakertilly|BTCareers,common crawl
workday,bakertilly.wd5.myworkdayjobs.com|bakertilly|btcareers,common crawl
workday,baldwin.wd1.myworkdayjobs.com|baldwin|Juniper-Re,common crawl
workday,baldwin.wd1.myworkdayjobs.com|baldwin|msi,common crawl
workday,baltimorecity.wd1.myworkdayjobs.com|baltimorecity|External,common crawl
workday,baltimorecity.wd1.myworkdayjobs.com|baltimorecity|external,common crawl
workday,bankatfirst.wd1.myworkdayjobs.com|bankatfirst|ffb,common crawl
workday,bankeasy.wd5.myworkdayjobs.com|bankeasy|bank-easy-job-openings,companies.csv
workday,bannerhealth.wd108.myworkdayjobs.com|bannerhealth|Careers,common crawl
workday,bannerhealth.wd5.myworkdayjobs.com|bannerhealth|Careers,common crawl
workday,barcelo.wd3.myworkdayjobs.com|barcelo|es,common crawl
workday,barclays.wd3.myworkdayjobs.com|barclays|External_Career_Site_Barclays,common crawl
workday,barclays.wd3.myworkdayjobs.com|barclays|external_career_site_barclays,common crawl
workday,barr.wd1.myworkdayjobs.com|barr|barrcareers,companies.csv
workday,barryu.wd5.myworkdayjobs.com|barryu|BarryU,common crawl
workday,barryu.wd5.myworkdayjobs.com|barryu|BarryUStudentJobs,common crawl
workday,barrywehmiller.wd1.myworkdayjobs.com|barrywehmiller|BWCareers,common crawl
workday,barrywehmiller.wd1.myworkdayjobs.com|barrywehmiller|BWConfidential,common crawl
workday,barrywehmiller.wd1.myworkdayjobs.com|barrywehmiller|bwcareers,common crawl
workday,basspro.wd1.myworkdayjobs.com|basspro|careers,common crawl
workday,baxter.wd1.myworkdayjobs.com|baxter|baxter,common crawl
workday,baystatehealth.wd12.myworkdayjobs.com|baystatehealth|External_Careers,common crawl
workday,bb.wd3.myworkdayjobs.com|bb|BlackBerry,common crawl
workday,bb.wd3.myworkdayjobs.com|bb|QNX,common crawl
workday,bb.wd3.myworkdayjobs.com|bb|Student,common crawl
workday,bb.wd3.myworkdayjobs.com|bb|es,common crawl
workday,bbinsurance.wd1.myworkdayjobs.com|bbinsurance|ArrowheadCareers,common crawl
workday,bbinsurance.wd1.myworkdayjobs.com|bbinsurance|Careers,common crawl
workday,bbinsurance.wd1.myworkdayjobs.com|bbinsurance|Careers_Europe,common crawl
workday,bbinsurance.wd1.myworkdayjobs.com|bbinsurance|ProctorCareers,common crawl
workday,bbinsurance.wd1.myworkdayjobs.com|bbinsurance|careers,common crawl
workday,bbva.wd3.myworkdayjobs.com|bbva|BBVA,common crawl
workday,bbva.wd3.myworkdayjobs.com|bbva|bbva,common crawl
workday,bbva.wd3.myworkdayjobs.com|bbva|es,common crawl
workday,bcbsa.wd1.myworkdayjobs.com|bcbsa|Careers,common crawl
workday,bcbsa.wd1.myworkdayjobs.com|bcbsa|careers,common crawl
workday,bcbsaz.wd1.myworkdayjobs.com|bcbsaz|bcbsazcareers,companies.csv
workday,bcbsks.wd1.myworkdayjobs.com|bcbsks|External,companies.csv
workday,bcbsla.wd1.myworkdayjobs.com|bcbsla|Generation_Blue,companies.csv
workday,bcbsmn.wd5.myworkdayjobs.com|bcbsmn|bluecrossmn,companies.csv
workday,bcbsnc.wd5.myworkdayjobs.com|bcbsnc|BCBSNC,common crawl
workday,bcbsnc.wd5.myworkdayjobs.com|bcbsnc|bcbsnc,companies.csv
workday,bcbsri.wd1.myworkdayjobs.com|bcbsri|BCBSRICareers,companies.csv
workday,bcbsri.wd1.myworkdayjobs.com|bcbsri|bcbsricareers,history_companies.csv
workday,bcbst.wd1.myworkdayjobs.com|bcbst|external,companies.csv
workday,bci.wd10.myworkdayjobs.com|bci|BCI_Careers,companies.csv
workday,bcidaho.wd5.myworkdayjobs.com|bcidaho|BCI,companies.csv
workday,bdc.wd10.myworkdayjobs.com|bdc|BDC_Careers,common crawl
workday,bdgrowers.wd1.myworkdayjobs.com|bdgrowers|External,common crawl
workday,bdo.wd3.myworkdayjobs.com|bdo|BDO,common crawl
workday,bdx.wd1.myworkdayjobs.com|bdx|EXTERNAL_CAREER_SITE_AUSTRALIA,common crawl
workday,bdx.wd1.myworkdayjobs.com|bdx|EXTERNAL_CAREER_SITE_CANADA,common crawl
workday,bdx.wd1.myworkdayjobs.com|bdx|EXTERNAL_CAREER_SITE_GERMANY,common crawl
workday,bdx.wd1.myworkdayjobs.com|bdx|EXTERNAL_CAREER_SITE_INDIA,common crawl
workday,bdx.wd1.myworkdayjobs.com|bdx|EXTERNAL_CAREER_SITE_IRELAND,common crawl
workday,bdx.wd1.myworkdayjobs.com|bdx|EXTERNAL_CAREER_SITE_JAPAN,common crawl
workday,bdx.wd1.myworkdayjobs.com|bdx|EXTERNAL_CAREER_SITE_USA,common crawl
workday,bdx.wd1.myworkdayjobs.com|bdx|embectacareers,common crawl
workday,bdx.wd1.myworkdayjobs.com|bdx|es,common crawl
workday,bdx.wd1.myworkdayjobs.com|bdx|external_career_site_spain,common crawl
workday,bdx.wd1.myworkdayjobs.com|bdx|external_career_site_usa,common crawl
workday,becu.wd1.myworkdayjobs.com|becu|External,common crawl
workday,becu.wd1.myworkdayjobs.com|becu|external,common crawl
workday,beemok.wd5.myworkdayjobs.com|beemok|BHC_Careers,common crawl
workday,beemok.wd5.myworkdayjobs.com|beemok|Meeting_Street_Schools_,common crawl
workday,beemok.wd5.myworkdayjobs.com|beemok|meeting_street_schools_,common crawl
workday,beigene.wd5.myworkdayjobs.com|beigene|BeiGene,common crawl
workday,beigene.wd5.myworkdayjobs.com|beigene|beigene,companies.csv
workday,belk.wd1.myworkdayjobs.com|belk|Careers,common crawl
workday,belk.wd1.myworkdayjobs.com|belk|careers,companies.csv
workday,belk.wd1.myworkdayjobs.com|belk|jobs-stores,common crawl
workday,belkin.wd5.myworkdayjobs.com|belkin|Belkin_Careers,common crawl
workday,belron.wd3.myworkdayjobs.com|belron|Autoglass_and_Laddaw_Careers,common crawl
workday,belron.wd3.myworkdayjobs.com|belron|Belron_Canada_Careers,common crawl
workday,belron.wd3.myworkdayjobs.com|belron|Carglass_Careers,common crawl
workday,belron.wd3.myworkdayjobs.com|belron|Carglass_Deutschland,common crawl
workday,belron.wd3.myworkdayjobs.com|belron|Norway_Carglass_Careers,common crawl
workday,belron.wd3.myworkdayjobs.com|belron|OBrien_AU,common crawl
workday,belron.wd3.myworkdayjobs.com|belron|Safelite_Careers,common crawl
workday,belron.wd3.myworkdayjobs.com|belron|es,common crawl
workday,benchmark.wd1.myworkdayjobs.com|benchmark|Benchmark_Careers,common crawl
workday,benchmark.wd1.myworkdayjobs.com|benchmark|PGH_Careers,common crawl
workday,benefis.wd1.myworkdayjobs.com|benefis|BHS,common crawl
workday,berklee.wd1.myworkdayjobs.com|berklee|BerkleeCareers,common crawl
workday,bernco.wd1.myworkdayjobs.com|bernco|berncocareers,common crawl
workday,bernergroup.wd3.myworkdayjobs.com|bernergroup|Careers_Berner_Group,common crawl
workday,bestbuycanada.wd3.myworkdayjobs.com|bestbuycanada|BestBuyCA_Career,common crawl
workday,bestwestern.wd1.myworkdayjobs.com|bestwestern|careers,common crawl
workday,betmgminc.wd5.myworkdayjobs.com|betmgminc|betmgm,common crawl
workday,bexar.wd12.myworkdayjobs.com|bexar|BexarCountyExternalCareerSite,common crawl
workday,beyondmeat.wd1.myworkdayjobs.com|beyondmeat|External_Careers,common crawl
workday,bgfoods.wd1.myworkdayjobs.com|bgfoods|BG_Foods_Careers,common crawl
workday,bhs.wd1.myworkdayjobs.com|bhs|careers,common crawl
workday,bigcommerce.wd12.myworkdayjobs.com|bigcommerce|Commerce,common crawl
workday,bigcommerce.wd12.myworkdayjobs.com|bigcommerce|commerce,common crawl
workday,biibhr.wd3.myworkdayjobs.com|biibhr|external,common crawl
workday,bilh.wd1.myworkdayjobs.com|bilh|External,common crawl
workday,bilh.wd1.myworkdayjobs.com|bilh|external,common crawl
workday,biomarpeople.wd3.myworkdayjobs.com|biomarpeople|BioMar,common crawl
workday,biomarpeople.wd3.myworkdayjobs.com|biomarpeople|es,common crawl
workday,biotechne.wd5.myworkdayjobs.com|biotechne|Biotechne,common crawl
workday,bird.wd3.myworkdayjobs.com|bird|BirdConstructionCareers,companies.csv
workday,bitsight.wd1.myworkdayjobs.com|bitsight|Bitsight,common crawl
workday,bjswholesaleclub.wd1.myworkdayjobs.com|bjswholesaleclub|BJsCareers,common crawl
workday,bjswholesaleclub.wd1.myworkdayjobs.com|bjswholesaleclub|bjscareers,common crawl
workday,blackbaud.wd1.myworkdayjobs.com|blackbaud|ExternalCareers,common crawl
workday,blackbaud.wd1.myworkdayjobs.com|blackbaud|externalcareers,common crawl
workday,blackline.wd108.myworkdayjobs.com|blackline|BlackLineCareers,common crawl
workday,blackrock.wd1.myworkdayjobs.com|blackrock|BlackRock_Professional,common crawl
workday,blackrock.wd1.myworkdayjobs.com|blackrock|blackrock_professional,common crawl
workday,blackstone.wd1.myworkdayjobs.com|blackstone|Blackstone_Campus_Careers,common crawl
workday,blackstone.wd1.myworkdayjobs.com|blackstone|Blackstone_Careers,common crawl
workday,blackstone.wd1.myworkdayjobs.com|blackstone|HEC_Paris,common crawl
workday,blackstone.wd1.myworkdayjobs.com|blackstone|blackstone_careers,common crawl
workday,bloomberg.wd1.myworkdayjobs.com|bloomberg|Bloombergindustrygroup_External_Career_Site,common crawl
workday,bloomenergy.wd1.myworkdayjobs.com|bloomenergy|BloomEnergyCareers,common crawl
workday,bloomenergy.wd1.myworkdayjobs.com|bloomenergy|bloomenergycareers,companies.csv
workday,blueorigin.wd5.myworkdayjobs.com|blueorigin|BlueOrigin,common crawl
workday,blueorigin.wd5.myworkdayjobs.com|blueorigin|blueorigin,common crawl
workday,blueowl.wd1.myworkdayjobs.com|blueowl|blueowl,common crawl
workday,bluescopenac.wd5.myworkdayjobs.com|bluescopenac|BNACareers,common crawl
workday,bmc.wd1.myworkdayjobs.com|bmc|BMC,common crawl
workday,bmc.wd1.myworkdayjobs.com|bmc|bmc,common crawl
workday,bmo.wd3.myworkdayjobs.com|bmo|Campus,common crawl
workday,bmo.wd3.myworkdayjobs.com|bmo|External,common crawl
workday,bmo.wd3.myworkdayjobs.com|bmo|Privileged,companies.csv
workday,bmo.wd3.myworkdayjobs.com|bmo|external,common crawl
workday,bmo.wd3.myworkdayjobs.com|bmo|privileged,common crawl
workday,bnl.wd1.myworkdayjobs.com|bnl|externa,companies.csv
workday,boarshead.wd1.myworkdayjobs.com|boarshead|BHC,common crawl
workday,boden.wd3.myworkdayjobs.com|boden|jpboden,common crawl
workday,boeing.wd1.myworkdayjobs.com|boeing|EXTERNAL_CAREERS,common crawl
workday,boeing.wd1.myworkdayjobs.com|boeing|INCL,common crawl
workday,boeing.wd1.myworkdayjobs.com|boeing|INTERN,common crawl
workday,boeing.wd1.myworkdayjobs.com|boeing|TAP4,common crawl
workday,boeing.wd1.myworkdayjobs.com|boeing|USBLN,common crawl
workday,boeing.wd1.myworkdayjobs.com|boeing|external_careers,common crawl
workday,boeing.wd1.myworkdayjobs.com|boeing|external_subsidiary,common crawl
workday,boeing.wd1.myworkdayjobs.com|boeing|external_ukcontingentworker,common crawl
workday,boliden.wd3.myworkdayjobs.com|boliden|BolidenJobs,common crawl
workday,bonadio.wd5.myworkdayjobs.com|bonadio|Bonadio_Careers,common crawl
workday,bonterra.wd1.myworkdayjobs.com|bonterra|bonterratech,common crawl
workday,borgwarner.wd5.myworkdayjobs.com|borgwarner|BorgWarner_Careers,common crawl
workday,borgwarner.wd5.myworkdayjobs.com|borgwarner|borgwarner_careers,common crawl
workday,boseallaboutme.wd1.myworkdayjobs.com|boseallaboutme|Bose_Careers,common crawl
workday,boseallaboutme.wd503.myworkdayjobs.com|boseallaboutme|Bose_Careers,companies.csv
workday,bostondynamics.wd1.myworkdayjobs.com|bostondynamics|Boston_Dynamics,companies.csv
workday,bouldercolorado.wd1.myworkdayjobs.com|bouldercolorado|External,common crawl
workday,boydgroup.wd1.myworkdayjobs.com|boydgroup|boydcareers,common crawl
workday,boystown.wd1.myworkdayjobs.com|boystown|boystowncareers,companies.csv
workday,bpinternational.wd3.myworkdayjobs.com|bpinternational|bpCareers,common crawl
workday,bpinternational.wd3.myworkdayjobs.com|bpinternational|bpEarlyCareers,common crawl
workday,bpinternational.wd3.myworkdayjobs.com|bpinternational|bpPrivateExternalCareersSite,companies.csv
workday,bpinternational.wd3.myworkdayjobs.com|bpinternational|bpcareers,common crawl
workday,bpinternational.wd3.myworkdayjobs.com|bpinternational|bpprivateexternalcareerssite,common crawl
workday,brambles.wd5.myworkdayjobs.com|brambles|Brambles_Careers,common crawl
workday,brandeis.wd5.myworkdayjobs.com|brandeis|Jobs,common crawl
workday,brenntag.wd3.myworkdayjobs.com|brenntag|brenntag_jobs,common crawl
workday,bridgeigp.wd1.myworkdayjobs.com|bridgeigp|BCC,common crawl
workday,bridgeigp.wd1.myworkdayjobs.com|bridgeigp|BCRE,common crawl
workday,bridgeigp.wd1.myworkdayjobs.com|bridgeigp|BIGC,common crawl
workday,bridgestone.wd5.myworkdayjobs.com|bridgestone|External,common crawl
workday,bridgestone.wd5.myworkdayjobs.com|bridgestone|LATAMExternalCareers,common crawl
workday,brighthorizons.wd5.myworkdayjobs.com|brighthorizons|External-NorthAmerica,common crawl
workday,brighthorizons.wd5.myworkdayjobs.com|brighthorizons|External-UnitedKingdom,common crawl
workday,brighthorizons.wd5.myworkdayjobs.com|brighthorizons|external-unitedkingdom,common crawl
workday,brightli.wd5.myworkdayjobs.com|brightli|BrightliTalent,common crawl
workday,brightli.wd5.myworkdayjobs.com|brightli|brightlitalent,common crawl
workday,brinks.wd5.myworkdayjobs.com|brinks|BrinksCareersCanada,common crawl
workday,brinks.wd5.myworkdayjobs.com|brinks|BrinksCareersUS,common crawl
workday,brinks.wd5.myworkdayjobs.com|brinks|BrinksCareers_RoW,common crawl
workday,brinks.wd5.myworkdayjobs.com|brinks|Carreiras_Brinks,common crawl
workday,brinks.wd5.myworkdayjobs.com|brinks|PAIExternalCareers,common crawl
workday,brinks.wd5.myworkdayjobs.com|brinks|Sitio_Argentina,common crawl
workday,brinks.wd5.myworkdayjobs.com|brinks|Sitio_Bolivia,common crawl
workday,brinks.wd5.myworkdayjobs.com|brinks|Sitio_Chile,common crawl
workday,brinks.wd5.myworkdayjobs.com|brinks|Sitio_Dominicana,common crawl
workday,brinks.wd5.myworkdayjobs.com|brinks|Sitio_Panama,common crawl
workday,brinks.wd5.myworkdayjobs.com|brinks|Trabaja_con_Nosotros,common crawl
workday,bristolmyerssquibb.wd5.myworkdayjobs.com|bristolmyerssquibb|BMS,common crawl
workday,bristolmyerssquibb.wd5.myworkdayjobs.com|bristolmyerssquibb|bms,common crawl
workday,broadcom.wd1.myworkdayjobs.com|broadcom|External_Career,common crawl
workday,broadcom.wd1.myworkdayjobs.com|broadcom|es,common crawl
workday,broadinstitute.wd1.myworkdayjobs.com|broadinstitute|broad_institute,common crawl
workday,broadridge.wd5.myworkdayjobs.com|broadridge|Careers,common crawl
workday,broadridge.wd5.myworkdayjobs.com|broadridge|careers,common crawl
workday,brocku.wd3.myworkdayjobs.com|brocku|brocku_careers,common crawl
workday,brookfield.wd5.myworkdayjobs.com|brookfield|bgre,common crawl
workday,brookfield.wd5.myworkdayjobs.com|brookfield|blumontannuity,common crawl
workday,brookfield.wd5.myworkdayjobs.com|brookfield|bpandc,common crawl
workday,brookfield.wd5.myworkdayjobs.com|brookfield|brookfield,common crawl
workday,brookfield.wd5.myworkdayjobs.com|brookfield|brookfieldprivate,companies.csv
workday,brookfield.wd5.myworkdayjobs.com|brookfield|brookfieldproperties,common crawl
workday,brookfield.wd5.myworkdayjobs.com|brookfield|ggp,common crawl
workday,brooklynpubliclibrary.wd12.myworkdayjobs.com|brooklynpubliclibrary|BPL,common crawl
workday,brooksauto.wd1.myworkdayjobs.com|brooksauto|Brooks_External_Site,common crawl
workday,brookshires.wd108.myworkdayjobs.com|brookshires|BGC,common crawl
workday,brown.wd5.myworkdayjobs.com|brown|staff-careers-brown,common crawl
workday,brownhealth.wd12.myworkdayjobs.com|brownhealth|External_Careers,common crawl
workday,brownhealth.wd12.myworkdayjobs.com|brownhealth|external_careers,common crawl
workday,browserstack.wd3.myworkdayjobs.com|browserstack|External,common crawl
workday,browserstack.wd3.myworkdayjobs.com|browserstack|external,common crawl
workday,brunswick.wd1.myworkdayjobs.com|brunswick|search,common crawl
workday,bsu.wd12.myworkdayjobs.com|bsu|External,common crawl
workday,bucknell.wd1.myworkdayjobs.com|bucknell|External,common crawl
workday,buildertrend.wd108.myworkdayjobs.com|buildertrend|External_Careers,companies.csv
workday,bullish.wd3.myworkdayjobs.com|bullish|Bullish,common crawl
workday,bullish.wd3.myworkdayjobs.com|bullish|CoinDesk,common crawl
workday,bunnings.wd3.myworkdayjobs.com|bunnings|Careers,common crawl
workday,bupa.wd3.myworkdayjobs.com|bupa|BGUK_Event_Landing,common crawl
workday,bupa.wd3.myworkdayjobs.com|bupa|EXT_CAREER,common crawl
workday,bydeluxe.wd5.myworkdayjobs.com|bydeluxe|Deluxe_External,common crawl
workday,byu.wd1.myworkdayjobs.com|byu|byu-careers,common crawl
workday,byu.wd1.myworkdayjobs.com|byu|ce-employment,common crawl
workday,byu.wd1.myworkdayjobs.com|byu|faculty-careers,common crawl
workday,caa.wd1.myworkdayjobs.com|caa|Careers,common crawl
workday,cabinetworksgroup.wd1.myworkdayjobs.com|cabinetworksgroup|cabinetworksgroupcareers,common crawl
workday,cableone.wd1.myworkdayjobs.com|cableone|Cable_One_External_Careers,common crawl
workday,caci.wd1.myworkdayjobs.com|caci|External,common crawl
workday,caci.wd1.myworkdayjobs.com|caci|external,common crawl
workday,cadence.wd1.myworkdayjobs.com|cadence|External_Careers,common crawl
workday,cadence.wd1.myworkdayjobs.com|cadence|external_careers,history_companies.csv
workday,cadence.wd1.myworkdayjobs.com|cadence|women-in-tech-scholarship,common crawl
workday,cae.wd3.myworkdayjobs.com|cae|career,common crawl
workday,cai.wd5.myworkdayjobs.com|cai|computer_aid,companies.csv
workday,calibercollision.wd1.myworkdayjobs.com|calibercollision|Caliber,common crawl
workday,calibercollision.wd1.myworkdayjobs.com|calibercollision|caliber,common crawl
workday,caliburnintl.wd5.myworkdayjobs.com|caliburnintl|External,common crawl
workday,calistacorp.wd1.myworkdayjobs.com|calistacorp|Calista,common crawl
workday,calistacorp.wd1.myworkdayjobs.com|calistacorp|CalistaBrice,common crawl
workday,calistacorp.wd1.myworkdayjobs.com|calistacorp|CalistaInternship,common crawl
workday,calistacorp.wd1.myworkdayjobs.com|calistacorp|Yulista,common crawl
workday,calix.wd1.myworkdayjobs.com|calix|External,common crawl
workday,calix.wd1.myworkdayjobs.com|calix|ExternalInternational,common crawl
workday,calix.wd1.myworkdayjobs.com|calix|external,common crawl
workday,calpolycorporation.wd12.myworkdayjobs.com|calpolycorporation|CalPolyPartner_External_Careers,common crawl
workday,calvin.wd5.myworkdayjobs.com|calvin|CalvinUniversityCareers,common crawl
workday,cambiahealth.wd1.myworkdayjobs.com|cambiahealth|External,common crawl
workday,cambiahealth.wd1.myworkdayjobs.com|cambiahealth|external,common crawl
workday,cambiumlearning.wd1.myworkdayjobs.com|cambiumlearning|camb,common crawl
workday,cambro.wd5.myworkdayjobs.com|cambro|Cambro_Careers,common crawl
workday,cambro.wd5.myworkdayjobs.com|cambro|Nationwide,common crawl
workday,campaignmonitor.wd5.myworkdayjobs.com|campaignmonitor|marigold,common crawl
workday,campbellsoup.wd5.myworkdayjobs.com|campbellsoup|ExternalCareers_GlobalSite,common crawl
workday,campbellsoup.wd5.myworkdayjobs.com|campbellsoup|externalcareers_globalsite,common crawl
workday,campingworld.wd5.myworkdayjobs.com|campingworld|Jobs,common crawl
workday,canadiansolar.wd5.myworkdayjobs.com|canadiansolar|CanadianSolar,companies.csv
workday,canadiantirecorporation.wd3.myworkdayjobs.com|canadiantirecorporation|Enterprise_External_Careers_Site,common crawl
workday,cancerresearchuk.wd3.myworkdayjobs.com|cancerresearchuk|External_Careers,common crawl
workday,cancerresearchuk.wd3.myworkdayjobs.com|cancerresearchuk|broadbean_external,common crawl
workday,capgroup.wd1.myworkdayjobs.com|capgroup|capitalgroupcareers,common crawl
workday,capita.wd3.myworkdayjobs.com|capita|CapitaGlobal,common crawl
workday,capitalhealth.wd1.myworkdayjobs.com|capitalhealth|CapitalHealthCareers,common crawl
workday,capitalhealth.wd1.myworkdayjobs.com|capitalhealth|capitalhealthcareers,common crawl
workday,capitalone.wd12.myworkdayjobs.com|capitalone|Capital_One,common crawl
workday,capitalone.wd12.myworkdayjobs.com|capitalone|capital_one,common crawl
workday,capri.wd1.myworkdayjobs.com|capri|JimmyChooCareers,common crawl
workday,capri.wd1.myworkdayjobs.com|capri|Michael_Kors,common crawl
workday,capri.wd1.myworkdayjobs.com|capri|Versace,common crawl
workday,capri.wd1.myworkdayjobs.com|capri|michael_kors,common crawl
workday,card.wd5.myworkdayjobs.com|card|Search,common crawl
workday,card.wd5.myworkdayjobs.com|card|en,common crawl
workday,card.wd5.myworkdayjobs.com|card|search,common crawl
workday,cardinalhealth.wd1.myworkdayjobs.com|cardinalhealth|EXT,common crawl
workday,cardlytics.wd5.myworkdayjobs.com|cardlytics|CardlyticsExternalCareerSite,common crawl
workday,cardlytics.wd5.myworkdayjobs.com|cardlytics|cardlyticsexternalcareersite,common crawl
workday,careabout.wd5.myworkdayjobs.com|careabout|adjuvant_careers,common crawl
workday,careabout.wd5.myworkdayjobs.com|careabout|consensus_careers,common crawl
workday,careabout.wd5.myworkdayjobs.com|careabout|mspb_careers,common crawl
workday,caresource.wd1.myworkdayjobs.com|caresource|CareSource,common crawl
workday,caresource.wd1.myworkdayjobs.com|caresource|caresource,common crawl
workday,carilionclinic.wd12.myworkdayjobs.com|carilionclinic|External_Careers,common crawl
workday,carmax.wd1.myworkdayjobs.com|carmax|External,common crawl
workday,carrier.wd5.myworkdayjobs.com|carrier|jobs,common crawl
workday,cars.wd12.myworkdayjobs.com|cars|cars,common crawl
workday,carters.wd1.myworkdayjobs.com|carters|CartersCareers,common crawl
workday,cascadia.wd12.myworkdayjobs.com|cascadia|cascadiahealth,common crawl
workday,cat.wd5.myworkdayjobs.com|cat|CaterpillarCareers,common crawl
workday,cat.wd5.myworkdayjobs.com|cat|SolarTurbines,common crawl
workday,cat.wd5.myworkdayjobs.com|cat|caterpillarcareers,common crawl
workday,cat.wd5.myworkdayjobs.com|cat|es,common crawl
workday,cat.wd5.myworkdayjobs.com|cat|solarturbines,common crawl
workday,cba.wd3.myworkdayjobs.com|cba|Bankwest_Careers,common crawl
workday,cba.wd3.myworkdayjobs.com|cba|CommBank_Careers,common crawl
workday,cba.wd3.myworkdayjobs.com|cba|commbank_careers,common crawl
workday,cba.wd3.myworkdayjobs.com|cba|x15_Careers,common crawl
workday,cbcrc.wd3.myworkdayjobs.com|cbcrc|CBC_Radio-Canada_Jobs,common crawl
workday,cbcrc.wd3.myworkdayjobs.com|cbcrc|cbc_radio-canada_jobs,common crawl
workday,cbh.wd12.myworkdayjobs.com|cbh|CherryBekaert,common crawl
workday,cbh.wd12.myworkdayjobs.com|cbh|CherryBekaertEarlyCareers,common crawl
workday,cbh.wd12.myworkdayjobs.com|cbh|cherrybekaert,common crawl
workday,cboe.wd1.myworkdayjobs.com|cboe|External_Career_CBOE,common crawl
workday,cboe.wd1.myworkdayjobs.com|cboe|external_career_cboe,common crawl
workday,cbrands.wd5.myworkdayjobs.com|cbrands|CBI_External_Careers,common crawl
workday,cc.wd3.myworkdayjobs.com|cc|ChanelCareers,common crawl
workday,ccc.wd5.myworkdayjobs.com|ccc|ccc_External,common crawl
workday,cccis.wd1.myworkdayjobs.com|cccis|broadbean_external,companies.csv
workday,ccf.wd1.myworkdayjobs.com|ccf|ClevelandClinicCareers,common crawl
workday,ccf.wd1.myworkdayjobs.com|ccf|ClevelandClinicCareersUK,common crawl
workday,ccf.wd1.myworkdayjobs.com|ccf|clevelandcliniccareers,common crawl
workday,ccrcca.wd1.myworkdayjobs.com|ccrcca|Careers,common crawl
workday,cdpq.wd10.myworkdayjobs.com|cdpq|CDPQ,common crawl
workday,cdpq.wd10.myworkdayjobs.com|cdpq|cdpq-recrutement-universitaire,common crawl
workday,cdw.wd5.myworkdayjobs.com|cdw|careers,companies.csv
workday,cengage.wd5.myworkdayjobs.com|cengage|CengageEMEACareers,common crawl
workday,cengage.wd5.myworkdayjobs.com|cengage|CengageLATAMBrazilCareers,common crawl
workday,cengage.wd5.myworkdayjobs.com|cengage|CengageNorthAmericaCareers,common crawl
workday,cengage.wd5.myworkdayjobs.com|cengage|cengagenorthamericacareers,common crawl
workday,cenhud.wd5.myworkdayjobs.com|cenhud|cenhud,companies.csv
workday,cenovus.wd3.myworkdayjobs.com|cenovus|careers,companies.csv
workday,centene.wd5.myworkdayjobs.com|centene|Centene_External,common crawl
workday,centene.wd5.myworkdayjobs.com|centene|centene_external,common crawl
workday,centific.wd1.myworkdayjobs.com|centific|Centific_Global,common crawl
workday,centific.wd1.myworkdayjobs.com|centific|centific_global,common crawl
workday,cerence.wd5.myworkdayjobs.com|cerence|Cerence,companies.csv
workday,ceritypartners.wd12.myworkdayjobs.com|ceritypartners|ceritypartnerscareers,common crawl
workday,cfr.wd5.myworkdayjobs.com|cfr|Buc-careers,common crawl
workday,cgb.wd5.myworkdayjobs.com|cgb|CGB_Careers,common crawl
workday,cgg.wd103.myworkdayjobs.com|cgg|viridiencareers,companies.csv
workday,cgm.wd3.myworkdayjobs.com|cgm|cgm,common crawl
workday,chagee.wd102.myworkdayjobs.com|chagee|External,common crawl
workday,chamberlain.wd1.myworkdayjobs.com|chamberlain|Chamberlain_Group,companies.csv
workday,changehealthcare.wd5.myworkdayjobs.com|changehealthcare|Search,common crawl
workday,chaptershealth.wd5.myworkdayjobs.com|chaptershealth|carenujobs,common crawl
workday,chaptershealth.wd5.myworkdayjobs.com|chaptershealth|jobs,common crawl
workday,chaptershealth.wd5.myworkdayjobs.com|chaptershealth|securjobs,common crawl
workday,charlottenc.wd12.myworkdayjobs.com|charlottenc|citgov,common crawl
workday,chartermfg.wd5.myworkdayjobs.com|chartermfg|Charter_Careers,companies.csv
workday,chemours.wd103.myworkdayjobs.com|chemours|Chemours,companies.csv
workday,cheo.wd10.myworkdayjobs.com|cheo|External_Site,common crawl
workday,chess.wd1.myworkdayjobs.com|chess|CHESS,common crawl
workday,chess.wd1.myworkdayjobs.com|chess|CNMJOBS,common crawl
workday,chess.wd1.myworkdayjobs.com|chess|LCCJobs,common crawl
workday,chess.wd1.myworkdayjobs.com|chess|SJC,common crawl
workday,chess.wd1.myworkdayjobs.com|chess|sfcc,common crawl
workday,chesterfield.wd5.myworkdayjobs.com|chesterfield|CCPS1,common crawl
workday,chesterfield.wd5.myworkdayjobs.com|chesterfield|ccps1,common crawl
workday,chevron.wd5.myworkdayjobs.com|chevron|ExternalCareerSite_Private,common crawl
workday,chevron.wd5.myworkdayjobs.com|chevron|University,companies.csv
workday,chevron.wd5.myworkdayjobs.com|chevron|jobs,common crawl
workday,chevron.wd5.myworkdayjobs.com|chevron|university,common crawl
workday,chfs.wd12.myworkdayjobs.com|chfs|CHFS,common crawl
workday,chfs.wd12.myworkdayjobs.com|chfs|chfs,common crawl
workday,chg.wd5.myworkdayjobs.com|chg|CAN_External_Career_Site,common crawl
workday,chg.wd5.myworkdayjobs.com|chg|US_External_Career_Site,common crawl
workday,chipotle.wd5.myworkdayjobs.com|chipotle|ChipotleCareers,companies.csv
workday,choicehotels.wd5.myworkdayjobs.com|choicehotels|External,common crawl
workday,choicehotels.wd5.myworkdayjobs.com|choicehotels|HotelExternal,common crawl
workday,christianacare.wd5.myworkdayjobs.com|christianacare|CCHS,common crawl
workday,christies.wd3.myworkdayjobs.com|christies|Christies_Careers,common crawl
workday,chrobinson.wd5.myworkdayjobs.com|chrobinson|CHRobinson,companies.csv
workday,churchdwight.wd1.myworkdayjobs.com|churchdwight|chdcareers,companies.csv
workday,churchs.wd1.myworkdayjobs.com|churchs|Corporate,common crawl
workday,cibc.wd3.myworkdayjobs.com|cibc|campus,common crawl
workday,cibc.wd3.myworkdayjobs.com|cibc|search,common crawl
workday,ciena.wd5.myworkdayjobs.com|ciena|Careers,common crawl
workday,ciena.wd5.myworkdayjobs.com|ciena|careers,common crawl
workday,cigna.wd5.myworkdayjobs.com|cigna|cignacareers,common crawl
workday,cincinnatichildrens.wd5.myworkdayjobs.com|cincinnatichildrens|careersatcincinnatichildrens,companies.csv
workday,cir.wd108.myworkdayjobs.com|cir|CIR_External_Career_Site,companies.csv
workday,circle.wd1.myworkdayjobs.com|circle|Circle,common crawl
workday,circle.wd1.myworkdayjobs.com|circle|circle,common crawl
workday,circlek.wd3.myworkdayjobs.com|circlek|CircleKStoreJobs,common crawl
workday,circlek.wd3.myworkdayjobs.com|circlek|circlekstorejobs,common crawl
workday,cisco.wd5.myworkdayjobs.com|cisco|Cisco_Careers,common crawl
workday,cisco.wd5.myworkdayjobs.com|cisco|cisco_careers,common crawl
workday,cisecurity.wd1.myworkdayjobs.com|cisecurity|CIS_External_Career_Site,common crawl
workday,cisive.wd108.myworkdayjobs.com|cisive|Cisive,common crawl
workday,citi.wd5.myworkdayjobs.com|citi|2,common crawl
workday,citi.wd5.myworkdayjobs.com|citi|Citi_Early_Careers_Events_Site,common crawl
workday,citjpl.wd5.myworkdayjobs.com|citjpl|Jobs,common crawl
workday,citjpl.wd5.myworkdayjobs.com|citjpl|jobs,common crawl
workday,city.wd1.myworkdayjobs.com|city|CFM,common crawl
workday,city.wd1.myworkdayjobs.com|city|CityUS,common crawl
workday,city.wd1.myworkdayjobs.com|city|cityus,common crawl
workday,cityblockhealth.wd1.myworkdayjobs.com|cityblockhealth|CityblockExternalCareerSite,common crawl
workday,cityofgainesville.wd5.myworkdayjobs.com|cityofgainesville|Careers,common crawl
workday,cityofirvine.wd12.myworkdayjobs.com|cityofirvine|CityofIrvine,common crawl
workday,cityofvancouver.wd5.myworkdayjobs.com|cityofvancouver|COV,common crawl
workday,cityofventura.wd5.myworkdayjobs.com|cityofventura|CityofVentura,common crawl
workday,clarios.wd5.myworkdayjobs.com|clarios|clarioscareers,common crawl
workday,clarivate.wd3.myworkdayjobs.com|clarivate|Clarivate_Careers,common crawl
workday,clarivate.wd3.myworkdayjobs.com|clarivate|clarivate_careers,common crawl
workday,clarivate.wd3.myworkdayjobs.com|clarivate|jobs,common crawl
workday,clarkcountywashington.wd1.myworkdayjobs.com|clarkcountywashington|ClarkCountyJobs,common crawl
workday,claycountybcc.wd1.myworkdayjobs.com|claycountybcc|External_Careers,common crawl
workday,claytonhomes.wd1.myworkdayjobs.com|claytonhomes|Brohn,common crawl
workday,claytonhomes.wd1.myworkdayjobs.com|claytonhomes|ClaytonCareers,common crawl
workday,claytonhomes.wd1.myworkdayjobs.com|claytonhomes|Goodall,common crawl
workday,claytonhomes.wd1.myworkdayjobs.com|claytonhomes|Highland,common crawl
workday,claytonhomes.wd1.myworkdayjobs.com|claytonhomes|HomeFirst,common crawl
workday,claytonhomes.wd1.myworkdayjobs.com|claytonhomes|Mungo,common crawl
workday,claytonhomes.wd1.myworkdayjobs.com|claytonhomes|Oakwood,common crawl
workday,claytonhomes.wd1.myworkdayjobs.com|claytonhomes|Vanderbilt,common crawl
workday,clearchanneloutdoor.wd5.myworkdayjobs.com|clearchanneloutdoor|CCO,common crawl
workday,clearchanneloutdoor.wd5.myworkdayjobs.com|clearchanneloutdoor|cco,common crawl
workday,clearesult.wd1.myworkdayjobs.com|clearesult|CLEAResult_External_Careers,common crawl
workday,clearesult.wd1.myworkdayjobs.com|clearesult|clearesult_external_careers,common crawl
workday,clearwateranalytics.wd1.myworkdayjobs.com|clearwateranalytics|Clearwater_Analytics_Careers,common crawl
workday,clearwateranalytics.wd1.myworkdayjobs.com|clearwateranalytics|clearwater_analytics_careers,common crawl
workday,clio.wd3.myworkdayjobs.com|clio|ClioCareerSite,common crawl
workday,clio.wd3.myworkdayjobs.com|clio|cliocareersite,common crawl
workday,clorox.wd1.myworkdayjobs.com|clorox|InviteClorox,companies.csv
workday,cloudera.wd5.myworkdayjobs.com|cloudera|External_Career,common crawl
workday,cloudera.wd5.myworkdayjobs.com|cloudera|external_career,common crawl
workday,clr.wd5.myworkdayjobs.com|clr|CLR_Careers,companies.csv
workday,cmcmarkets.wd3.myworkdayjobs.com|cmcmarkets|CMC_Markets_Careers,companies.csv
workday,cmegroup.wd1.myworkdayjobs.com|cmegroup|cme_careers,common crawl
workday,cmu.wd115.myworkdayjobs.com|cmu|CMU,common crawl
workday,cmu.wd115.myworkdayjobs.com|cmu|SEI,common crawl
workday,cmu.wd5.myworkdayjobs.com|cmu|CMU,common crawl
workday,cmu.wd5.myworkdayjobs.com|cmu|cmu,common crawl
workday,cna.wd1.myworkdayjobs.com|cna|CNA_Careers,companies.csv
workday,cnoinc.wd5.myworkdayjobs.com|cnoinc|Careers,companies.csv
workday,cnx.wd1.myworkdayjobs.com|cnx|es,common crawl
workday,cnx.wd1.myworkdayjobs.com|cnx|external_global,common crawl
workday,cnx.wd1.myworkdayjobs.com|cnx|external_us,common crawl
workday,cochlear.wd3.myworkdayjobs.com|cochlear|Cochlear_Careers,common crawl
workday,cochlear.wd3.myworkdayjobs.com|cochlear|cochlear_careers,common crawl
workday,cogeco.wd3.myworkdayjobs.com|cogeco|Cogeco_Careers,companies.csv
workday,cognex.wd1.myworkdayjobs.com|cognex|External_Career_Site,companies.csv
workday,cohesity.wd5.myworkdayjobs.com|cohesity|Cohesity_Careers,companies.csv
workday,cohesity.wd5.myworkdayjobs.com|cohesity|cohesity_careers,common crawl
workday,coke.wd1.myworkdayjobs.com|coke|coca-cola-careers,common crawl
workday,colby.wd5.myworkdayjobs.com|colby|ColbyCareers,common crawl
workday,collectorsuniverse.wd1.myworkdayjobs.com|collectorsuniverse|collectors,common crawl
workday,collegeboard.wd1.myworkdayjobs.com|collegeboard|Careers,common crawl
workday,collegeboard.wd1.myworkdayjobs.com|collegeboard|careers,common crawl
workday,colliers.wd3.myworkdayjobs.com|colliers|colliers-external-career-site,common crawl
workday,columbiasportswearcompany.wd5.myworkdayjobs.com|columbiasportswearcompany|CSC_Careers,common crawl
workday,columbiasportswearcompany.wd5.myworkdayjobs.com|columbiasportswearcompany|Columbia_Career_Site,common crawl
workday,columbiasportswearcompany.wd5.myworkdayjobs.com|columbiasportswearcompany|DistributionCenters,common crawl
workday,columbiasportswearcompany.wd5.myworkdayjobs.com|columbiasportswearcompany|Mountain_Hardwear_Careers,common crawl
workday,columbiasportswearcompany.wd5.myworkdayjobs.com|columbiasportswearcompany|SOREL_Careers,common crawl
workday,columbiasportswearcompany.wd5.myworkdayjobs.com|columbiasportswearcompany|columbia_career_site,common crawl
workday,columbiasportswearcompany.wd5.myworkdayjobs.com|columbiasportswearcompany|csc_careers,common crawl
workday,columbiasportswearcompany.wd5.myworkdayjobs.com|columbiasportswearcompany|retail,common crawl
workday,comcast.wd115.myworkdayjobs.com|comcast|Comcast_Careers,common crawl
workday,comcast.wd5.myworkdayjobs.com|comcast|Comcast_Careers,common crawl
workday,comcast.wd5.myworkdayjobs.com|comcast|comcast_careers,common crawl
workday,comfortsystemsusa.wd1.myworkdayjobs.com|comfortsystemsusa|AtlanticElectric_Careers,common crawl
workday,comfortsystemsusa.wd1.myworkdayjobs.com|comfortsystemsusa|CSUSAKY,common crawl
workday,comfortsystemsusa.wd1.myworkdayjobs.com|comfortsystemsusa|EAScareers,common crawl
workday,comfortsystemsusa.wd1.myworkdayjobs.com|comfortsystemsusa|Edwards,common crawl
workday,comfortsystemsusa.wd1.myworkdayjobs.com|comfortsystemsusa|Ivey,common crawl
workday,comfortsystemsusa.wd1.myworkdayjobs.com|comfortsystemsusa|MidSouth,common crawl
workday,comfortsystemsusa.wd1.myworkdayjobs.com|comfortsystemsusa|Quality-Air-Heating-Cooling-Inc,common crawl
workday,comfortsystemsusa.wd1.myworkdayjobs.com|comfortsystemsusa|corpcareers,common crawl
workday,comfortsystemsusa.wd1.myworkdayjobs.com|comfortsystemsusa|cusasw,common crawl
workday,comfortsystemsusa.wd1.myworkdayjobs.com|comfortsystemsusa|skmes-Careers,common crawl
workday,commercebank.wd1.myworkdayjobs.com|commercebank|CommerceJobs,companies.csv
workday,communicarehealth.wd1.myworkdayjobs.com|communicarehealth|CHSExternalCareerSite,common crawl
workday,communitybrands.wd1.myworkdayjobs.com|communitybrands|Momentive_External_Careers,common crawl
workday,compassion.wd5.myworkdayjobs.com|compassion|CompassionCareers,common crawl
workday,compassion.wd5.myworkdayjobs.com|compassion|CompassionCareersPrivateLink,companies.csv
workday,conagrabrands.wd1.myworkdayjobs.com|conagrabrands|Careers_US,common crawl
workday,conagrabrands.wd1.myworkdayjobs.com|conagrabrands|careers_us,common crawl
workday,condenast.wd115.myworkdayjobs.com|condenast|CondeCareers,common crawl
workday,condenast.wd5.myworkdayjobs.com|condenast|CondeCareers,common crawl
workday,conehealth.wd12.myworkdayjobs.com|conehealth|cone_health-careers,companies.csv
workday,conmed.wd5.myworkdayjobs.com|conmed|conmed,common crawl
workday,conocophillips.wd1.myworkdayjobs.com|conocophillips|External,companies.csv
workday,conocophillips.wd1.myworkdayjobs.com|conocophillips|external,common crawl
workday,consignaction.wd10.myworkdayjobs.com|consignaction|Consignaction_carrieres,common crawl
workday,convive.wd12.myworkdayjobs.com|convive|Lepainquotidien,common crawl
workday,convive.wd12.myworkdayjobs.com|convive|Littlebeet,common crawl
workday,cookchildrens.wd1.myworkdayjobs.com|cookchildrens|Cook_Childrens_Careers,common crawl
workday,cookchildrens.wd1.myworkdayjobs.com|cookchildrens|cook_childrens_careers,common crawl
workday,cooley.wd1.myworkdayjobs.com|cooley|Cooley_Brussels_LLP,common crawl
workday,cooley.wd1.myworkdayjobs.com|cooley|Cooley_US_LLP,common crawl
workday,cooperstandard.wd1.myworkdayjobs.com|cooperstandard|CooperStandard,companies.csv
workday,coorstek.wd1.myworkdayjobs.com|coorstek|CoorsTekCareers,companies.csv
workday,copart.wd12.myworkdayjobs.com|copart|Copart,common crawl
workday,copart.wd12.myworkdayjobs.com|copart|copart,common crawl
workday,copeland.wd5.myworkdayjobs.com|copeland|Copeland_External_Careers_Page,common crawl
workday,copeland.wd5.myworkdayjobs.com|copeland|copeland_external_careers_page,common crawl
workday,copeland.wd5.myworkdayjobs.com|copeland|es,common crawl
workday,coreandmain.wd1.myworkdayjobs.com|coreandmain|coreandmain,companies.csv
workday,corebridgefinancial.wd1.myworkdayjobs.com|corebridgefinancial|CorebridgeFinancial,common crawl
workday,corebridgefinancial.wd1.myworkdayjobs.com|corebridgefinancial|corebridgefinancial,common crawl
workday,corebridgefinancial.wd1.myworkdayjobs.com|corebridgefinancial|early_careers,common crawl
workday,corebridgefinancial.wd1.myworkdayjobs.com|corebridgefinancial|laya,common crawl
workday,corelab.wd12.myworkdayjobs.com|corelab|CLB,common crawl
workday,corelogic.wd5.myworkdayjobs.com|corelogic|Global,common crawl
workday,corelogic.wd5.myworkdayjobs.com|corelogic|USCAN,common crawl
workday,cornell.wd1.myworkdayjobs.com|cornell|CCECareerPage,common crawl
workday,cornell.wd1.myworkdayjobs.com|cornell|CornellCareerPage,common crawl
workday,cornell.wd1.myworkdayjobs.com|cornell|cornellpositions,common crawl
workday,corpartners.wd5.myworkdayjobs.com|corpartners|COR,common crawl
workday,corpartners.wd5.myworkdayjobs.com|corpartners|DBIConsultants,common crawl
workday,corpartners.wd5.myworkdayjobs.com|corpartners|EngleMartin,common crawl
workday,corpartners.wd5.myworkdayjobs.com|corpartners|Envista,common crawl
workday,corpartners.wd5.myworkdayjobs.com|corpartners|Synergy,common crawl
workday,corpartners.wd5.myworkdayjobs.com|corpartners|englemartin,common crawl
workday,corpay.wd103.myworkdayjobs.com|corpay|ext_001,companies.csv
workday,corpay.wd3.myworkdayjobs.com|corpay|Ext_001,common crawl
workday,corrohealth.wd1.myworkdayjobs.com|corrohealth|Corro,common crawl
workday,corrohealth.wd1.myworkdayjobs.com|corrohealth|CorroHealthIndia,common crawl
workday,corrohealth.wd1.myworkdayjobs.com|corrohealth|Virtix,common crawl
workday,corrohealth.wd1.myworkdayjobs.com|corrohealth|corro,common crawl
workday,corteva.wd5.myworkdayjobs.com|corteva|corteva,companies.csv
workday,costar.wd1.myworkdayjobs.com|costar|CoStarCareers,common crawl
workday,costar.wd1.myworkdayjobs.com|costar|broadbean_external,common crawl
workday,costar.wd1.myworkdayjobs.com|costar|costarcareers,common crawl
workday,costar.wd1.myworkdayjobs.com|costar|costarcareerseurope,common crawl
workday,cotality.wd115.myworkdayjobs.com|cotality|Global,common crawl
workday,cotality.wd115.myworkdayjobs.com|cotality|global,common crawl
workday,countryfinancial.wd5.myworkdayjobs.com|countryfinancial|COUNTRYCorporateInternships,companies.csv
workday,covestro.wd3.myworkdayjobs.com|covestro|cov_external,common crawl
workday,cox.wd1.myworkdayjobs.com|cox|Cox_External_Career_Site_1,common crawl
workday,cox.wd1.myworkdayjobs.com|cox|cox_external_career_site_1,common crawl
workday,coxhealth.wd5.myworkdayjobs.com|coxhealth|CoxHealth_External,companies.csv
workday,cpsi.wd1.myworkdayjobs.com|cpsi|CPSI,common crawl
workday,cpsi.wd1.myworkdayjobs.com|cpsi|cpsi,common crawl
workday,creationtech.wd1.myworkdayjobs.com|creationtech|Creation,common crawl
workday,creditacceptance.wd5.myworkdayjobs.com|creditacceptance|Credit_Acceptance,common crawl
workday,crhc.wd1.myworkdayjobs.com|crhc|Concord_Careers,common crawl
workday,crick.wd3.myworkdayjobs.com|crick|External,common crawl
workday,crosscountrymortgage.wd1.myworkdayjobs.com|crosscountrymortgage|CCMCareers,common crawl
workday,crosscountrymortgage.wd1.myworkdayjobs.com|crosscountrymortgage|ccmcareers,common crawl
workday,crowdstrike.wd5.myworkdayjobs.com|crowdstrike|crowdstrikecareers,common crawl
workday,crowe.wd12.myworkdayjobs.com|crowe|External_Careers,common crawl
workday,crowe.wd12.myworkdayjobs.com|crowe|external_careers,common crawl
workday,cryoport.wd12.myworkdayjobs.com|cryoport|external,common crawl
workday,csagroup.wd3.myworkdayjobs.com|csagroup|csagroup,common crawl
workday,csgi.wd5.myworkdayjobs.com|csgi|CSGCareers,common crawl
workday,csiweb.wd1.myworkdayjobs.com|csiweb|CSI_Careers,common crawl
workday,csiweb.wd1.myworkdayjobs.com|csiweb|csi_careers,common crawl
workday,csl.wd1.myworkdayjobs.com|csl|CSL_External,common crawl
workday,csl.wd1.myworkdayjobs.com|csl|Seqirus_External,common crawl
workday,csusystem.wd12.myworkdayjobs.com|csusystem|fortcollins_careers,common crawl
workday,csusystem.wd12.myworkdayjobs.com|csusystem|pueblo_careers,common crawl
workday,cswg.wd1.myworkdayjobs.com|cswg|cs_careers,companies.csv
workday,ctbcholding.wd3.myworkdayjobs.com|ctbcholding|External,common crawl
workday,cubic.wd1.myworkdayjobs.com|cubic|cubic_USA_careers,common crawl
workday,cubic.wd1.myworkdayjobs.com|cubic|cubic_global_careers,common crawl
workday,cubic.wd1.myworkdayjobs.com|cubic|cubic_usa_careers,common crawl
workday,curriculumassociates.wd5.myworkdayjobs.com|curriculumassociates|External,common crawl
workday,curriculumassociates.wd5.myworkdayjobs.com|curriculumassociates|external,common crawl
workday,curtisswright.wd1.myworkdayjobs.com|curtisswright|CW_External_Career_Site,common crawl
workday,curtisswright.wd1.myworkdayjobs.com|curtisswright|cw_external_career_site,common crawl
workday,cvshealth.wd1.myworkdayjobs.com|cvshealth|CVS_Health_Careers,common crawl
workday,cvshealth.wd1.myworkdayjobs.com|cvshealth|Private_Postings_Intern_Conversion_ONLY,companies.csv
workday,cvshealth.wd1.myworkdayjobs.com|cvshealth|cvs_health_careers,common crawl
workday,cw.wd1.myworkdayjobs.com|cw|CWServices,common crawl
workday,cw.wd1.myworkdayjobs.com|cw|External,common crawl
workday,cw.wd1.myworkdayjobs.com|cw|external,common crawl
workday,cwi.wd1.myworkdayjobs.com|cwi|CW_Careers,common crawl
workday,cws.wd3.myworkdayjobs.com|cws|cws_jobs,companies.csv
workday,cyracom.wd1.myworkdayjobs.com|cyracom|US_CyraCom_Careers,common crawl
workday,dabella.wd108.myworkdayjobs.com|dabella|DaBella_Exteriors_Careers,common crawl
workday,daikinapplied.wd1.myworkdayjobs.com|daikinapplied|Daikin-Careers,common crawl
workday,daikinapplied.wd1.myworkdayjobs.com|daikinapplied|daikin-careers,common crawl
workday,dairynet.wd1.myworkdayjobs.com|dairynet|DPCcareers,companies.csv
workday,dallascityhall.wd5.myworkdayjobs.com|dallascityhall|CODCareers,common crawl
workday,dallascityhall.wd5.myworkdayjobs.com|dallascityhall|codcareers,common crawl
workday,damen.wd3.myworkdayjobs.com|damen|Damen_Careers,common crawl
workday,damen.wd3.myworkdayjobs.com|damen|damen_careers,common crawl
workday,danaher.wd1.myworkdayjobs.com|danaher|CytivaJobsPP,common crawl
workday,danaher.wd1.myworkdayjobs.com|danaher|DanaherJobs,common crawl
workday,danaher.wd1.myworkdayjobs.com|danaher|IDTJobs,common crawl
workday,danaher.wd1.myworkdayjobs.com|danaher|danaherjobs,common crawl
workday,darktrace.wd3.myworkdayjobs.com|darktrace|darktaceexternal,common crawl
workday,dataminr.wd12.myworkdayjobs.com|dataminr|Dataminr,common crawl
workday,dataminr.wd12.myworkdayjobs.com|dataminr|dataminr,common crawl
workday,datarobot.wd1.myworkdayjobs.com|datarobot|DataRobot_External_Careers,common crawl
workday,datarobot.wd1.myworkdayjobs.com|datarobot|datarobot_external_careers,common crawl
workday,datasite.wd1.myworkdayjobs.com|datasite|datasite,common crawl
workday,datev.wd3.myworkdayjobs.com|datev|Datev_Careers,common crawl
workday,daveandbusters.wd1.myworkdayjobs.com|daveandbusters|Dave_and_Busters_Careers,common crawl
workday,daveandbusters.wd1.myworkdayjobs.com|daveandbusters|Main_Event_Careers,common crawl
workday,daveandbusters.wd1.myworkdayjobs.com|daveandbusters|dave_and_busters_careers,common crawl
workday,davidlloyd.wd3.myworkdayjobs.com|davidlloyd|101,common crawl
workday,davita.wd1.myworkdayjobs.com|davita|DKC_External,common crawl
workday,davita.wd1.myworkdayjobs.com|davita|dkc_external,common crawl
workday,dayone.wd102.myworkdayjobs.com|dayone|external,common crawl
workday,db.wd3.myworkdayjobs.com|db|DBWebsite,common crawl
workday,db.wd3.myworkdayjobs.com|db|DWSWebsite,common crawl
workday,db.wd3.myworkdayjobs.com|db|dbwebsite,common crawl
workday,dbs.wd3.myworkdayjobs.com|dbs|DBS_Careers,common crawl
workday,dbs.wd3.myworkdayjobs.com|dbs|dbs_careers,common crawl
workday,debeka.wd3.myworkdayjobs.com|debeka|Karriere,common crawl
workday,deckers.wd5.myworkdayjobs.com|deckers|Deckers,common crawl
workday,deckers.wd5.myworkdayjobs.com|deckers|Deckers-Brands,common crawl
workday,dedalus.wd3.myworkdayjobs.com|dedalus|External,common crawl
workday,dedalus.wd3.myworkdayjobs.com|dedalus|external,common crawl
workday,deepwater.wd1.myworkdayjobs.com|deepwater|GlobalExternalCareerSite,common crawl
workday,deepwater.wd1.myworkdayjobs.com|deepwater|MexicoExternalCareerSite,common crawl
workday,deepwater.wd1.myworkdayjobs.com|deepwater|NorwayExternalCareerSite,common crawl
workday,deezee.wd108.myworkdayjobs.com|deezee|DeeZee_Careers,companies.csv
workday,deliveryhero.wd3.myworkdayjobs.com|deliveryhero|efood,common crawl
workday,deliveryhero.wd3.myworkdayjobs.com|deliveryhero|talabat,common crawl
workday,dell.wd1.myworkdayjobs.com|dell|External,common crawl
workday,deluxe.wd5.myworkdayjobs.com|deluxe|USA_CAN,companies.csv
workday,demegroup.wd3.myworkdayjobs.com|demegroup|careers_external,common crawl
workday,dentsuaegis.wd3.myworkdayjobs.com|dentsuaegis|DAN_GLOBAL,common crawl
workday,dentsuaegis.wd3.myworkdayjobs.com|dentsuaegis|dan_global,common crawl
workday,denver.wd1.myworkdayjobs.com|denver|CCD-denver-denvergov-CSC_Jobs-Civil_service_jobs-Police_Jobs-Fire_Jobs,common crawl
workday,denverhealth.wd1.myworkdayjobs.com|denverhealth|DHHA-Main,common crawl
workday,denverhealth.wd1.myworkdayjobs.com|denverhealth|dhha-main,common crawl
workday,depauw.wd5.myworkdayjobs.com|depauw|DePauw_University,common crawl
workday,deseretmanagement.wd1.myworkdayjobs.com|deseretmanagement|BNMedia,common crawl
workday,deseretmanagement.wd1.myworkdayjobs.com|deseretmanagement|BonDenver,common crawl
workday,deseretmanagement.wd1.myworkdayjobs.com|deseretmanagement|BonPhoenix,common crawl
workday,deseretmanagement.wd1.myworkdayjobs.com|deseretmanagement|BonSacramento,common crawl
workday,deseretmanagement.wd1.myworkdayjobs.com|deseretmanagement|BonSaltLake,common crawl
workday,deseretmanagement.wd1.myworkdayjobs.com|deseretmanagement|BonSeattle,common crawl
workday,deseretmanagement.wd1.myworkdayjobs.com|deseretmanagement|Boncom,common crawl
workday,deseretmanagement.wd1.myworkdayjobs.com|deseretmanagement|DMC-Beneficial,common crawl
workday,deseretmanagement.wd1.myworkdayjobs.com|deseretmanagement|DeseretBook,common crawl
workday,deseretmanagement.wd1.myworkdayjobs.com|deseretmanagement|DeseretDigitalMedia,common crawl
workday,deseretmanagement.wd1.myworkdayjobs.com|deseretmanagement|DeseretNews,common crawl
workday,deseretmanagement.wd1.myworkdayjobs.com|deseretmanagement|TempleSquareHospitality,common crawl
workday,deseretmanagement.wd1.myworkdayjobs.com|deseretmanagement|bonseattle,common crawl
workday,deseretmanagement.wd1.myworkdayjobs.com|deseretmanagement|deseretnews,common crawl
workday,desjardins.wd10.myworkdayjobs.com|desjardins|Desjardins,companies.csv
workday,destinationpet.wd5.myworkdayjobs.com|destinationpet|DPEC,common crawl
workday,destinationpet.wd5.myworkdayjobs.com|destinationpet|Yourgi,common crawl
workday,destinationpet.wd5.myworkdayjobs.com|destinationpet|dpec,common crawl
workday,devoted.wd1.myworkdayjobs.com|devoted|Devoted,common crawl
workday,devoted.wd1.myworkdayjobs.com|devoted|devoted,common crawl
workday,dexcom.wd1.myworkdayjobs.com|dexcom|Dexcom,common crawl
workday,dexcom.wd1.myworkdayjobs.com|dexcom|dexcom,common crawl
workday,dfwairport.wd5.myworkdayjobs.com|dfwairport|External,companies.csv
workday,dh.wd3.myworkdayjobs.com|dh|DHC,common crawl
workday,diageo.wd3.myworkdayjobs.com|diageo|Diageo_Careers,common crawl
workday,dickinson.wd108.myworkdayjobs.com|dickinson|Jobs,common crawl
workday,dickssportinggoods.wd1.myworkdayjobs.com|dickssportinggoods|DSG,common crawl
workday,dickssportinggoods.wd1.myworkdayjobs.com|dickssportinggoods|dsg,common crawl
workday,diconium.wd3.myworkdayjobs.com|diconium|diconium,common crawl
workday,diconium.wd3.myworkdayjobs.com|diconium|en,common crawl
workday,dimensional.wd5.myworkdayjobs.com|dimensional|dfa_careers,companies.csv
workday,directsupply.wd501.myworkdayjobs.com|directsupply|direct-supply-careers,companies.csv
workday,directv.wd1.myworkdayjobs.com|directv|careers,companies.csv
workday,disa.wd5.myworkdayjobs.com|disa|DISA_External_Career_Site,common crawl
workday,disa.wd5.myworkdayjobs.com|disa|disa_external_career_site,common crawl
workday,disney.wd5.myworkdayjobs.com|disney|disneycareer,common crawl
workday,disney.wd5.myworkdayjobs.com|disney|disneycareerdc,common crawl
workday,djeholdings.wd5.myworkdayjobs.com|djeholdings|RUTHCareers,common crawl
workday,djeholdings.wd5.myworkdayjobs.com|djeholdings|ZenoCareers,common crawl
workday,djeholdings.wd5.myworkdayjobs.com|djeholdings|edelman-careers-E200,common crawl
workday,dlapiper.wd1.myworkdayjobs.com|dlapiper|dlapiper,common crawl
workday,dmainc.wd5.myworkdayjobs.com|dmainc|dma,companies.csv
workday,dodgeandcox.wd5.myworkdayjobs.com|dodgeandcox|Dodgecox,common crawl
workday,dollartree.wd5.myworkdayjobs.com|dollartree|dollartreeus,companies.csv
workday,doterra.wd1.myworkdayjobs.com|doterra|doTERRACareers,companies.csv
workday,dow.wd1.myworkdayjobs.com|dow|ExternalCareers,common crawl
workday,dowjones.wd1.myworkdayjobs.com|dowjones|Dow_Jones_Career,common crawl
workday,dowjones.wd1.myworkdayjobs.com|dowjones|New_York_Post_Careers,common crawl
workday,dowjones.wd1.myworkdayjobs.com|dowjones|News24_Careers,common crawl
workday,dowjones.wd1.myworkdayjobs.com|dowjones|News_Corp_Australia_Careers,common crawl
workday,dowjones.wd1.myworkdayjobs.com|dowjones|News_Corp_Careers,common crawl
workday,dowjones.wd1.myworkdayjobs.com|dowjones|Storyful_Careers,common crawl
workday,dowjones.wd1.myworkdayjobs.com|dowjones|dow_jones_career,common crawl
workday,draftkings.wd1.myworkdayjobs.com|draftkings|Campus_Career_Portal,companies.csv
workday,draftkings.wd1.myworkdayjobs.com|draftkings|DraftKings,common crawl
workday,draftkings.wd1.myworkdayjobs.com|draftkings|Employee_Referral_Portal,common crawl
workday,draftkings.wd1.myworkdayjobs.com|draftkings|draftkings,common crawl
workday,draper.wd5.myworkdayjobs.com|draper|Draper_Careers,common crawl
workday,draper.wd5.myworkdayjobs.com|draper|draper_careers,common crawl
workday,driscolls.wd5.myworkdayjobs.com|driscolls|driscolls,common crawl
workday,drivetime.wd1.myworkdayjobs.com|drivetime|DriveTime,common crawl
workday,drivetime.wd1.myworkdayjobs.com|drivetime|drivetime,common crawl
workday,dtna.wd5.myworkdayjobs.com|dtna|DTNA_external,common crawl
workday,dtna.wd5.myworkdayjobs.com|dtna|dtna_affiliate,companies.csv
workday,dtna.wd5.myworkdayjobs.com|dtna|dtna_external,common crawl
workday,dukeenergy.wd1.myworkdayjobs.com|dukeenergy|Search,common crawl
workday,dukeenergy.wd1.myworkdayjobs.com|dukeenergy|search,common crawl
workday,dxctechnology.wd1.myworkdayjobs.com|dxctechnology|ASJobs,common crawl
workday,dxctechnology.wd1.myworkdayjobs.com|dxctechnology|DXCJobs,common crawl
workday,dxctechnology.wd1.myworkdayjobs.com|dxctechnology|dxcjobs,common crawl
workday,dynata.wd1.myworkdayjobs.com|dynata|callcenter,common crawl
workday,dynata.wd1.myworkdayjobs.com|dynata|careers,common crawl
workday,dyson.wd3.myworkdayjobs.com|dyson|dyson_careers,companies.csv
workday,earlywarning.wd5.myworkdayjobs.com|earlywarning|earlywarningcareers,common crawl
workday,ebay.wd5.myworkdayjobs.com|ebay|TCGPlayer_External_Career,common crawl
workday,ebay.wd5.myworkdayjobs.com|ebay|apply,common crawl
workday,ebi.wd5.myworkdayjobs.com|ebi|afbcareers,common crawl
workday,ebi.wd5.myworkdayjobs.com|ebi|ebadcareers,common crawl
workday,ebi.wd5.myworkdayjobs.com|ebi|ebicareers,common crawl
workday,ebi.wd5.myworkdayjobs.com|ebi|envirologixcareers,common crawl
workday,ebnhc.wd1.myworkdayjobs.com|ebnhc|EBNHC,common crawl
workday,ecolab.wd1.myworkdayjobs.com|ecolab|Ecolab_External,common crawl
workday,ecolab.wd1.myworkdayjobs.com|ecolab|ecolab_external,common crawl
workday,edsi.wd108.myworkdayjobs.com|edsi|EDSI,common crawl
workday,edwards.wd5.myworkdayjobs.com|edwards|EdwardsCareers,common crawl
workday,edwards.wd5.myworkdayjobs.com|edwards|edwardscareers,common crawl
workday,eisneramper.wd1.myworkdayjobs.com|eisneramper|EisnerAmperEarlyCareers,companies.csv
workday,elanco.wd5.myworkdayjobs.com|elanco|External_Career,common crawl
workday,elanco.wd5.myworkdayjobs.com|elanco|external_career,common crawl
workday,elekta.wd3.myworkdayjobs.com|elekta|Elekta_Careers,common crawl
workday,elementfleet.wd3.myworkdayjobs.com|elementfleet|External_Career_Site,companies.csv
workday,elevancehealth.wd1.myworkdayjobs.com|elevancehealth|ANT,common crawl
workday,elevancehealth.wd1.myworkdayjobs.com|elevancehealth|ELV-ET,companies.csv
workday,elevancehealth.wd1.myworkdayjobs.com|elevancehealth|carelonglobal_in,common crawl
workday,elevancehealth.wd1.myworkdayjobs.com|elevancehealth|carelonglobal_ph,common crawl
workday,elkay.wd1.myworkdayjobs.com|elkay|China_All_Jobs_External_Career_Site,common crawl
workday,elkay.wd1.myworkdayjobs.com|elkay|Elkay_External,common crawl
workday,elkay.wd1.myworkdayjobs.com|elkay|elkay_external,common crawl
workday,elringklinger.wd3.myworkdayjobs.com|elringklinger|External,common crawl
workday,embryriddle.wd1.myworkdayjobs.com|embryriddle|AdjunctFacultyOpportunities,common crawl
workday,embryriddle.wd1.myworkdayjobs.com|embryriddle|External,common crawl
workday,emcins.wd5.myworkdayjobs.com|emcins|EMC_Careers,common crawl
workday,emcins.wd5.myworkdayjobs.com|emcins|emc_careers,common crawl
workday,emerson.wd5.myworkdayjobs.com|emerson|Emerson_College_Staff,common crawl
workday,emerson.wd5.myworkdayjobs.com|emerson|Emerson_College_ft_faculty,common crawl
workday,empower.wd12.myworkdayjobs.com|empower|empower,companies.csv
workday,emspmg.wd1.myworkdayjobs.com|emspmg|9Dot_Careers,common crawl
workday,emspmg.wd1.myworkdayjobs.com|emspmg|EDI_careers,common crawl
workday,emspmg.wd1.myworkdayjobs.com|emspmg|OFL_Careers,common crawl
workday,emspmg.wd1.myworkdayjobs.com|emspmg|PIE_Careers,common crawl
workday,emspmg.wd1.myworkdayjobs.com|emspmg|PMG_Careers,common crawl
workday,emspmg.wd1.myworkdayjobs.com|emspmg|RMPR_Careers,common crawl
workday,enbridge.wd3.myworkdayjobs.com|enbridge|enbridge_careers,common crawl
workday,endicott.wd1.myworkdayjobs.com|endicott|Endicott,common crawl
workday,enercity.wd3.myworkdayjobs.com|enercity|enercity_extern,common crawl
workday,energynorthwest.wd1.myworkdayjobs.com|energynorthwest|External,companies.csv
workday,enhsa.wd115.myworkdayjobs.com|enhsa|Duet1,common crawl
workday,enovis.wd5.myworkdayjobs.com|enovis|enovis,common crawl
workday,ensemblehp.wd5.myworkdayjobs.com|ensemblehp|EnsembleHealthPartnersCareers,common crawl
workday,ensemblehp.wd5.myworkdayjobs.com|ensemblehp|ensemblehealthpartnerscareers,common crawl
workday,ensign.wd1.myworkdayjobs.com|ensign|AlamitosWestHealthandRehabCareerSite,common crawl
workday,ensign.wd1.myworkdayjobs.com|ensign|AltaMesaCareerSite,common crawl
workday,ensign.wd1.myworkdayjobs.com|ensign|ArrowheadSpringsCareerSite,common crawl
workday,ensign.wd1.myworkdayjobs.com|ensign|BeaconHarborCareerSite,common crawl
workday,ensign.wd1.myworkdayjobs.com|ensign|BennettHillsCareerSite,common crawl
workday,ensign.wd1.myworkdayjobs.com|ensign|BrookfieldHealthcareCenterCareerSite,common crawl
workday,ensign.wd1.myworkdayjobs.com|ensign|BrooksideHealthcareCareerSite,common crawl
workday,ensign.wd1.myworkdayjobs.com|ensign|CareageHillsCareerSite,common crawl
workday,ensign.wd1.myworkdayjobs.com|ensign|ChampionsHealthcareALCareerSite,common crawl
workday,ensign.wd1.myworkdayjobs.com|ensign|ChateauDesMonsCareerSite,common crawl
workday,ensign.wd1.myworkdayjobs.com|ensign|CloverdaleHealthcareCareerSite,common crawl
workday,ensign.wd1.myworkdayjobs.com|ensign|DanvilleCareerSite,common crawl
workday,ensign.wd1.myworkdayjobs.com|ensign|DiscoveryCareerSite,common crawl
workday,ensign.wd1.myworkdayjobs.com|ensign|DraperRehabCareerSite,common crawl
workday,ensign.wd1.myworkdayjobs.com|ensign|EnglewoodCareerSite,common crawl
workday,ensign.wd1.myworkdayjobs.com|ensign|FairfieldCareerSite,common crawl
workday,ensign.wd1.myworkdayjobs.com|ensign|FoothillsTransitionalCareCareerSite,common crawl
workday,ensign.wd1.myworkdayjobs.com|ensign|FountainHillsCareerSite,common crawl
workday,ensign.wd1.myworkdayjobs.com|ensign|GatewayTransitionalCareerSite,common crawl
workday,ensign.wd1.myworkdayjobs.com|ensign|GrandTerraceHealthCareerSite,common crawl
workday,ensign.wd1.myworkdayjobs.com|ensign|HillcrestHealthCareCareerSite,common crawl
workday,ensign.wd1.myworkdayjobs.com|ensign|HurricaneHealthandRehabCareerSite,common crawl
workday,ensign.wd1.myworkdayjobs.com|ensign|KeystoneRidgePostAcuteCareerSite,common crawl
workday,ensign.wd1.myworkdayjobs.com|ensign|LegendWestRehabCareerSite,common crawl
workday,ensign.wd1.myworkdayjobs.com|ensign|LosArcosdelNorteCareCenterCareerSite,common crawl
workday,ensign.wd1.myworkdayjobs.com|ensign|MallardCreekTherapyCareerSite,common crawl
workday,ensign.wd1.myworkdayjobs.com|ensign|MidlothianHealthcareCenterCareerSite,common crawl
workday,ensign.wd1.myworkdayjobs.com|ensign|MillenniumCareerSite,common crawl
workday,ensign.wd1.myworkdayjobs.com|ensign|MiraVistaCareerSite,common crawl
workday,ensign.wd1.myworkdayjobs.com|ensign|MonteVistaHillsCareerSite,common crawl
workday,ensign.wd1.myworkdayjobs.com|ensign|MountainViewCareCareerSite,common crawl
workday,ensign.wd1.myworkdayjobs.com|ensign|NortheastRehabCareerSite,common crawl
workday,ensign.wd1.myworkdayjobs.com|ensign|OakViewCareerSite,common crawl
workday,ensign.wd1.myworkdayjobs.com|ensign|OaksatTimberlineCareerSite,common crawl
workday,ensign.wd1.myworkdayjobs.com|ensign|OnionCreekNursingandRehabCenterCareerSite,common crawl
workday,ensign.wd1.myworkdayjobs.com|ensign|OpusCareerSite,common crawl
workday,ensign.wd1.myworkdayjobs.com|ensign|ParkManorBeeCaveCareerSite,common crawl
workday,ensign.wd1.myworkdayjobs.com|ensign|ParkViewPostAcuteCareerSite,common crawl
workday,ensign.wd1.myworkdayjobs.com|ensign|PleasantManorHealthcareandRehabCareerSite,common crawl
workday,ensign.wd1.myworkdayjobs.com|ensign|RainierCareerSite,common crawl
workday,ensign.wd1.myworkdayjobs.com|ensign|SanMarcosCareCareerSite,common crawl
workday,ensign.wd1.myworkdayjobs.com|ensign|SheaPARCCareerSite,common crawl
workday,ensign.wd1.myworkdayjobs.com|ensign|ShorelineHealthandRehabCareerSite,common crawl
workday,ensign.wd1.myworkdayjobs.com|ensign|SouthBayPostAcuteCareerSite,common crawl
workday,ensign.wd1.myworkdayjobs.com|ensign|StonehengeofOgden,common crawl
workday,ensign.wd1.myworkdayjobs.com|ensign|StonehengeofSouthJordanCareerSite,common crawl
workday,ensign.wd1.myworkdayjobs.com|ensign|SunwestCareerSite,common crawl
workday,ensign.wd1.myworkdayjobs.com|ensign|TempePostAcuteCareerSite,common crawl
workday,ensign.wd1.myworkdayjobs.com|ensign|TheEdenofLasColinasCareerSite,common crawl
workday,ensign.wd1.myworkdayjobs.com|ensign|TheHealthCenteratResearchParkCareerSite,common crawl
workday,ensign.wd1.myworkdayjobs.com|ensign|TheHealthcareResortofKansasCityCareerSite,common crawl
workday,ensign.wd1.myworkdayjobs.com|ensign|TheHealthcareResortofOlatheCareerSite,common crawl
workday,ensign.wd1.myworkdayjobs.com|ensign|TheHealthcareResortofPlanoCareerSite,common crawl
workday,ensign.wd1.myworkdayjobs.com|ensign|TheHillsPostActeCareerSite,common crawl
workday,ensign.wd1.myworkdayjobs.com|ensign|TheVillagesofDallasCareerSite,common crawl
workday,ensign.wd1.myworkdayjobs.com|ensign|TreasureHillsCareerSite,common crawl
workday,ensign.wd1.myworkdayjobs.com|ensign|UplandRehabandCareCareerSite,common crawl
workday,ensign.wd1.myworkdayjobs.com|ensign|VictoryEMSCareerSite,common crawl
workday,ensign.wd1.myworkdayjobs.com|ensign|WayneCountryViewCareCareerSite,common crawl
workday,ensign.wd1.myworkdayjobs.com|ensign|WestwoodNursingandRehabCareerSite,common crawl
workday,entegris.wd1.myworkdayjobs.com|entegris|EntegrisCareers,common crawl
workday,entegris.wd1.myworkdayjobs.com|entegris|entegriscareers,common crawl
workday,entrust.wd1.myworkdayjobs.com|entrust|EntrustCareers,common crawl
workday,entrust.wd1.myworkdayjobs.com|entrust|entrustcareers,common crawl
workday,envista.wd1.myworkdayjobs.com|envista|envistacareers,companies.csv
workday,eosgroup.wd3.myworkdayjobs.com|eosgroup|amcm,common crawl
workday,eosgroup.wd3.myworkdayjobs.com|eosgroup|eos,common crawl
workday,epicgames.wd5.myworkdayjobs.com|epicgames|Epic_Games,common crawl
workday,epicorsoftware.wd5.myworkdayjobs.com|epicorsoftware|epicorjobs,common crawl
workday,epiqsystems.wd5.myworkdayjobs.com|epiqsystems|Epiq_Careers,common crawl
workday,epiqsystems.wd503.myworkdayjobs.com|epiqsystems|Epiq_Careers,companies.csv
workday,equifax.wd5.myworkdayjobs.com|equifax|UR_External,companies.csv
workday,equinix.wd1.myworkdayjobs.com|equinix|External,common crawl
workday,equinix.wd1.myworkdayjobs.com|equinix|external,common crawl
workday,equinor.wd3.myworkdayjobs.com|equinor|EQNR,common crawl
workday,equitylifestyleproperties.wd5.myworkdayjobs.com|equitylifestyleproperties|ELS,common crawl
workday,ercot.wd1.myworkdayjobs.com|ercot|ercot_careers,companies.csv
workday,erickson.wd108.myworkdayjobs.com|erickson|external,companies.csv
workday,eriks.wd3.myworkdayjobs.com|eriks|Careers,common crawl
workday,erm.wd3.myworkdayjobs.com|erm|ERM_Careers,common crawl
workday,erm.wd3.myworkdayjobs.com|erm|ERM_EarlyCareers,common crawl
workday,erm.wd3.myworkdayjobs.com|erm|erm_experiencedprofessionals,common crawl
workday,esab.wd5.myworkdayjobs.com|esab|esabcareers,common crawl
workday,eset.wd3.myworkdayjobs.com|eset|ESET_External,common crawl
workday,essentiahealth.wd1.myworkdayjobs.com|essentiahealth|Essentia_Health,common crawl
workday,essentiahealth.wd1.myworkdayjobs.com|essentiahealth|Essentia_Health_Credentialed,common crawl
workday,essentiahealth.wd1.myworkdayjobs.com|essentiahealth|essentia_health,common crawl
workday,essity.wd3.myworkdayjobs.com|essity|HMS_Job_Opportunities,common crawl
workday,essity.wd3.myworkdayjobs.com|essity|Job_opportunities,common crawl
workday,essity.wd3.myworkdayjobs.com|essity|job_opportunities,common crawl
workday,etsy.wd5.myworkdayjobs.com|etsy|Depop_Careers,common crawl
workday,etsy.wd5.myworkdayjobs.com|etsy|Etsy_Careers,common crawl
workday,etsy.wd5.myworkdayjobs.com|etsy|etsy_careers,common crawl
workday,evercommerce.wd1.myworkdayjobs.com|evercommerce|EverCommerce_Careers,common crawl
workday,evercommerce.wd1.myworkdayjobs.com|evercommerce|evercommerce_careers,common crawl
workday,evergreenix.wd1.myworkdayjobs.com|evergreenix|external-careers2,companies.csv
workday,eversource.wd1.myworkdayjobs.com|eversource|ExternalSite,common crawl
workday,evolito.wd3.myworkdayjobs.com|evolito|Evolito_Career_Site,companies.csv
workday,evonik.wd3.myworkdayjobs.com|evonik|External_Careers,common crawl
workday,evotecgroup.wd3.myworkdayjobs.com|evotecgroup|Evotec_Career_Site,common crawl
workday,evotecgroup.wd3.myworkdayjobs.com|evotecgroup|Just_Bio_Career_Site,common crawl
workday,evrazna.wd5.myworkdayjobs.com|evrazna|EVRAZ,common crawl
workday,ewe.wd116.myworkdayjobs.com|ewe|EWE,common crawl
workday,exactsciences.wd1.myworkdayjobs.com|exactsciences|Exact_Sciences,common crawl
workday,exactsciences.wd1.myworkdayjobs.com|exactsciences|exact_sciences,common crawl
workday,excelfitness.wd5.myworkdayjobs.com|excelfitness|Excel_Fitness,common crawl
workday,exclusivenetworks.wd103.myworkdayjobs.com|exclusivenetworks|Exclusive-Networks-Career,companies.csv
workday,exos.wd5.myworkdayjobs.com|exos|EXOSCAREERS,common crawl
workday,expedia.wd108.myworkdayjobs.com|expedia|private,companies.csv
workday,expedia.wd108.myworkdayjobs.com|expedia|search,common crawl
workday,expedia.wd5.myworkdayjobs.com|expedia|search,common crawl
workday,extendicare.wd10.myworkdayjobs.com|extendicare|Extendicare2023,common crawl
workday,extendicare.wd10.myworkdayjobs.com|extendicare|Paramed2023,common crawl
workday,ezcorp.wd12.myworkdayjobs.com|ezcorp|ezcorp,common crawl
workday,factset.wd1.myworkdayjobs.com|factset|FactSetCareers,common crawl
workday,faef.wd12.myworkdayjobs.com|faef|FAEF_External_Careers,common crawl
workday,fairstone.wd3.myworkdayjobs.com|fairstone|FairstoneCareers,companies.csv
workday,fanniemae.wd1.myworkdayjobs.com|fanniemae|FannieMaeCareers,common crawl
workday,farmerfocus.wd5.myworkdayjobs.com|farmerfocus|FarmerFocus,common crawl
workday,fastretailing.wd3.myworkdayjobs.com|fastretailing|EU_Theory,common crawl
workday,fastretailing.wd3.myworkdayjobs.com|fastretailing|careers_cd_Uniqlo,common crawl
workday,fastretailing.wd3.myworkdayjobs.com|fastretailing|gmp2025,common crawl
workday,fastretailing.wd3.myworkdayjobs.com|fastretailing|graduates_au_Uniqlo,common crawl
workday,fastretailing.wd3.myworkdayjobs.com|fastretailing|graduates_us_Uniqlo,common crawl
workday,fastretailing.wd3.myworkdayjobs.com|fastretailing|headquarter_roles_india_Uniqlo,common crawl
workday,fastretailing.wd3.myworkdayjobs.com|fastretailing|headquarter_roles_vn_Uniqlo,common crawl
workday,fastretailing.wd3.myworkdayjobs.com|fastretailing|headquarters_cn_FastRetailing,common crawl
workday,fastretailing.wd3.myworkdayjobs.com|fastretailing|headquarters_eu_Uniqlo,common crawl
workday,fastretailing.wd3.myworkdayjobs.com|fastretailing|headquarters_hkm_Uniqlo,common crawl
workday,fastretailing.wd3.myworkdayjobs.com|fastretailing|headquarters_id_Uniqlo,common crawl
workday,fastretailing.wd3.myworkdayjobs.com|fastretailing|headquarters_my_Uniqlo,common crawl
workday,fastretailing.wd3.myworkdayjobs.com|fastretailing|headquarters_useu_JBrand,common crawl
workday,fastretailing.wd3.myworkdayjobs.com|fastretailing|retail_us_Theory,common crawl
workday,fastretailing.wd3.myworkdayjobs.com|fastretailing|retail_us_Uniqlo,common crawl
workday,fastretailing.wd3.myworkdayjobs.com|fastretailing|store_staff_eu_Uniqlo,common crawl
workday,fastretailing.wd3.myworkdayjobs.com|fastretailing|store_staff_hk_Theory,common crawl
workday,fau.wd1.myworkdayjobs.com|fau|FAU,common crawl
workday,fau.wd1.myworkdayjobs.com|fau|non-recruited,common crawl
workday,fca.wd3.myworkdayjobs.com|fca|FCA_Careers,common crawl
workday,fca.wd3.myworkdayjobs.com|fca|FCA_earlycareers,common crawl
workday,fccfac.wd3.myworkdayjobs.com|fccfac|careers-carrieres,common crawl
workday,fcm.wd10.myworkdayjobs.com|fcm|fcm,common crawl
workday,fcm.wd10.myworkdayjobs.com|fcm|gmf,common crawl
workday,fedex.wd1.myworkdayjobs.com|fedex|FTN_EMEIA_External,common crawl
workday,fedex.wd1.myworkdayjobs.com|fedex|FXE-Canada_External_Career_Site,common crawl
workday,fedex.wd1.myworkdayjobs.com|fedex|FXE-EU_External,common crawl
workday,fedex.wd1.myworkdayjobs.com|fedex|FXE-LAC_External_Career_Site,common crawl
workday,fedex.wd1.myworkdayjobs.com|fedex|FXE-MEISA-External,common crawl
workday,fedex.wd1.myworkdayjobs.com|fedex|FXE_APAC_External,common crawl
workday,ferguson.wd1.myworkdayjobs.com|ferguson|Ferguson_Experienced,common crawl
workday,ferguson.wd1.myworkdayjobs.com|ferguson|MILRP,common crawl
workday,ferguson.wd1.myworkdayjobs.com|ferguson|Safe_Step_Walk_In_Tub,common crawl
workday,ferguson.wd1.myworkdayjobs.com|ferguson|ferguson_experienced,common crawl
workday,fermilab.wd5.myworkdayjobs.com|fermilab|FermilabCareers,common crawl
workday,ferrovial.wd3.myworkdayjobs.com|ferrovial|ferrovial_career_site,companies.csv
workday,ffd.wd1.myworkdayjobs.com|ffd|EmploymentOpportunities,common crawl
workday,ffin.wd1.myworkdayjobs.com|ffin|First_Financial_Bank,companies.csv
workday,ffive.wd5.myworkdayjobs.com|ffive|f5jobs,common crawl
workday,fgcu.wd5.myworkdayjobs.com|fgcu|eaglejobs,common crawl
workday,fgcu.wd5.myworkdayjobs.com|fgcu|eaglejobs-temporary,common crawl
workday,fhcsd.wd1.myworkdayjobs.com|fhcsd|DOC,common crawl
workday,fhcsd.wd1.myworkdayjobs.com|fhcsd|VOL,common crawl
workday,fhi.wd1.myworkdayjobs.com|fhi|FHI_360_External_Career_Portal,common crawl
workday,fhi.wd1.myworkdayjobs.com|fhi|es,common crawl
workday,fhi.wd1.myworkdayjobs.com|fhi|fhi_360_external_career_portal,common crawl
workday,fhlbc.wd1.myworkdayjobs.com|fhlbc|search,companies.csv
workday,fhlbtopeka.wd1.myworkdayjobs.com|fhlbtopeka|FHLBT,common crawl
workday,fico.wd1.myworkdayjobs.com|fico|External,common crawl
workday,fico.wd1.myworkdayjobs.com|fico|external,common crawl
workday,fifththird.wd5.myworkdayjobs.com|fifththird|53careers,common crawl
workday,fifththird.wd5.myworkdayjobs.com|fifththird|Dividendcareers,common crawl
workday,fifththird.wd5.myworkdayjobs.com|fifththird|providecareers,common crawl
workday,financialombudsman.wd3.myworkdayjobs.com|financialombudsman|FinancialOmbudsmanService,companies.csv
workday,finastra.wd3.myworkdayjobs.com|finastra|FINC,common crawl
workday,finastra.wd3.myworkdayjobs.com|finastra|Teciem,common crawl
workday,finning.wd3.myworkdayjobs.com|finning|External,common crawl
workday,finning.wd3.myworkdayjobs.com|finning|es,common crawl
workday,finra.wd1.myworkdayjobs.com|finra|FINRA,common crawl
workday,firstam.wd1.myworkdayjobs.com|firstam|firstamericancareers,companies.csv
workday,firstnational.wd12.myworkdayjobs.com|firstnational|fnbocareers,companies.csv
workday,firstquality.wd5.myworkdayjobs.com|firstquality|DRYDENFIBRECANADA,common crawl
workday,firstquality.wd5.myworkdayjobs.com|firstquality|FEMPRO,common crawl
workday,firstquality.wd5.myworkdayjobs.com|firstquality|FIRSTQUALITY,common crawl
workday,firstquality.wd5.myworkdayjobs.com|firstquality|firstquality,common crawl
workday,firstquantum.wd3.myworkdayjobs.com|firstquantum|First_Quantum_Careers,common crawl
workday,firstquantum.wd3.myworkdayjobs.com|firstquantum|first_quantum_careers,common crawl
workday,firstrand.wd3.myworkdayjobs.com|firstrand|FRB,common crawl
workday,firstrand.wd3.myworkdayjobs.com|firstrand|UnbrandedExtCareers,common crawl
workday,firststudent.wd1.myworkdayjobs.com|firststudent|firststudent,common crawl
workday,fis.wd5.myworkdayjobs.com|fis|searchjobs,companies.csv
workday,fiserv.wd5.myworkdayjobs.com|fiserv|EXT,common crawl
workday,fiserv.wd5.myworkdayjobs.com|fiserv|ext,common crawl
workday,fivebelow.wd1.myworkdayjobs.com|fivebelow|fivebelowcareers,common crawl
workday,fkusa.wd1.myworkdayjobs.com|fkusa|FK_Careers,common crawl
workday,flagstar.wd5.myworkdayjobs.com|flagstar|flagstar,common crawl
workday,flexerasoftware.wd1.myworkdayjobs.com|flexerasoftware|FlexeraSoftware,common crawl
workday,flexerasoftware.wd1.myworkdayjobs.com|flexerasoftware|prosperops,common crawl
workday,flexerasoftware.wd1.myworkdayjobs.com|flexerasoftware|revenera,common crawl
workday,flextronics.wd1.myworkdayjobs.com|flextronics|Anord_Mardix_Careers,common crawl
workday,flextronics.wd1.myworkdayjobs.com|flextronics|Careers,common crawl
workday,flextronics.wd1.myworkdayjobs.com|flextronics|Nextracker_Careers,common crawl
workday,flextronics.wd1.myworkdayjobs.com|flextronics|Sheldahl_Careers,common crawl
workday,flextronics.wd1.myworkdayjobs.com|flextronics|careers,common crawl
workday,flinders.wd3.myworkdayjobs.com|flinders|flinders_employment,common crawl
workday,flir.wd1.myworkdayjobs.com|flir|es,common crawl
workday,flir.wd1.myworkdayjobs.com|flir|flircareers,common crawl
workday,flir.wd1.myworkdayjobs.com|flir|flirconfidential,common crawl
workday,floridatech.wd5.myworkdayjobs.com|floridatech|FloridaTechCareers,common crawl
workday,flowserve.wd1.myworkdayjobs.com|flowserve|applied,companies.csv
workday,flpoly.wd1.myworkdayjobs.com|flpoly|External-Faculty,common crawl
workday,flpoly.wd1.myworkdayjobs.com|flpoly|External-Staff,common crawl
workday,flpoly.wd1.myworkdayjobs.com|flpoly|External-Student,common crawl
workday,flsmidth.wd3.myworkdayjobs.com|flsmidth|FLS_Global,common crawl
workday,flsmidth.wd3.myworkdayjobs.com|flsmidth|es,common crawl
workday,fluenceenergy.wd12.myworkdayjobs.com|fluenceenergy|fluenceenergy-jobs,common crawl
workday,fmc.wd12.myworkdayjobs.com|fmc|FMC,companies.csv
workday,fmr.wd1.myworkdayjobs.com|fmr|fidelitycareers,common crawl
workday,fmr.wd1.myworkdayjobs.com|fmr|targeted,companies.csv
workday,fnbcorp.wd501.myworkdayjobs.com|fnbcorp|FNBCORP,companies.csv
workday,fondsftq.wd10.myworkdayjobs.com|fondsftq|sitecarriere_externe,common crawl
workday,foresters.wd3.myworkdayjobs.com|foresters|ForestersFinancialCareers,companies.csv
workday,forestlawn.wd1.myworkdayjobs.com|forestlawn|Forest_Lawn,common crawl
workday,fortlewiscollege.wd1.myworkdayjobs.com|fortlewiscollege|FLC,common crawl
workday,fortrea.wd1.myworkdayjobs.com|fortrea|Fortrea,common crawl
workday,foundationccc.wd1.myworkdayjobs.com|foundationccc|fccc-careers,common crawl
workday,fourseasons.wd3.myworkdayjobs.com|fourseasons|search,common crawl
workday,fox.wd1.myworkdayjobs.com|fox|Domestic,common crawl
workday,fox.wd1.myworkdayjobs.com|fox|FOXTVST_Central,common crawl
workday,fox.wd1.myworkdayjobs.com|fox|FOXTVST_EAST,common crawl
workday,fox.wd1.myworkdayjobs.com|fox|FOXTVST_WEST,common crawl
workday,fox.wd1.myworkdayjobs.com|fox|domestic,common crawl
workday,fph.wd3.myworkdayjobs.com|fph|FGEN_Career,common crawl
workday,fph.wd3.myworkdayjobs.com|fph|PiEnergyCareers,common crawl
workday,fractal.wd1.myworkdayjobs.com|fractal|Careers,common crawl
workday,francescas.wd1.myworkdayjobs.com|francescas|Distribution_Center_Opportunities,common crawl
workday,francescas.wd1.myworkdayjobs.com|francescas|Field_Leadership,common crawl
workday,francescas.wd1.myworkdayjobs.com|francescas|Field_Opportunities,common crawl
workday,francescas.wd1.myworkdayjobs.com|francescas|Home_Office_Opportunities,common crawl
workday,franklintempleton.wd5.myworkdayjobs.com|franklintempleton|Jobs-WAM,common crawl
workday,franklintempleton.wd5.myworkdayjobs.com|franklintempleton|Primary-External-1,common crawl
workday,franklintempleton.wd5.myworkdayjobs.com|franklintempleton|invitation-only,companies.csv
workday,franklintempleton.wd5.myworkdayjobs.com|franklintempleton|primary-external-1,common crawl
workday,freddiemac.wd5.myworkdayjobs.com|freddiemac|External,companies.csv
workday,freese.wd1.myworkdayjobs.com|freese|Freese_Nichols_External,companies.csv
workday,freseniusglobal.wd3.myworkdayjobs.com|freseniusglobal|FK_Careers,common crawl
workday,freseniusglobal.wd3.myworkdayjobs.com|freseniusglobal|LinkedIn,common crawl
workday,freseniusmedicalcare.wd3.myworkdayjobs.com|freseniusmedicalcare|fme,common crawl
workday,freshfields.wd3.myworkdayjobs.com|freshfields|FBD_101,common crawl
workday,freudenberg.wd3.myworkdayjobs.com|freudenberg|freudenberg-group,common crawl
workday,fronius.wd3.myworkdayjobs.com|fronius|Job_Board,common crawl
workday,fronius.wd3.myworkdayjobs.com|fronius|job_board,common crawl
workday,frontiereconomics.wd3.myworkdayjobs.com|frontiereconomics|Frontier_Economics_Careers,companies.csv
workday,frostbank.wd5.myworkdayjobs.com|frostbank|External,common crawl
workday,fticonsulting.wd108.myworkdayjobs.com|fticonsulting|CompassLexeconCareers,common crawl
workday,fticonsulting.wd108.myworkdayjobs.com|fticonsulting|FTIConsultingCareers,common crawl
workday,fticonsulting.wd108.myworkdayjobs.com|fticonsulting|fticonsultingcareers,common crawl
workday,fugro.wd3.myworkdayjobs.com|fugro|Careers,common crawl
workday,fugro.wd3.myworkdayjobs.com|fugro|careers,common crawl
workday,fujifilm.wd3.myworkdayjobs.com|fujifilm|FLB_CS,common crawl
workday,fullsteam.wd1.myworkdayjobs.com|fullsteam|external,companies.csv
workday,furman.wd115.myworkdayjobs.com|furman|Furman_Careers,common crawl
workday,fvtc.wd1.myworkdayjobs.com|fvtc|FVTC,common crawl
workday,gables.wd5.myworkdayjobs.com|gables|Gables_Careers,companies.csv
workday,gadventures.wd3.myworkdayjobs.com|gadventures|GAdventures,common crawl
workday,gafsgi.wd5.myworkdayjobs.com|gafsgi|BMI,common crawl
workday,gafsgi.wd5.myworkdayjobs.com|gafsgi|BMIDE,common crawl
workday,gafsgi.wd5.myworkdayjobs.com|gafsgi|GAF_Careers,common crawl
workday,gafsgi.wd5.myworkdayjobs.com|gafsgi|SGI_Careers,common crawl
workday,gafsgi.wd5.myworkdayjobs.com|gafsgi|Standardlogistics_Careers,common crawl
workday,gafsgi.wd5.myworkdayjobs.com|gafsgi|bmi,common crawl
workday,gaig.wd1.myworkdayjobs.com|gaig|GAIG_External,common crawl
workday,gaig.wd1.myworkdayjobs.com|gaig|Great_American_Custom_External,common crawl
workday,gaig.wd1.myworkdayjobs.com|gaig|National_Interstate_External,common crawl
workday,gaig.wd1.myworkdayjobs.com|gaig|Summit_External,common crawl
workday,gaig.wd1.myworkdayjobs.com|gaig|gaig_external,common crawl
workday,gaig.wd1.myworkdayjobs.com|gaig|summit_external,common crawl
workday,gainsight.wd5.myworkdayjobs.com|gainsight|Gainsight_External_Careers,common crawl
workday,gainsight.wd5.myworkdayjobs.com|gainsight|gainsight_external_careers,common crawl
workday,galileo.wd3.myworkdayjobs.com|galileo|emlyon_career_site,common crawl
workday,galileo.wd3.myworkdayjobs.com|galileo|emlyonfac_career_site,common crawl
workday,galileo.wd3.myworkdayjobs.com|galileo|galileo_career_site,common crawl
workday,galileo.wd3.myworkdayjobs.com|galileo|global_education_germany_career_site,common crawl
workday,galileo.wd3.myworkdayjobs.com|galileo|macromedia_akademie_career_site,common crawl
workday,galileo.wd3.myworkdayjobs.com|galileo|macromedia_university_career_site,common crawl
workday,galileo.wd3.myworkdayjobs.com|galileo|regents_university_london_careersite,common crawl
workday,gapinc.wd1.myworkdayjobs.com|gapinc|GAPINC,common crawl
workday,gartner.wd5.myworkdayjobs.com|gartner|EXT,common crawl
workday,gartner.wd5.myworkdayjobs.com|gartner|ext,common crawl
workday,gatesfoundation.wd1.myworkdayjobs.com|gatesfoundation|Gates,common crawl
workday,gatesfoundation.wd1.myworkdayjobs.com|gatesfoundation|GatesMRI,common crawl
workday,gbmc.wd1.myworkdayjobs.com|gbmc|gbmc,common crawl
workday,gcaa.wd3.myworkdayjobs.com|gcaa|GCAA_Careers,common crawl
workday,gcaa.wd3.myworkdayjobs.com|gcaa|HVO_Careers,common crawl
workday,gcatx.wd5.myworkdayjobs.com|gcatx|Careers,common crawl
workday,gcccd.wd1.myworkdayjobs.com|gcccd|gcccdcareers,common crawl
workday,gcu.wd1.myworkdayjobs.com|gcu|GCE,common crawl
workday,gcu.wd1.myworkdayjobs.com|gcu|GCEC,common crawl
workday,gcu.wd1.myworkdayjobs.com|gcu|GCU,common crawl
workday,gcu.wd1.myworkdayjobs.com|gcu|GCUC,common crawl
workday,gcu.wd1.myworkdayjobs.com|gcu|Orbis,common crawl
workday,gcu.wd1.myworkdayjobs.com|gcu|gce,common crawl
workday,gcu.wd1.myworkdayjobs.com|gcu|gcu,common crawl
workday,gdit.wd5.myworkdayjobs.com|gdit|External_Career_Site,common crawl
workday,gdit.wd5.myworkdayjobs.com|gdit|SkillBridge,common crawl
workday,gdit.wd5.myworkdayjobs.com|gdit|external_career_site,common crawl
workday,gdit.wd5.myworkdayjobs.com|gdit|gdit_earlytalent,common crawl
workday,gdit.wd5.myworkdayjobs.com|gdit|gdit_empl_ref,common crawl
workday,gdit.wd5.myworkdayjobs.com|gdit|incumbent_career_site,common crawl
workday,gea.wd3.myworkdayjobs.com|gea|GEACareers,common crawl
workday,gea.wd3.myworkdayjobs.com|gea|geacareers,common crawl
workday,geaerospace.wd5.myworkdayjobs.com|geaerospace|GE_ExternalSite,common crawl
workday,geaerospace.wd5.myworkdayjobs.com|geaerospace|ge_externalsite,common crawl
workday,geha.wd5.myworkdayjobs.com|geha|GEHACareers,companies.csv
workday,gehc.wd5.myworkdayjobs.com|gehc|GEHC_ExternalSite,common crawl
workday,gehc.wd5.myworkdayjobs.com|gehc|es,common crawl
workday,gehc.wd5.myworkdayjobs.com|gehc|gehc_externalsite,common crawl
workday,geico.wd1.myworkdayjobs.com|geico|External,common crawl
workday,geico.wd1.myworkdayjobs.com|geico|external,common crawl
workday,geisinger.wd5.myworkdayjobs.com|geisinger|GeisingerExternal,common crawl
workday,geisinger.wd5.myworkdayjobs.com|geisinger|geisingerexternal,common crawl
workday,gen.wd1.myworkdayjobs.com|gen|careers,common crawl
workday,generac.wd5.myworkdayjobs.com|generac|External,common crawl
workday,generac.wd5.myworkdayjobs.com|generac|ExternalCareers,common crawl
workday,generac.wd5.myworkdayjobs.com|generac|external,common crawl
workday,generaliespana.wd3.myworkdayjobs.com|generaliespana|Generali_Portal_Externo,common crawl
workday,generaliespana.wd3.myworkdayjobs.com|generaliespana|es,common crawl
workday,generalmotors.wd5.myworkdayjobs.com|generalmotors|Careers_GM,common crawl
workday,generalmotors.wd5.myworkdayjobs.com|generalmotors|Careers_GM_Private,common crawl
workday,generalmotors.wd5.myworkdayjobs.com|generalmotors|careers_gm,common crawl
workday,genesys.wd1.myworkdayjobs.com|genesys|Genesys,common crawl
workday,genesys.wd1.myworkdayjobs.com|genesys|genesys,common crawl
workday,genmab.wd3.myworkdayjobs.com|genmab|Genmab_Careers_Site,companies.csv
workday,genmills.wd1.myworkdayjobs.com|genmills|GMI_External_Careers,common crawl
workday,genmills.wd1.myworkdayjobs.com|genmills|es,common crawl
workday,genpact.wd108.myworkdayjobs.com|genpact|External_Careers,common crawl
workday,genpact.wd108.myworkdayjobs.com|genpact|campussite,common crawl
workday,genpt.wd1.myworkdayjobs.com|genpt|Careers,common crawl
workday,genpt.wd1.myworkdayjobs.com|genpt|careers,common crawl
workday,gensler.wd1.myworkdayjobs.com|gensler|genslercareers,common crawl
workday,gentex.wd5.myworkdayjobs.com|gentex|Gentex,companies.csv
workday,gentoogroup.wd3.myworkdayjobs.com|gentoogroup|Gentoo_External,common crawl
workday,georgetown.wd1.myworkdayjobs.com|georgetown|Georgetown_Admin_Careers,common crawl
workday,georgetown.wd1.myworkdayjobs.com|georgetown|georgetown_admin_careers,common crawl
workday,georgia.wd5.myworkdayjobs.com|georgia|TGC,common crawl
workday,gevernova.wd5.myworkdayjobs.com|gevernova|Only_Confidential_Executive_Recruiting,common crawl
workday,gevernova.wd5.myworkdayjobs.com|gevernova|Vernova_ExternalSite,common crawl
workday,gevernova.wd5.myworkdayjobs.com|gevernova|only_confidential_executive_recruiting,common crawl
workday,gevernova.wd5.myworkdayjobs.com|gevernova|vernova_externalsite,common crawl
workday,gfs.wd5.myworkdayjobs.com|gfs|usjobs-french,common crawl
workday,gfs.wd5.myworkdayjobs.com|gfs|usjobs-gen-gfs,common crawl
workday,ghc.wd1.myworkdayjobs.com|ghc|AHN_Careers,common crawl
workday,ghc.wd1.myworkdayjobs.com|ghc|CSI_Careers,common crawl
workday,ghc.wd1.myworkdayjobs.com|ghc|DBS_Career,common crawl
workday,ghc.wd1.myworkdayjobs.com|ghc|Framebridge_Careers,common crawl
workday,ghc.wd1.myworkdayjobs.com|ghc|GHG_Careers,common crawl
workday,ghc.wd1.myworkdayjobs.com|ghc|GRAD_SBA_Careers,common crawl
workday,ghc.wd1.myworkdayjobs.com|ghc|Joyce_Dayton_Careers,common crawl
workday,ghc.wd1.myworkdayjobs.com|ghc|KTP_Careers,common crawl
workday,ghc.wd1.myworkdayjobs.com|ghc|Kaplan_Careers,common crawl
workday,ghc.wd1.myworkdayjobs.com|ghc|Kaplan_International_Careers,common crawl
workday,ghc.wd1.myworkdayjobs.com|ghc|Kaplan_Teach,common crawl
workday,ghc.wd1.myworkdayjobs.com|ghc|MaryFreeBed_Careers,common crawl
workday,ghc.wd1.myworkdayjobs.com|ghc|Residential_Careers,common crawl
workday,ghc.wd1.myworkdayjobs.com|ghc|SBH_Careers,common crawl
workday,ghc.wd1.myworkdayjobs.com|ghc|framebridge_careers,common crawl
workday,ghc.wd1.myworkdayjobs.com|ghc|kaplan_careers,common crawl
workday,ghr.wd1.myworkdayjobs.com|ghr|Lateral-US,common crawl
workday,ghr.wd1.myworkdayjobs.com|ghr|lateral-apac,common crawl
workday,ghr.wd1.myworkdayjobs.com|ghr|lateral-ba_continuum,common crawl
workday,ghr.wd1.myworkdayjobs.com|ghr|lateral-emea,common crawl
workday,ghr.wd1.myworkdayjobs.com|ghr|lateral-latam,common crawl
workday,ghr.wd1.myworkdayjobs.com|ghr|lateral-us,common crawl
workday,ghr.wd1.myworkdayjobs.com|ghr|us-emplsv,common crawl
workday,gi.wd1.myworkdayjobs.com|gi|Global_Infrastructure,common crawl
workday,gi.wd1.myworkdayjobs.com|gi|global_infrastructure,common crawl
workday,gici.wd5.myworkdayjobs.com|gici|Careers,common crawl
workday,gici.wd5.myworkdayjobs.com|gici|IllinoisCareers,common crawl
workday,gici.wd5.myworkdayjobs.com|gici|PRCareers,common crawl
workday,gici.wd5.myworkdayjobs.com|gici|es,common crawl
workday,gilead.wd1.myworkdayjobs.com|gilead|gileadcareers,common crawl
workday,gilead.wd1.myworkdayjobs.com|gilead|kitepharmacareers,common crawl
workday,gladstone.wd5.myworkdayjobs.com|gladstone|careers,common crawl
workday,glencorecorp.wd3.myworkdayjobs.com|glencorecorp|External,companies.csv
workday,global.wd1.myworkdayjobs.com|global|globalpartnerscareers,common crawl
workday,globalfoundries.wd1.myworkdayjobs.com|globalfoundries|External,common crawl
workday,globalhr.wd5.myworkdayjobs.com|globalhr|Private_Posting_No_TMP,common crawl
workday,globalhr.wd5.myworkdayjobs.com|globalhr|REC_RTX_Ext_Gateway,common crawl
workday,globalhr.wd5.myworkdayjobs.com|globalhr|rec_rtx_ext_gateway,common crawl
workday,globe.wd3.myworkdayjobs.com|globe|GLB_Careers,common crawl
workday,globe.wd3.myworkdayjobs.com|globe|Mynt,common crawl
workday,globelife.wd5.myworkdayjobs.com|globelife|Globe-Life-Careers,common crawl
workday,globusmedical.wd5.myworkdayjobs.com|globusmedical|GMED_Careers,common crawl
workday,globusmedical.wd5.myworkdayjobs.com|globusmedical|NML_Careers,common crawl
workday,globusmedical.wd5.myworkdayjobs.com|globusmedical|gmed_careers,common crawl
workday,gn.wd3.myworkdayjobs.com|gn|GN-Careers,common crawl
workday,gn.wd3.myworkdayjobs.com|gn|JabraCareers,common crawl
workday,gn.wd3.myworkdayjobs.com|gn|SteelSeriesCareers,common crawl
workday,gn.wd3.myworkdayjobs.com|gn|beltonecareers,common crawl
workday,gnw.wd1.myworkdayjobs.com|gnw|CareScout,common crawl
workday,gnw.wd1.myworkdayjobs.com|gnw|Enact_MI,common crawl
workday,gnw.wd1.myworkdayjobs.com|gnw|GNW,common crawl
workday,gnw.wd1.myworkdayjobs.com|gnw|enact_mi,companies.csv
workday,gnw.wd1.myworkdayjobs.com|gnw|gnw,common crawl
workday,gobeacon.wd1.myworkdayjobs.com|gobeacon|beaconmobilitycareers,common crawl
workday,godirect.wd5.myworkdayjobs.com|godirect|voya_jobs,common crawl
workday,golimitless.wd1.myworkdayjobs.com|golimitless|Staff_External_career_site,common crawl
workday,goodlifefitness.wd3.myworkdayjobs.com|goodlifefitness|Careers,common crawl
workday,goodrx.wd1.myworkdayjobs.com|goodrx|Careers,common crawl
workday,goodrx.wd1.myworkdayjobs.com|goodrx|careers,common crawl
workday,goodwillaz.wd1.myworkdayjobs.com|goodwillaz|GoodwillAZ,common crawl
workday,goodwillaz.wd1.myworkdayjobs.com|goodwillaz|GoodwillSFB,common crawl
workday,goodwillaz.wd1.myworkdayjobs.com|goodwillaz|ThriveServicesGroup,common crawl
workday,goodwillmiddletn.wd5.myworkdayjobs.com|goodwillmiddletn|goodwill,common crawl
workday,goosehead.wd503.myworkdayjobs.com|goosehead|Careers,companies.csv
workday,gorbel.wd501.myworkdayjobs.com|gorbel|gorbelcareers,companies.csv
workday,goto.wd5.myworkdayjobs.com|goto|GoToCareers,common crawl
workday,goto.wd5.myworkdayjobs.com|goto|gotocareers,common crawl
workday,goucher.wd1.myworkdayjobs.com|goucher|Goucher_Careers,common crawl
workday,graco.wd501.myworkdayjobs.com|graco|Graco_Careers,companies.csv
workday,grammy.wd5.myworkdayjobs.com|grammy|The_Recording_Academy_Career_Site,common crawl
workday,granite.wd1.myworkdayjobs.com|granite|careers,companies.csv
workday,graybar.wd1.myworkdayjobs.com|graybar|Careers,common crawl
workday,graybar.wd1.myworkdayjobs.com|graybar|Metro_Careers,common crawl
workday,greatamerica.wd12.myworkdayjobs.com|greatamerica|greatamericacareers,companies.csv
workday,greendotcorp.wd1.myworkdayjobs.com|greendotcorp|gdc,common crawl
workday,greenheckgroup.wd5.myworkdayjobs.com|greenheckgroup|External,common crawl
workday,greenheckgroup.wd5.myworkdayjobs.com|greenheckgroup|external,common crawl
workday,greif.wd5.myworkdayjobs.com|greif|Greif,common crawl
workday,gresearch.wd103.myworkdayjobs.com|gresearch|G-Research,companies.csv
workday,greystar.wd1.myworkdayjobs.com|greystar|External,common crawl
workday,greystar.wd1.myworkdayjobs.com|greystar|International_Career_Site,common crawl
workday,greystar.wd1.myworkdayjobs.com|greystar|external,common crawl
workday,greystar.wd1.myworkdayjobs.com|greystar|international_career_site,common crawl
workday,group1001wd.wd5.myworkdayjobs.com|group1001wd|careers,companies.csv
workday,grpr.wd3.myworkdayjobs.com|grpr|palace_jobs,common crawl
workday,grpr.wd3.myworkdayjobs.com|grpr|parques_reunidos,common crawl
workday,gsk.wd5.myworkdayjobs.com|gsk|GSKCareers,common crawl
workday,gsk.wd5.myworkdayjobs.com|gsk|ViiV_Careers,common crawl
workday,gsk.wd5.myworkdayjobs.com|gsk|gskcareers,common crawl
workday,gsknch.wd3.myworkdayjobs.com|gsknch|GSKCareers,common crawl
workday,gsknch.wd3.myworkdayjobs.com|gsknch|gskcareers,common crawl
workday,gsma.wd3.myworkdayjobs.com|gsma|External_Careers,common crawl
workday,gtlaw.wd1.myworkdayjobs.com|gtlaw|GTLAW,common crawl
workday,gtlaw.wd1.myworkdayjobs.com|gtlaw|gtlaw,common crawl
workday,gtt.wd3.myworkdayjobs.com|gtt|external,common crawl
workday,guardianlife.wd5.myworkdayjobs.com|guardianlife|guardian-life-careers,companies.csv
workday,guestservices.wd5.myworkdayjobs.com|guestservices|GSI,common crawl
workday,guidehouse.wd1.myworkdayjobs.com|guidehouse|External,common crawl
workday,guidehouse.wd1.myworkdayjobs.com|guidehouse|external,common crawl
workday,guidestone.wd1.myworkdayjobs.com|guidestone|guidestone,companies.csv
workday,guidewire.wd5.myworkdayjobs.com|guidewire|external,companies.csv
workday,gulfportenergy.wd5.myworkdayjobs.com|gulfportenergy|GPOR_Career_Site,common crawl
workday,gunvor.wd3.myworkdayjobs.com|gunvor|Gunvor_Careers,companies.csv
workday,gvsu.wd1.myworkdayjobs.com|gvsu|careers,common crawl
workday,habitat.wd12.myworkdayjobs.com|habitat|Consultants,common crawl
workday,haemonetics.wd5.myworkdayjobs.com|haemonetics|HAE,common crawl
workday,haemonetics.wd5.myworkdayjobs.com|haemonetics|Hae,common crawl
workday,haemonetics.wd5.myworkdayjobs.com|haemonetics|hae,common crawl
workday,hagerty.wd5.myworkdayjobs.com|hagerty|hagerty,common crawl
workday,haier.wd3.myworkdayjobs.com|haier|FPA_External_Career_Site,common crawl
workday,haier.wd3.myworkdayjobs.com|haier|GE_Appliances,common crawl
workday,haier.wd3.myworkdayjobs.com|haier|HaierEurope_Professional_Careers,common crawl
workday,haier.wd3.myworkdayjobs.com|haier|Haier_Europe_UKI_Careers,common crawl
workday,haier.wd3.myworkdayjobs.com|haier|ge_appliances,common crawl
workday,halma.wd3.myworkdayjobs.com|halma|Halma,common crawl
workday,halma.wd3.myworkdayjobs.com|halma|halma,common crawl
workday,hanoverresearch.wd5.myworkdayjobs.com|hanoverresearch|HanoverResearch,common crawl
workday,hanoverresearch.wd5.myworkdayjobs.com|hanoverresearch|hanoverresearch,common crawl
workday,hansoninc.wd5.myworkdayjobs.com|hansoninc|HPS,common crawl
workday,harbourvest.wd5.myworkdayjobs.com|harbourvest|HVP,common crawl
workday,hargroveepc.wd12.myworkdayjobs.com|hargroveepc|Hargrove_Careers,common crawl
workday,harman.wd3.myworkdayjobs.com|harman|HARMAN,companies.csv
workday,harriscomputer.wd3.myworkdayjobs.com|harriscomputer|1,common crawl
workday,harriscomputer.wd3.myworkdayjobs.com|harriscomputer|Acceo,common crawl
workday,harriscomputer.wd3.myworkdayjobs.com|harriscomputer|Affinity,common crawl
workday,harriscomputer.wd3.myworkdayjobs.com|harriscomputer|Altera,common crawl
workday,harriscomputer.wd3.myworkdayjobs.com|harriscomputer|Cayenta,common crawl
workday,harriscomputer.wd3.myworkdayjobs.com|harriscomputer|GBS,common crawl
workday,harriscomputer.wd3.myworkdayjobs.com|harriscomputer|HHC_CONN,common crawl
workday,harriscomputer.wd3.myworkdayjobs.com|harriscomputer|HTN,common crawl
workday,harriscomputer.wd3.myworkdayjobs.com|harriscomputer|PG,common crawl
workday,harriscomputer.wd3.myworkdayjobs.com|harriscomputer|SIV,common crawl
workday,harriscomputer.wd3.myworkdayjobs.com|harriscomputer|altera,common crawl
workday,harrods.wd3.myworkdayjobs.com|harrods|Harrods_External1,common crawl
workday,harrods.wd3.myworkdayjobs.com|harrods|harrods_external1,common crawl
workday,hcfl.wd1.myworkdayjobs.com|hcfl|hcjobs,common crawl
workday,hcmportal.wd5.myworkdayjobs.com|hcmportal|Search,common crawl
workday,hcmportal.wd5.myworkdayjobs.com|hcmportal|es,common crawl
workday,hcmportal.wd5.myworkdayjobs.com|hcmportal|search,common crawl
workday,hcpss.wd1.myworkdayjobs.com|hcpss|hcpss,common crawl
workday,hcsc.wd1.myworkdayjobs.com|hcsc|HCSC_External,common crawl
workday,hcsc.wd1.myworkdayjobs.com|hcsc|HCSC_LuminareHealth,common crawl
workday,hcsc.wd1.myworkdayjobs.com|hcsc|hcsc_external,common crawl
workday,hcsc.wd1.myworkdayjobs.com|hcsc|hcsc_luminarehealth,common crawl
workday,hdsupply.wd1.myworkdayjobs.com|hdsupply|External,companies.csv
workday,hdsupply.wd1.myworkdayjobs.com|hdsupply|external,common crawl
workday,healthcare.wd1.myworkdayjobs.com|healthcare|Search,common crawl
workday,healthcare.wd1.myworkdayjobs.com|healthcare|es,common crawl
workday,healthcare.wd1.myworkdayjobs.com|healthcare|search,common crawl
workday,healthcatalyst.wd5.myworkdayjobs.com|healthcatalyst|healthcatalystcareers,common crawl
workday,healthfirst.wd1.myworkdayjobs.com|healthfirst|healthfirst,companies.csv
workday,healthplanone.wd1.myworkdayjobs.com|healthplanone|HPONE,common crawl
workday,healthplanone.wd1.myworkdayjobs.com|healthplanone|hpone,common crawl
workday,healthresearch.wd1.myworkdayjobs.com|healthresearch|HRI_Careers,common crawl
workday,heidelbergmaterials.wd3.myworkdayjobs.com|heidelbergmaterials|Global_HM_Career_Site,common crawl
workday,heidelbergmaterials.wd3.myworkdayjobs.com|heidelbergmaterials|Heidelberg_Materials_UK_career_site,common crawl
workday,heidelbergmaterials.wd3.myworkdayjobs.com|heidelbergmaterials|Hymix_Australia_Careers,common crawl
workday,heidelbergmaterials.wd3.myworkdayjobs.com|heidelbergmaterials|global_hm_career_site,common crawl
workday,heidelbergmaterials.wd3.myworkdayjobs.com|heidelbergmaterials|heidelberg_materials_uk_career_site,common crawl
workday,heidelbergmaterials.wd3.myworkdayjobs.com|heidelbergmaterials|hm_career_introduce_yourself,common crawl
workday,heinz.wd1.myworkdayjobs.com|heinz|KraftHeinz_Careers,common crawl
workday,heinz.wd1.myworkdayjobs.com|heinz|kraftheinz_careers,common crawl
workday,heinz.wd1.myworkdayjobs.com|heinz|kraftheinz_careers_bc,common crawl
workday,hendrick.wd5.myworkdayjobs.com|hendrick|HMSCareers,common crawl
workday,hendrick.wd5.myworkdayjobs.com|hendrick|HendrickCareers,common crawl
workday,henryschein.wd1.myworkdayjobs.com|henryschein|External_Careers,common crawl
workday,henryschein.wd1.myworkdayjobs.com|henryschein|external_careers,common crawl
workday,hensoldt.wd3.myworkdayjobs.com|hensoldt|External_Career_Site,common crawl
workday,hhmi.wd1.myworkdayjobs.com|hhmi|External,common crawl
workday,hhmi.wd1.myworkdayjobs.com|hhmi|external,common crawl
workday,hhs.wd12.myworkdayjobs.com|hhs|HHS1HourlyJobs,common crawl
workday,hhs.wd12.myworkdayjobs.com|hhs|HHS1Jobs,common crawl
workday,hhs.wd12.myworkdayjobs.com|hhs|hhs1jobs,common crawl
workday,highmarkhealth.wd1.myworkdayjobs.com|highmarkhealth|highmark,common crawl
workday,hiscox.wd3.myworkdayjobs.com|hiscox|Hiscox_External_Site,companies.csv
workday,hitachi.wd1.myworkdayjobs.com|hitachi|hitachi,common crawl
workday,hklaw.wd1.myworkdayjobs.com|hklaw|Holland_Knight,common crawl
workday,hklaw.wd1.myworkdayjobs.com|hklaw|holland_knight,common crawl
workday,hmhw.wd12.myworkdayjobs.com|hmhw|hmh_careers,companies.csv
workday,hntb.wd5.myworkdayjobs.com|hntb|HNTB_Careers,common crawl
workday,hntb.wd5.myworkdayjobs.com|hntb|HNTB_University_Careers,common crawl
workday,hntb.wd5.myworkdayjobs.com|hntb|hntb_careers,common crawl
workday,hntb.wd5.myworkdayjobs.com|hntb|hntb_university_careers,companies.csv
workday,hoganlovells.wd3.myworkdayjobs.com|hoganlovells|Search,common crawl
workday,holmanautogroup.wd1.myworkdayjobs.com|holmanautogroup|HolmanEnterprisesCareers,companies.csv
workday,homedepot.wd5.myworkdayjobs.com|homedepot|CareerDepot,common crawl
workday,homedepot.wd5.myworkdayjobs.com|homedepot|CareerDepotCanada,companies.csv
workday,homedepot.wd5.myworkdayjobs.com|homedepot|careerdepot,common crawl
workday,hoopp.wd10.myworkdayjobs.com|hoopp|HOOPP,common crawl
workday,hoopp.wd10.myworkdayjobs.com|hoopp|HOOPPStudent,common crawl
workday,horizonmedia.wd1.myworkdayjobs.com|horizonmedia|CareerOpportunities,common crawl
workday,hornbeckoffshore.wd5.myworkdayjobs.com|hornbeckoffshore|Hornbeck,common crawl
workday,howard.wd1.myworkdayjobs.com|howard|HU,common crawl
workday,hp.wd5.myworkdayjobs.com|hp|EXTEU-AC-CareerSite,common crawl
workday,hp.wd5.myworkdayjobs.com|hp|ExternalCareerSite,common crawl
workday,hp.wd5.myworkdayjobs.com|hp|externalcareersite,common crawl
workday,hp.wd5.myworkdayjobs.com|hp|exteu-ac-careersite,common crawl
workday,hpe.wd5.myworkdayjobs.com|hpe|ACJobSite,common crawl
workday,hpe.wd5.myworkdayjobs.com|hpe|Jobsathpe,common crawl
workday,hpe.wd5.myworkdayjobs.com|hpe|WFMathpe,common crawl
workday,hpe.wd5.myworkdayjobs.com|hpe|acjobsite,common crawl
workday,hpe.wd5.myworkdayjobs.com|hpe|jobsathpe,common crawl
workday,hpe.wd5.myworkdayjobs.com|hpe|wfmathpe,common crawl
workday,hq.wd12.myworkdayjobs.com|hq|Securian_External,companies.csv
workday,hq.wd5.myworkdayjobs.com|hq|Allied_External,common crawl
workday,hq.wd5.myworkdayjobs.com|hq|Securian_External,common crawl
workday,hrhub.wd3.myworkdayjobs.com|hrhub|Euronext_Career_Page,common crawl
workday,hrone.wd1.myworkdayjobs.com|hrone|Pam_Transport,common crawl
workday,hrone.wd1.myworkdayjobs.com|hrone|TRG,common crawl
workday,hrone.wd1.myworkdayjobs.com|hrone|UACL_Logistics,common crawl
workday,hrone.wd1.myworkdayjobs.com|hrone|Universal_Logistics_Holdings,common crawl
workday,hrone.wd1.myworkdayjobs.com|hrone|ambassador_bridge_external,common crawl
workday,hrone.wd1.myworkdayjobs.com|hrone|central_transport,common crawl
workday,hrone.wd1.myworkdayjobs.com|hrone|universal_logistics_holdings,common crawl
workday,hshs.wd1.myworkdayjobs.com|hshs|hshscareers,common crawl
workday,hubinternational.wd1.myworkdayjobs.com|hubinternational|HUBInternational,common crawl
workday,hubinternational.wd1.myworkdayjobs.com|hubinternational|hubinternational,common crawl
workday,humana.wd5.myworkdayjobs.com|humana|Humana_External_Career_Site,common crawl
workday,humana.wd5.myworkdayjobs.com|humana|centerwell_external_career_site,common crawl
workday,humana.wd5.myworkdayjobs.com|humana|humana_external_career_site,common crawl
workday,hummingbird.wd1.myworkdayjobs.com|hummingbird|hummingbird,common crawl
workday,huntington.wd12.myworkdayjobs.com|huntington|HNBcareers,common crawl
workday,huntington.wd12.myworkdayjobs.com|huntington|hnbcareers,common crawl
workday,huntingtonlibrary.wd1.myworkdayjobs.com|huntingtonlibrary|HuntingtonCareers,common crawl
workday,huntsman.wd1.myworkdayjobs.com|huntsman|Huntsman,common crawl
workday,huntsman.wd1.myworkdayjobs.com|huntsman|huntsman,common crawl
workday,huron.wd1.myworkdayjobs.com|huron|huroncareers,common crawl
workday,husqvarnagroup.wd3.myworkdayjobs.com|husqvarnagroup|External_Career_Site,common crawl
workday,hyperiongrp.wd3.myworkdayjobs.com|hyperiongrp|Hyperion_External,companies.csv
workday,hytt.wd5.myworkdayjobs.com|hytt|Highway_Transport,common crawl
workday,hyvee.wd1.myworkdayjobs.com|hyvee|AmberSpecialtyPharmacyHy-VeePharmacySolutions,common crawl
workday,hyvee.wd1.myworkdayjobs.com|hyvee|DollarFresh,common crawl
workday,hyvee.wd1.myworkdayjobs.com|hyvee|FDICareers,common crawl
workday,hyvee.wd1.myworkdayjobs.com|hyvee|HyVeeCareers,common crawl
workday,hyvee.wd1.myworkdayjobs.com|hyvee|MidwestHeritageCareers,common crawl
workday,hyvee.wd1.myworkdayjobs.com|hyvee|VividClearRxCareers,common crawl
workday,hyvee.wd1.myworkdayjobs.com|hyvee|hyveecareers,common crawl
workday,ia.wd3.myworkdayjobs.com|ia|Professional,common crawl
workday,ia.wd3.myworkdayjobs.com|ia|Professional_US,common crawl
workday,iatinsurancegroup.wd1.myworkdayjobs.com|iatinsurancegroup|iat,companies.csv
workday,iberdrola.wd3.myworkdayjobs.com|iberdrola|Iberdrola,common crawl
workday,iberdrola.wd3.myworkdayjobs.com|iberdrola|es,common crawl
workday,iberdrola.wd3.myworkdayjobs.com|iberdrola|iberdrola,common crawl
workday,ibotta.wd1.myworkdayjobs.com|ibotta|Ibotta,companies.csv
workday,icc.wd12.myworkdayjobs.com|icc|External,common crawl
workday,icf.wd5.myworkdayjobs.com|icf|ICFExternal_Career_Site,common crawl
workday,icf.wd5.myworkdayjobs.com|icf|icfexternal_career_site,common crawl
workday,ich.wd1.myworkdayjobs.com|ich|ICS_Clinical_Profesionals,common crawl
workday,ich.wd1.myworkdayjobs.com|ich|ICS_Providers,common crawl
workday,ich.wd1.myworkdayjobs.com|ich|ICS_admin_pros,common crawl
workday,ico.wd3.myworkdayjobs.com|ico|ICO,common crawl
workday,icon.wd3.myworkdayjobs.com|icon|broadbean_external,common crawl
workday,idex.wd3.myworkdayjobs.com|idex|toutes-nos-offres-demploi,common crawl
workday,idexcorp.wd5.myworkdayjobs.com|idexcorp|idex_careers,companies.csv
workday,idexx.wd1.myworkdayjobs.com|idexx|IDEXX,common crawl
workday,idexx.wd1.myworkdayjobs.com|idexx|idexx,common crawl
workday,iff.wd5.myworkdayjobs.com|iff|IFF_Careers,common crawl
workday,iff.wd5.myworkdayjobs.com|iff|iff_careers,common crawl
workday,igsenergy.wd1.myworkdayjobs.com|igsenergy|IGS,companies.csv
workday,iheartmedia.wd5.myworkdayjobs.com|iheartmedia|External,common crawl
workday,iheartmedia.wd5.myworkdayjobs.com|iheartmedia|External_iHM,common crawl
workday,iheartmedia.wd5.myworkdayjobs.com|iheartmedia|Katz,common crawl
workday,iheartmedia.wd5.myworkdayjobs.com|iheartmedia|external_ihm,common crawl
workday,iheartmedia.wd5.myworkdayjobs.com|iheartmedia|iHM_Internships_Site,common crawl
workday,iheartmedia.wd5.myworkdayjobs.com|iheartmedia|iHM_Programming_Operations_Site,common crawl
workday,iheartmedia.wd5.myworkdayjobs.com|iheartmedia|ihm_corporate_site,common crawl
workday,iheartmedia.wd5.myworkdayjobs.com|iheartmedia|ihm_technology_site,common crawl
workday,ihsmarkit.wd1.myworkdayjobs.com|ihsmarkit|Careers,common crawl
workday,ijm.wd5.myworkdayjobs.com|ijm|careers-ijm,common crawl
workday,iko.wd3.myworkdayjobs.com|iko|iko_careers,companies.csv
workday,ilitch.wd5.myworkdayjobs.com|ilitch|Ilitch-Sports-Entertainment,common crawl
workday,ilitch.wd5.myworkdayjobs.com|ilitch|LC,common crawl
workday,illumina.wd1.myworkdayjobs.com|illumina|illumina-careers,common crawl
workday,imerys.wd3.myworkdayjobs.com|imerys|IMERYS-Careers,common crawl
workday,imerys.wd3.myworkdayjobs.com|imerys|imerys-careers,companies.csv
workday,imerys.wd3.myworkdayjobs.com|imerys|imerys_career2,common crawl
workday,imf.wd5.myworkdayjobs.com|imf|IMF,common crawl
workday,imh.wd108.myworkdayjobs.com|imh|IntermountainCareers,common crawl
workday,imh.wd108.myworkdayjobs.com|imh|intermountaincareers,common crawl
workday,imh.wd5.myworkdayjobs.com|imh|IntermountainCareers,common crawl
workday,immatics.wd3.myworkdayjobs.com|immatics|Immatics_External,common crawl
workday,imtt.wd5.myworkdayjobs.com|imtt|IMTT,common crawl
workday,inalfa.wd3.myworkdayjobs.com|inalfa|InalfaCareers,common crawl
workday,independencepetgroup.wd12.myworkdayjobs.com|independencepetgroup|PetsBest,common crawl
workday,independencepetgroup.wd12.myworkdayjobs.com|independencepetgroup|careers,common crawl
workday,infobip.wd3.myworkdayjobs.com|infobip|InfobipCareers,common crawl
workday,ing.wd3.myworkdayjobs.com|ing|ICSGBLCOR,common crawl
workday,ing.wd3.myworkdayjobs.com|ing|jvsgblcor,common crawl
workday,ingrammicro.wd5.myworkdayjobs.com|ingrammicro|IngramMicro,common crawl
workday,ingrammicro.wd5.myworkdayjobs.com|ingrammicro|ingrammicro,common crawl
workday,ingredion.wd1.myworkdayjobs.com|ingredion|IngredionCareers,common crawl
workday,inmar.wd1.myworkdayjobs.com|inmar|inmarcareers,companies.csv
workday,insbrk.wd5.myworkdayjobs.com|insbrk|One80Careers,common crawl
workday,insbrk.wd5.myworkdayjobs.com|insbrk|RSCareers,common crawl
workday,insperity.wd12.myworkdayjobs.com|insperity|NSP,companies.csv
workday,insulet.wd5.myworkdayjobs.com|insulet|insuletcareers,companies.csv
workday,intactfc.wd3.myworkdayjobs.com|intactfc|brokerlink,common crawl
workday,intactfc.wd3.myworkdayjobs.com|intactfc|intactfc,common crawl
workday,intapp.wd1.myworkdayjobs.com|intapp|Intapp,common crawl
workday,intapp.wd1.myworkdayjobs.com|intapp|intapp,common crawl
workday,integralads.wd1.myworkdayjobs.com|integralads|IAScareers,common crawl
workday,integritymarketing.wd1.myworkdayjobs.com|integritymarketing|Integrity,companies.csv
workday,intel.wd1.myworkdayjobs.com|intel|External,common crawl
workday,intel.wd1.myworkdayjobs.com|intel|external,common crawl
workday,intelcomgroup.wd3.myworkdayjobs.com|intelcomgroup|Intelcom,companies.csv
workday,interac.wd3.myworkdayjobs.com|interac|Interac,companies.csv
workday,interdigital.wd5.myworkdayjobs.com|interdigital|InterDigital_Career,common crawl
workday,interdigital.wd5.myworkdayjobs.com|interdigital|InterDigital_Intern,common crawl
workday,interfacesystems.wd5.myworkdayjobs.com|interfacesystems|InterfaceSystemsCareers,common crawl
workday,interfacesystems.wd5.myworkdayjobs.com|interfacesystems|interfacesystemscareers,common crawl
workday,internationalschools.wd3.myworkdayjobs.com|internationalschools|ISPCareers,common crawl
workday,interpublic.wd5.myworkdayjobs.com|interpublic|OMC,common crawl
workday,intervarsity.wd1.myworkdayjobs.com|intervarsity|intervarsitychristianfellowshipcareers,common crawl
workday,intuitive.wd1.myworkdayjobs.com|intuitive|irtc_careers,common crawl
workday,invesco.wd1.myworkdayjobs.com|invesco|IVZ,common crawl
workday,invesco.wd1.myworkdayjobs.com|invesco|IVZearlycareers,common crawl
workday,investpsp.wd3.myworkdayjobs.com|investpsp|psp_careers,companies.csv
workday,ioaging.wd12.myworkdayjobs.com|ioaging|IOA,common crawl
workday,ipas.wd5.myworkdayjobs.com|ipas|Ipas,common crawl
workday,iqvia.wd1.myworkdayjobs.com|iqvia|IQVIA,common crawl
workday,iqvia.wd1.myworkdayjobs.com|iqvia|iqvia,common crawl
workday,irhythmtech.wd5.myworkdayjobs.com|irhythmtech|iRhythm,common crawl
workday,irhythmtech.wd5.myworkdayjobs.com|irhythmtech|irhythm,common crawl
workday,ironmountain.wd5.myworkdayjobs.com|ironmountain|iron-mountain-jobs,common crawl
workday,isc.wd10.myworkdayjobs.com|isc|ISC,common crawl
workday,isc.wd10.myworkdayjobs.com|isc|isc,common crawl
workday,issgovernance.wd1.myworkdayjobs.com|issgovernance|ISScareers,common crawl
workday,issgovernance.wd1.myworkdayjobs.com|issgovernance|isscareers,common crawl
workday,isu.wd1.myworkdayjobs.com|isu|IowaStateJobs,common crawl
workday,itron.wd5.myworkdayjobs.com|itron|Early_Careers,common crawl
workday,itron.wd5.myworkdayjobs.com|itron|Itron,common crawl
workday,itw.wd5.myworkdayjobs.com|itw|external,common crawl
workday,ivytech.wd1.myworkdayjobs.com|ivytech|Ivy_Tech_Careers,common crawl
workday,ivytech.wd1.myworkdayjobs.com|ivytech|ivy_tech_careers,common crawl
workday,jabil.wd5.myworkdayjobs.com|jabil|Jabil_Careers,common crawl
workday,jacksongov.wd5.myworkdayjobs.com|jacksongov|COJ,common crawl
workday,jacksongov.wd5.myworkdayjobs.com|jacksongov|Court,common crawl
workday,jacksongov.wd5.myworkdayjobs.com|jacksongov|court,common crawl
workday,jacksonhealthcare.wd1.myworkdayjobs.com|jacksonhealthcare|careers-INLIGHTENED,common crawl
workday,jacksonhealthcare.wd1.myworkdayjobs.com|jacksonhealthcare|careers-Inlightened,common crawl
workday,jacksonhealthcare.wd1.myworkdayjobs.com|jacksonhealthcare|careers-JacksonCoker,common crawl
workday,jacksonhealthcare.wd1.myworkdayjobs.com|jacksonhealthcare|careers-Kimedics,common crawl
workday,jacksonhealthcare.wd1.myworkdayjobs.com|jacksonhealthcare|careers-PremierAnesthesia,common crawl
workday,jacksonhealthcare.wd1.myworkdayjobs.com|jacksonhealthcare|careers-jacksonhealthcare,common crawl
workday,jacksonhealthcare.wd1.myworkdayjobs.com|jacksonhealthcare|careers-jacksonnurseprofessionals,common crawl
workday,jacksonlewis.wd1.myworkdayjobs.com|jacksonlewis|JacksonLewisBusinessandLegalProfessionalsCareers,common crawl
workday,jacksonlewis.wd1.myworkdayjobs.com|jacksonlewis|JacksonLewisLawyerCareers,common crawl
workday,jacksonlewis.wd1.myworkdayjobs.com|jacksonlewis|jacksonlewislawyercareers,common crawl
workday,jadeglobal.wd5.myworkdayjobs.com|jadeglobal|jade_careers,companies.csv
workday,jainglobal.wd5.myworkdayjobs.com|jainglobal|ExternalSite,companies.csv
workday,jas.wd1.myworkdayjobs.com|jas|jascareers,common crawl
workday,jbtm.wd108.myworkdayjobs.com|jbtm|JBT_Marel_Career_Site,common crawl
workday,jci.wd5.myworkdayjobs.com|jci|JCI,common crawl
workday,jci.wd5.myworkdayjobs.com|jci|TUPU,common crawl
workday,jci.wd5.myworkdayjobs.com|jci|jci,common crawl
workday,jcrew.wd1.myworkdayjobs.com|jcrew|JCrewCareers,common crawl
workday,jcrew.wd1.myworkdayjobs.com|jcrew|MadewellCareers,common crawl
workday,jd.wd103.myworkdayjobs.com|jd|Campus_Career_Site,companies.csv
workday,jda.wd5.myworkdayjobs.com|jda|JDA_Careers,common crawl
workday,jda.wd5.myworkdayjobs.com|jda|jda_careers,common crawl
workday,jdgroupnam.wd1.myworkdayjobs.com|jdgroupnam|JDFL_CC_DC_Careers,common crawl
workday,jdgroupnam.wd1.myworkdayjobs.com|jdgroupnam|JDFL_Corporate_Careers,common crawl
workday,jdgroupnam.wd1.myworkdayjobs.com|jdgroupnam|JD_Careers,common crawl
workday,jdgroupnam.wd1.myworkdayjobs.com|jdgroupnam|Shoe_Palace_Career_Site,common crawl
workday,jdgroupnam.wd1.myworkdayjobs.com|jdgroupnam|jd_careers,common crawl
workday,jefferson.wd5.myworkdayjobs.com|jefferson|external,companies.csv
workday,jeffersonhealth.wd5.myworkdayjobs.com|jeffersonhealth|ThomasJeffersonExternal,common crawl
workday,jeffersonhealth.wd5.myworkdayjobs.com|jeffersonhealth|thomasjeffersonexternal,common crawl
workday,jiostar.wd102.myworkdayjobs.com|jiostar|JioStar,common crawl
workday,jiostar.wd102.myworkdayjobs.com|jiostar|jiostar,common crawl
workday,jj.wd5.myworkdayjobs.com|jj|DisplacedEmployees,common crawl
workday,jj.wd5.myworkdayjobs.com|jj|JJ,common crawl
workday,jj.wd5.myworkdayjobs.com|jj|NonCompetetiveHiring,common crawl
workday,jj.wd5.myworkdayjobs.com|jj|displacedemployees,common crawl
workday,jj.wd5.myworkdayjobs.com|jj|es,common crawl
workday,jj.wd5.myworkdayjobs.com|jj|jj,common crawl
workday,jll.wd1.myworkdayjobs.com|jll|JLLCareers,common crawl
workday,jll.wd1.myworkdayjobs.com|jll|jllcareers,common crawl
workday,johnsonbrothers.wd5.myworkdayjobs.com|johnsonbrothers|johnsonbrothers,companies.csv
workday,joinroot.wd1.myworkdayjobs.com|joinroot|joinroot,common crawl
workday,jotun.wd3.myworkdayjobs.com|jotun|Jotun_careers,common crawl
workday,jrjnet.wd5.myworkdayjobs.com|jrjnet|JC,common crawl
workday,juliusbaer.wd3.myworkdayjobs.com|juliusbaer|External,common crawl
workday,jupitermed.wd1.myworkdayjobs.com|jupitermed|External,common crawl
workday,justfab.wd1.myworkdayjobs.com|justfab|fabletics,common crawl
workday,justfab.wd1.myworkdayjobs.com|justfab|savagex,common crawl
workday,kaishaservice.wd1.myworkdayjobs.com|kaishaservice|GreenMetalsCareers,common crawl
workday,kaishaservice.wd1.myworkdayjobs.com|kaishaservice|LoyaltyGroupInsuranceServices,common crawl
workday,kaishaservice.wd1.myworkdayjobs.com|kaishaservice|ToyotaTsushoAmerica,common crawl
workday,kantar.wd3.myworkdayjobs.com|kantar|KANTAR,common crawl
workday,kantar.wd3.myworkdayjobs.com|kantar|KANTARBDCD,common crawl
workday,kantar.wd3.myworkdayjobs.com|kantar|KANTARMEDIA,common crawl
workday,kantonsspitalbaden.wd3.myworkdayjobs.com|kantonsspitalbaden|ksb-careers,common crawl
workday,kapsch.wd3.myworkdayjobs.com|kapsch|onestepahead-Argentina,common crawl
workday,kapsch.wd3.myworkdayjobs.com|kapsch|onestepahead-Spain,common crawl
workday,kapsch.wd3.myworkdayjobs.com|kapsch|onestepahead_Australia,common crawl
workday,kapsch.wd3.myworkdayjobs.com|kapsch|onestepahead_Austria,common crawl
workday,kapsch.wd3.myworkdayjobs.com|kapsch|onestepahead_Brazil,common crawl
workday,kapsch.wd3.myworkdayjobs.com|kapsch|onestepahead_Chile,common crawl
workday,kapsch.wd3.myworkdayjobs.com|kapsch|onestepahead_Mexico,common crawl
workday,kapsch.wd3.myworkdayjobs.com|kapsch|onestepahead_NAM,common crawl
workday,kapsch.wd3.myworkdayjobs.com|kapsch|onestepahead_Poland,common crawl
workday,kauffman.wd1.myworkdayjobs.com|kauffman|External,common crawl
workday,kbr.wd5.myworkdayjobs.com|kbr|Frazer_Nash_Careers,companies.csv
workday,kbr.wd5.myworkdayjobs.com|kbr|KBR_Careers,common crawl
workday,kbr.wd5.myworkdayjobs.com|kbr|kbr_careers,common crawl
workday,kcura.wd1.myworkdayjobs.com|kcura|External_Career_Site,common crawl
workday,kemper.wd5.myworkdayjobs.com|kemper|Kemper_Careers,common crawl
workday,kemper.wd5.myworkdayjobs.com|kemper|kemper_careers,common crawl
workday,kengarff.wd1.myworkdayjobs.com|kengarff|Arivo_External_Site,common crawl
workday,kengarff.wd1.myworkdayjobs.com|kengarff|External_Site,common crawl
workday,kengarff.wd1.myworkdayjobs.com|kengarff|external_site,common crawl
workday,kering.wd3.myworkdayjobs.com|kering|Gucci,common crawl
workday,kering.wd3.myworkdayjobs.com|kering|Kering,common crawl
workday,keybank.wd5.myworkdayjobs.com|keybank|External_Career_Site,common crawl
workday,keybank.wd5.myworkdayjobs.com|keybank|external_career_site,common crawl
workday,kimberlyclark.wd1.myworkdayjobs.com|kimberlyclark|EMEA,common crawl
workday,kimberlyclark.wd1.myworkdayjobs.com|kimberlyclark|GLOBAL,common crawl
workday,kimberlyclark.wd1.myworkdayjobs.com|kimberlyclark|NA,common crawl
workday,kiongroup.wd3.myworkdayjobs.com|kiongroup|KIONGroup,common crawl
workday,kiongroup.wd3.myworkdayjobs.com|kiongroup|KION_ITS_APAC,common crawl
workday,kiongroup.wd3.myworkdayjobs.com|kiongroup|KION_ITS_Americas,common crawl
workday,kiongroup.wd3.myworkdayjobs.com|kiongroup|KION_ITS_EMEA,common crawl
workday,kiongroup.wd3.myworkdayjobs.com|kiongroup|KION_SCS,common crawl
workday,kiongroup.wd3.myworkdayjobs.com|kiongroup|es,common crawl
workday,kiongroup.wd3.myworkdayjobs.com|kiongroup|kion_its_emea,common crawl
workday,kiongroup.wd3.myworkdayjobs.com|kiongroup|kiongroup,common crawl
workday,kissusa.wd12.myworkdayjobs.com|kissusa|KISS_Careers_External,common crawl
workday,kith.wd1.myworkdayjobs.com|kith|Kith_External_Careers,common crawl
workday,kla.wd1.myworkdayjobs.com|kla|AnnArbor,common crawl
workday,kla.wd1.myworkdayjobs.com|kla|Israel,common crawl
workday,kla.wd1.myworkdayjobs.com|kla|Search,common crawl
workday,kla.wd1.myworkdayjobs.com|kla|UR,common crawl
workday,kla.wd1.myworkdayjobs.com|kla|search,common crawl
workday,knitwellgroup.wd1.myworkdayjobs.com|knitwellgroup|US_Retail_Jobs,common crawl
workday,kone.wd3.myworkdayjobs.com|kone|Careers,common crawl
workday,kone.wd3.myworkdayjobs.com|kone|ar,common crawl
workday,kone.wd3.myworkdayjobs.com|kone|careers,common crawl
workday,kpluss.wd3.myworkdayjobs.com|kpluss|Career-KplusS,common crawl
workday,ksb.wd3.myworkdayjobs.com|ksb|KSB_ExternalCareerSite,common crawl
workday,ksbe.wd1.myworkdayjobs.com|ksbe|External,common crawl
workday,kslaw.wd1.myworkdayjobs.com|kslaw|careers,common crawl
workday,ksmcpa.wd12.myworkdayjobs.com|ksmcpa|ksmcareers,companies.csv
workday,kukio.wd115.myworkdayjobs.com|kukio|Kukio,common crawl
workday,kumc.wd5.myworkdayjobs.com|kumc|kumc-jobs,common crawl
workday,kyndryl.wd5.myworkdayjobs.com|kyndryl|KyndrylEarlyCareers,common crawl
workday,kyndryl.wd5.myworkdayjobs.com|kyndryl|KyndrylProfessionalCareers,common crawl
workday,kyndryl.wd5.myworkdayjobs.com|kyndryl|kyndrylprofessionalcareers,common crawl
workday,labcorp.wd1.myworkdayjobs.com|labcorp|External,common crawl
workday,labcorp.wd1.myworkdayjobs.com|labcorp|external,common crawl
workday,lambweston.wd1.myworkdayjobs.com|lambweston|CTE,companies.csv
workday,lambweston.wd1.myworkdayjobs.com|lambweston|External_Vacancies,common crawl
workday,lambweston.wd1.myworkdayjobs.com|lambweston|Lamb_External,common crawl
workday,landolakes.wd1.myworkdayjobs.com|landolakes|landolakes,companies.csv
workday,languageline.wd5.myworkdayjobs.com|languageline|HAS_Careers,common crawl
workday,languageline.wd5.myworkdayjobs.com|languageline|LLS_Careers,common crawl
workday,languageline.wd5.myworkdayjobs.com|languageline|LLS_UK_Careers,common crawl
workday,languageline.wd5.myworkdayjobs.com|languageline|lls_uk_careers,common crawl
workday,lazboy.wd1.myworkdayjobs.com|lazboy|LZBCareers,common crawl
workday,lazboy.wd1.myworkdayjobs.com|lazboy|lzbcareers,common crawl
workday,lbg.wd3.myworkdayjobs.com|lbg|LBG_Careers,common crawl
workday,lbg.wd3.myworkdayjobs.com|lbg|Lloyds_Technology_Centre,common crawl
workday,lbg.wd3.myworkdayjobs.com|lbg|Undergraduate_careers,common crawl
workday,lbg.wd3.myworkdayjobs.com|lbg|broadbean_external,common crawl
workday,lbg.wd3.myworkdayjobs.com|lbg|lbg_careers,common crawl
workday,learfield.wd5.myworkdayjobs.com|learfield|CLC,common crawl
workday,learfield.wd5.myworkdayjobs.com|learfield|Learfield,common crawl
workday,learfield.wd5.myworkdayjobs.com|learfield|Paciolan,common crawl
workday,lego.wd103.myworkdayjobs.com|lego|LEGO_External,companies.csv
workday,leidos.wd5.myworkdayjobs.com|leidos|External,common crawl
workday,leidos.wd5.myworkdayjobs.com|leidos|external,common crawl
workday,lendingclub.wd1.myworkdayjobs.com|lendingclub|External,common crawl
workday,lendingclub.wd1.myworkdayjobs.com|lendingclub|external,common crawl
workday,lendlease.wd3.myworkdayjobs.com|lendlease|LendleaseCareers,common crawl
workday,lennar.wd1.myworkdayjobs.com|lennar|Lennar_Jobs,common crawl
workday,lennar.wd1.myworkdayjobs.com|lennar|lennar_jobs,common crawl
workday,leonardocompany.wd3.myworkdayjobs.com|leonardocompany|LeonardoCareerSite,common crawl
workday,levistraussandco.wd5.myworkdayjobs.com|levistraussandco|External,common crawl
workday,levistraussandco.wd5.myworkdayjobs.com|levistraussandco|es,common crawl
workday,levistraussandco.wd5.myworkdayjobs.com|levistraussandco|external,common crawl
workday,lfb.wd3.myworkdayjobs.com|lfb|LFB_External_Careers,common crawl
workday,lgi.wd5.myworkdayjobs.com|lgi|LGI_Careers,common crawl
workday,lgi.wd5.myworkdayjobs.com|lgi|lgi_careers,common crawl
workday,lhoist.wd3.myworkdayjobs.com|lhoist|Careers,common crawl
workday,liberty.wd5.myworkdayjobs.com|liberty|lu_job_board_faculty,common crawl
workday,liberty.wd5.myworkdayjobs.com|liberty|lu_job_board_staff,common crawl
workday,lifefitness.wd1.myworkdayjobs.com|lifefitness|searchLFN,common crawl
workday,lifestance.wd5.myworkdayjobs.com|lifestance|Careers,common crawl
workday,lifestance.wd5.myworkdayjobs.com|lifestance|careers,common crawl
workday,lifeworks.wd3.myworkdayjobs.com|lifeworks|External,common crawl
workday,lifung.wd3.myworkdayjobs.com|lifung|FungGroup,common crawl
workday,lifung.wd3.myworkdayjobs.com|lifung|Meiyume,common crawl
workday,lifung.wd3.myworkdayjobs.com|lifung|NeoTangent,common crawl
workday,lighting.wd3.myworkdayjobs.com|lighting|jobs-and-careers,companies.csv
workday,lilly.wd115.myworkdayjobs.com|lilly|LLY,common crawl
workday,lilly.wd5.myworkdayjobs.com|lilly|LLY,common crawl
workday,linklaters.wd3.myworkdayjobs.com|linklaters|DE_Linklaters,common crawl
workday,linklaters.wd3.myworkdayjobs.com|linklaters|Linklaters,common crawl
workday,linklaters.wd3.myworkdayjobs.com|linklaters|es,common crawl
workday,litera.wd12.myworkdayjobs.com|litera|Litera_Careers,common crawl
workday,lithia.wd5.myworkdayjobs.com|lithia|LithiaCareers,common crawl
workday,lithia.wd5.myworkdayjobs.com|lithia|lithiacareers+,common crawl
workday,littelfuse.wd1.myworkdayjobs.com|littelfuse|Littelfuse-Careers,companies.csv
workday,littletongov.wd5.myworkdayjobs.com|littletongov|City_of_Littleton_External,common crawl
workday,livanova.wd5.myworkdayjobs.com|livanova|search,companies.csv
workday,livenation.wd1.myworkdayjobs.com|livenation|InsomniacExternalSite,common crawl
workday,livenation.wd1.myworkdayjobs.com|livenation|LNExternalSite,common crawl
workday,livenation.wd1.myworkdayjobs.com|livenation|TMExternalSite,common crawl
workday,livenation.wd503.myworkdayjobs.com|livenation|LNExternalSite,companies.csv
workday,liveoakbancshares.wd1.myworkdayjobs.com|liveoakbancshares|Live_Oak,companies.csv
workday,liveramp.wd5.myworkdayjobs.com|liveramp|LiveRampCareers,common crawl
workday,lkqcorp.wd5.myworkdayjobs.com|lkqcorp|ExternalCareerSite-LKQ,common crawl
workday,llbean.wd1.myworkdayjobs.com|llbean|LLBean_Careers,common crawl
workday,lmu.wd1.myworkdayjobs.com|lmu|Careers,common crawl
workday,lnw.wd5.myworkdayjobs.com|lnw|LightWonderExternalCareers,common crawl
workday,lnw.wd5.myworkdayjobs.com|lnw|SciPlayExternalCareersSite,common crawl
workday,lnw.wd5.myworkdayjobs.com|lnw|lightwonderexternalcareers,common crawl
workday,loewscorp.wd1.myworkdayjobs.com|loewscorp|loewscorp,common crawl
workday,loewshotels.wd5.myworkdayjobs.com|loewshotels|loewshotels,common crawl
workday,loganhealth.wd1.myworkdayjobs.com|loganhealth|Logan_Careers,common crawl
workday,loganhealth.wd1.myworkdayjobs.com|loganhealth|logan_careers,common crawl
workday,logicalis.wd3.myworkdayjobs.com|logicalis|LogicalisCareers,common crawl
workday,logitech.wd5.myworkdayjobs.com|logitech|Logitech,common crawl
workday,logitech.wd5.myworkdayjobs.com|logitech|es,common crawl
workday,logitech.wd5.myworkdayjobs.com|logitech|logitech,common crawl
workday,lombardodier.wd3.myworkdayjobs.com|lombardodier|Lombard_Odier_Careers,common crawl
workday,lonza.wd3.myworkdayjobs.com|lonza|Lonza_Careers,common crawl
workday,lonza.wd3.myworkdayjobs.com|lonza|lonza_careers,common crawl
workday,lowes.wd5.myworkdayjobs.com|lowes|LWS_External_CS,common crawl
workday,lowes.wd5.myworkdayjobs.com|lowes|lws_external_cs,common crawl
workday,loyola.wd5.myworkdayjobs.com|loyola|External,common crawl
workday,lplfinancial.wd1.myworkdayjobs.com|lplfinancial|BD_Partners,common crawl
workday,lplfinancial.wd1.myworkdayjobs.com|lplfinancial|External,common crawl
workday,lplfinancial.wd1.myworkdayjobs.com|lplfinancial|University,common crawl
workday,lplfinancial.wd1.myworkdayjobs.com|lplfinancial|external,common crawl
workday,lplfinancial.wd1.myworkdayjobs.com|lplfinancial|university,companies.csv
workday,lseg.wd3.myworkdayjobs.com|lseg|Careers,common crawl
workday,lseg.wd3.myworkdayjobs.com|lseg|Graduate_Careers,common crawl
workday,lseg.wd3.myworkdayjobs.com|lseg|Microsoft_Partnership,common crawl
workday,lsu.wd1.myworkdayjobs.com|lsu|LSU,common crawl
workday,lsu.wd1.myworkdayjobs.com|lsu|lsuwaiver,companies.csv
workday,lthc.wd1.myworkdayjobs.com|lthc|ExcellusBCBSCareers,companies.csv
workday,lumentum.wd5.myworkdayjobs.com|lumentum|LITE,companies.csv
workday,lumeris.wd1.myworkdayjobs.com|lumeris|LC,common crawl
workday,lumeris.wd1.myworkdayjobs.com|lumeris|lc,common crawl
workday,luminegrp.wd3.myworkdayjobs.com|luminegrp|Aleyant,common crawl
workday,luminegrp.wd3.myworkdayjobs.com|luminegrp|Kansys,common crawl
workday,luminegrp.wd3.myworkdayjobs.com|luminegrp|Neural_Technologies,common crawl
workday,luminegrp.wd3.myworkdayjobs.com|luminegrp|Quortex,common crawl
workday,luminegrp.wd3.myworkdayjobs.com|luminegrp|Razorflow,common crawl
workday,luminegrp.wd3.myworkdayjobs.com|luminegrp|TMD,common crawl
workday,luminegrp.wd3.myworkdayjobs.com|luminegrp|UBERSMITH,common crawl
workday,luminegrp.wd3.myworkdayjobs.com|luminegrp|Vas-X,common crawl
workday,luminegrp.wd3.myworkdayjobs.com|luminegrp|WideOrbit,common crawl
workday,luriechildrens.wd1.myworkdayjobs.com|luriechildrens|externalportal,common crawl
workday,lvhn.wd1.myworkdayjobs.com|lvhn|HNL,common crawl
workday,lvhn.wd1.myworkdayjobs.com|lvhn|LVHN,common crawl
workday,lvhn.wd1.myworkdayjobs.com|lvhn|lvhn,common crawl
workday,lvvwd.wd1.myworkdayjobs.com|lvvwd|LVVWDWaterJobs,common crawl
workday,mabanaft.wd3.myworkdayjobs.com|mabanaft|Mabanaft,common crawl
workday,macfound.wd1.myworkdayjobs.com|macfound|MAC_FOUND_EXT_CAREERS,common crawl
workday,maersk.wd3.myworkdayjobs.com|maersk|APMT_Careers,common crawl
workday,maersk.wd3.myworkdayjobs.com|maersk|Maersk_Careers,common crawl
workday,maersk.wd3.myworkdayjobs.com|maersk|Maersk_Manual,common crawl
workday,maersk.wd3.myworkdayjobs.com|maersk|maersk_careers,common crawl
workday,magna.wd3.myworkdayjobs.com|magna|Magna,companies.csv
workday,magna.wd3.myworkdayjobs.com|magna|magna,history_companies.csv
workday,maine.wd5.myworkdayjobs.com|maine|Executive,common crawl
workday,maine.wd5.myworkdayjobs.com|maine|executive,common crawl
workday,mango.wd3.myworkdayjobs.com|mango|Mango_Work_Your_Passion,common crawl
workday,mango.wd3.myworkdayjobs.com|mango|es,common crawl
workday,manh.wd5.myworkdayjobs.com|manh|External,common crawl
workday,manh.wd5.myworkdayjobs.com|manh|external,common crawl
workday,mantech.wd1.myworkdayjobs.com|mantech|External,common crawl
workday,manulife.wd3.myworkdayjobs.com|manulife|MFCJH_AdminJobs,common crawl
workday,manulife.wd3.myworkdayjobs.com|manulife|MFCJH_Jobs,common crawl
workday,manulife.wd3.myworkdayjobs.com|manulife|es,common crawl
workday,manulife.wd3.myworkdayjobs.com|manulife|mfcjh_adminjobs,common crawl
workday,manulife.wd3.myworkdayjobs.com|manulife|mfcjh_jobs,common crawl
workday,marinabaysands.wd102.myworkdayjobs.com|marinabaysands|External,common crawl
workday,marmon.wd5.myworkdayjobs.com|marmon|Marmon_Careers,common crawl
workday,marmon.wd501.myworkdayjobs.com|marmon|Marmon_Careers,companies.csv
workday,mars.wd3.myworkdayjobs.com|mars|ChampionPetfoods,common crawl
workday,mars.wd3.myworkdayjobs.com|mars|External,common crawl
workday,mars.wd3.myworkdayjobs.com|mars|external,common crawl
workday,marvell.wd1.myworkdayjobs.com|marvell|MarvellCareers,common crawl
workday,marvell.wd1.myworkdayjobs.com|marvell|marvellcareers,common crawl
workday,marylandconnect.wd1.myworkdayjobs.com|marylandconnect|BSU_Careers,common crawl
workday,marylandconnect.wd1.myworkdayjobs.com|marylandconnect|CSU_Careers,common crawl
workday,marylandconnect.wd1.myworkdayjobs.com|marylandconnect|SU_Careers,common crawl
workday,marylandconnect.wd1.myworkdayjobs.com|marylandconnect|su_careers,common crawl
workday,maschmeyer.wd12.myworkdayjobs.com|maschmeyer|MCC,common crawl
workday,masco.wd1.myworkdayjobs.com|masco|Behr,common crawl
workday,masco.wd1.myworkdayjobs.com|masco|Brasstech,common crawl
workday,masco.wd1.myworkdayjobs.com|masco|DeltaFaucet,common crawl
workday,masco.wd1.myworkdayjobs.com|masco|Masco,companies.csv
workday,masco.wd1.myworkdayjobs.com|masco|MascoCanada,common crawl
workday,masco.wd1.myworkdayjobs.com|masco|masco,common crawl
workday,massgeneralbrigham.wd1.myworkdayjobs.com|massgeneralbrigham|MGBExternal,common crawl
workday,massgeneralbrigham.wd1.myworkdayjobs.com|massgeneralbrigham|mgbexternal,common crawl
workday,massmutual.wd1.myworkdayjobs.com|massmutual|MMAscendCareers,companies.csv
workday,massmutual.wd1.myworkdayjobs.com|massmutual|MMCareers,common crawl
workday,massmutual.wd1.myworkdayjobs.com|massmutual|mmcareers,common crawl
workday,mastercard.wd1.myworkdayjobs.com|mastercard|Campus,common crawl
workday,mastercard.wd1.myworkdayjobs.com|mastercard|CampusApplyOnly,common crawl
workday,mastercard.wd1.myworkdayjobs.com|mastercard|CorporateCareers,common crawl
workday,mastercardfoundation.wd10.myworkdayjobs.com|mastercardfoundation|mastercardfdn,common crawl
workday,matthey.wd3.myworkdayjobs.com|matthey|Ext_Career_Site,common crawl
workday,matthey.wd3.myworkdayjobs.com|matthey|ext_career_site,common crawl
workday,mattressfirm.wd1.myworkdayjobs.com|mattressfirm|MattressFirmCareers,common crawl
workday,mavenir.wd1.myworkdayjobs.com|mavenir|Mavenir_Careers,common crawl
workday,maxar.wd1.myworkdayjobs.com|maxar|Vantor,common crawl
workday,maxar.wd1.myworkdayjobs.com|maxar|vantor,common crawl
workday,mbda.wd3.myworkdayjobs.com|mbda|MBDA-DE,common crawl
workday,mbda.wd3.myworkdayjobs.com|mbda|MBDA-UK,common crawl
workday,mc.wd1.myworkdayjobs.com|mc|external,common crawl
workday,mcafee.wd1.myworkdayjobs.com|mcafee|External,common crawl
workday,mcafee.wd1.myworkdayjobs.com|mcafee|external,companies.csv
workday,mccoys.wd1.myworkdayjobs.com|mccoys|Mccoys_External_Careers,common crawl
workday,mcgill.wd3.myworkdayjobs.com|mcgill|McGill_Careers,common crawl
workday,mcgill.wd3.myworkdayjobs.com|mcgill|mcgill_careers,common crawl
workday,mchapusa.wd5.myworkdayjobs.com|mchapusa|MCHAP_External,common crawl
workday,mckesson.wd3.myworkdayjobs.com|mckesson|CoverMyMeds_External_Careers,common crawl
workday,mckesson.wd3.myworkdayjobs.com|mckesson|External_Careers,common crawl
workday,mckesson.wd3.myworkdayjobs.com|mckesson|SCRI_Careers,common crawl
workday,mckesson.wd3.myworkdayjobs.com|mckesson|covermymeds_external_careers,common crawl
workday,mckesson.wd3.myworkdayjobs.com|mckesson|external_careers,common crawl
workday,mckesson.wd3.myworkdayjobs.com|mckesson|rxsscareers,common crawl
workday,mckesson.wd3.myworkdayjobs.com|mckesson|scri_careers,common crawl
workday,mdtkangaroo.wd108.myworkdayjobs.com|mdtkangaroo|MiniMedCareers,common crawl
workday,medaviehs.wd10.myworkdayjobs.com|medaviehs|Blue_Cross_Life_External,common crawl
workday,medaviehs.wd10.myworkdayjobs.com|medaviehs|Medavie_External,common crawl
workday,medaviehs.wd10.myworkdayjobs.com|medaviehs|medavie_external,common crawl
workday,medifastinc.wd108.myworkdayjobs.com|medifastinc|Medifast,common crawl
workday,medline.wd5.myworkdayjobs.com|medline|Medline,common crawl
workday,medline.wd5.myworkdayjobs.com|medline|medline,common crawl
workday,medtronic.wd1.myworkdayjobs.com|medtronic|MedtronicCareers,common crawl
workday,medtronic.wd1.myworkdayjobs.com|medtronic|RedeploymentMedtronicCareers,common crawl
workday,medtronic.wd1.myworkdayjobs.com|medtronic|medtroniccareers,common crawl
workday,medtronic.wd1.myworkdayjobs.com|medtronic|redeploymentmedtroniccareers,common crawl
workday,meijer.wd5.myworkdayjobs.com|meijer|Meijer,common crawl
workday,meijer.wd5.myworkdayjobs.com|meijer|Meijer_Market_Format,common crawl
workday,meijer.wd5.myworkdayjobs.com|meijer|Meijer_Stores_Hourly,common crawl
workday,meijer.wd5.myworkdayjobs.com|meijer|Meijer_Stores_Leadership,common crawl
workday,meijer.wd5.myworkdayjobs.com|meijer|meijer,common crawl
workday,meijer.wd5.myworkdayjobs.com|meijer|meijer_stores_hourly,common crawl
workday,memorialhealthcare.wd1.myworkdayjobs.com|memorialhealthcare|MHS_Careers,common crawl
workday,memorialhermann.wd5.myworkdayjobs.com|memorialhermann|external,common crawl
workday,menasha.wd12.myworkdayjobs.com|menasha|menashacorp,companies.csv
workday,meowwolf.wd1.myworkdayjobs.com|meowwolf|MeowWolf,common crawl
workday,merative.wd12.myworkdayjobs.com|merative|External_Career_Site,common crawl
workday,mercari.wd3.myworkdayjobs.com|mercari|mercari_external,common crawl
workday,merceruniversity.wd1.myworkdayjobs.com|merceruniversity|student,companies.csv
workday,mercycare.wd5.myworkdayjobs.com|mercycare|Mercy_Cedar_Rapids_Careers,common crawl
workday,meredith.wd5.myworkdayjobs.com|meredith|EXT,common crawl
workday,metabo.wd3.myworkdayjobs.com|metabo|kokicareers,common crawl
workday,metabo.wd3.myworkdayjobs.com|metabo|metabocareers,common crawl
workday,methodisthealth.wd5.myworkdayjobs.com|methodisthealth|MLH,common crawl
workday,methodisthealth.wd5.myworkdayjobs.com|methodisthealth|mlh,common crawl
workday,methodisthealthsystem.wd1.myworkdayjobs.com|methodisthealthsystem|MHS_Careers,common crawl
workday,methodisthealthsystem.wd1.myworkdayjobs.com|methodisthealthsystem|MHS_Careers_Physicians,common crawl
workday,metmuseum.wd5.myworkdayjobs.com|metmuseum|metmuseumcareers,common crawl
workday,metsagroup.wd3.myworkdayjobs.com|metsagroup|MetsaGroup_Careers,common crawl
workday,metsagroup.wd3.myworkdayjobs.com|metsagroup|MetsaGroup_Summer_Jobs,common crawl
workday,mfs.wd1.myworkdayjobs.com|mfs|MFS-Careers,companies.csv
workday,mgic.wd5.myworkdayjobs.com|mgic|mgic,companies.csv
workday,mgpru.wd3.myworkdayjobs.com|mgpru|mandgprudential,common crawl
workday,mhs.wd1.myworkdayjobs.com|mhs|Careers,common crawl
workday,miamioh.wd5.myworkdayjobs.com|miamioh|miamioh-faculty,common crawl
workday,miamioh.wd5.myworkdayjobs.com|miamioh|miamioh-staff,common crawl
workday,michaels.wd5.myworkdayjobs.com|michaels|External,common crawl
workday,michaels.wd5.myworkdayjobs.com|michaels|external,common crawl
workday,michelinhr.wd3.myworkdayjobs.com|michelinhr|Michelin,common crawl
workday,michelinhr.wd3.myworkdayjobs.com|michelinhr|michelin,common crawl
workday,micron.wd1.myworkdayjobs.com|micron|External,common crawl
workday,micron.wd1.myworkdayjobs.com|micron|external,common crawl
workday,midtown.wd1.myworkdayjobs.com|midtown|Midtown_Careers,common crawl
workday,miele.wd3.myworkdayjobs.com|miele|miele-jobs,common crawl
workday,millerknoll.wd1.myworkdayjobs.com|millerknoll|MillerKnoll,common crawl
workday,millerknoll.wd1.myworkdayjobs.com|millerknoll|millerknoll,common crawl
workday,mimecast.wd5.myworkdayjobs.com|mimecast|Mimecast-Careers,common crawl
workday,mines.wd1.myworkdayjobs.com|mines|Mines_Careers,common crawl
workday,minnstate.wd115.myworkdayjobs.com|minnstate|Minnesota_State_Careers,common crawl
workday,minor.wd102.myworkdayjobs.com|minor|Careers,common crawl
workday,missoulacounty.wd12.myworkdayjobs.com|missoulacounty|MSCO,common crawl
workday,mitsubishichemicalgroup.wd3.myworkdayjobs.com|mitsubishichemicalgroup|MCCGroupCareers,common crawl
workday,mizuho.wd1.myworkdayjobs.com|mizuho|mizuhoamericas,common crawl
workday,mksinst.wd1.myworkdayjobs.com|mksinst|MKSCareersAmericas,common crawl
workday,mksinst.wd1.myworkdayjobs.com|mksinst|MKSCareersAsia,common crawl
workday,mksinst.wd1.myworkdayjobs.com|mksinst|MKSCareersEMEA,common crawl
workday,mksinst.wd1.myworkdayjobs.com|mksinst|MKSCareersUniversity,common crawl
workday,mksinst.wd1.myworkdayjobs.com|mksinst|mkscareersamericas,common crawl
workday,mksinst.wd1.myworkdayjobs.com|mksinst|mkscareersemea,common crawl
workday,mlp.wd5.myworkdayjobs.com|mlp|mlpcareers,common crawl
workday,mlse.wd3.myworkdayjobs.com|mlse|MLSE,companies.csv
workday,mmc.wd1.myworkdayjobs.com|mmc|MMC,common crawl
workday,mmc.wd1.myworkdayjobs.com|mmc|careers,common crawl
workday,mmc.wd1.myworkdayjobs.com|mmc|mmc,common crawl
workday,modernatx.wd1.myworkdayjobs.com|modernatx|M_tx,common crawl
workday,modernatx.wd1.myworkdayjobs.com|modernatx|m_tx,common crawl
workday,modivcare.wd1.myworkdayjobs.com|modivcare|VRIModivcareCareers,common crawl
workday,modivcare.wd1.myworkdayjobs.com|modivcare|careers,common crawl
workday,modmed.wd501.myworkdayjobs.com|modmed|ModMed12,companies.csv
workday,modsquad.wd5.myworkdayjobs.com|modsquad|ModSquad,common crawl
workday,modsquad.wd5.myworkdayjobs.com|modsquad|ModSquad_Contractor,common crawl
workday,modsquad.wd5.myworkdayjobs.com|modsquad|modsquad_contractor,common crawl
workday,momentive.wd1.myworkdayjobs.com|momentive|MC,common crawl
workday,monarch.wd5.myworkdayjobs.com|monarch|Monarch,common crawl
workday,moneris.wd3.myworkdayjobs.com|moneris|Moneris,common crawl
workday,monolithicpower.wd12.myworkdayjobs.com|monolithicpower|MPS_Careers,common crawl
workday,monotype.wd1.myworkdayjobs.com|monotype|Monotype,common crawl
workday,montclair.wd1.myworkdayjobs.com|montclair|JobOpportunities,common crawl
workday,montefiore.wd12.myworkdayjobs.com|montefiore|Highland,common crawl
workday,moog.wd5.myworkdayjobs.com|moog|MOOG_External_Career_Site,common crawl
workday,moog.wd5.myworkdayjobs.com|moog|moog_external_career_site,common crawl
workday,morningstar.wd5.myworkdayjobs.com|morningstar|Americas,common crawl
workday,morningstar.wd5.myworkdayjobs.com|morningstar|morningstar,common crawl
workday,morrisonhershfield.wd3.myworkdayjobs.com|morrisonhershfield|morrisonhershfieldcareers,common crawl
workday,mosaic.wd5.myworkdayjobs.com|mosaic|mosaic,common crawl
workday,mosscm.wd1.myworkdayjobs.com|mosscm|Moss_Careers,common crawl
workday,motorolasolutions.wd5.myworkdayjobs.com|motorolasolutions|Careers,companies.csv
workday,motorolasolutions.wd5.myworkdayjobs.com|motorolasolutions|careers,history_companies.csv
workday,movement.wd1.myworkdayjobs.com|movement|Careers,common crawl
workday,movement.wd1.myworkdayjobs.com|movement|movement_bank,common crawl
workday,mpc.wd1.myworkdayjobs.com|mpc|MPCCareers,common crawl
workday,mq.wd3.myworkdayjobs.com|mq|CareersatMQ,common crawl
workday,mq.wd3.myworkdayjobs.com|mq|CareersatMQHealth,common crawl
workday,ms.wd5.myworkdayjobs.com|ms|External,common crawl
workday,ms.wd5.myworkdayjobs.com|ms|external,common crawl
workday,ms.wd5.myworkdayjobs.com|ms|private,common crawl
workday,msd.wd5.myworkdayjobs.com|msd|SearchJobs,common crawl
workday,msd.wd5.myworkdayjobs.com|msd|searchjobs,common crawl
workday,msf.wd3.myworkdayjobs.com|msf|msf_france_siege,common crawl
workday,msf.wd3.myworkdayjobs.com|msf|work-with-msf-ocg-hq-lhs,common crawl
workday,msfg.wd3.myworkdayjobs.com|msfg|Careers,common crawl
workday,msh.wd1.myworkdayjobs.com|msh|External,common crawl
workday,msiexpress.wd5.myworkdayjobs.com|msiexpress|MSI_Express_External_Careers,common crawl
workday,msigna.wd5.myworkdayjobs.com|msigna|gbl,companies.csv
workday,msk.wd108.myworkdayjobs.com|msk|MSKCC_Careers_Primary,common crawl
workday,msudenver.wd1.myworkdayjobs.com|msudenver|MSUDenver,common crawl
workday,mtb.wd5.myworkdayjobs.com|mtb|Campus,common crawl
workday,mtb.wd5.myworkdayjobs.com|mtb|MTB,common crawl
workday,mtb.wd5.myworkdayjobs.com|mtb|mtb,common crawl
workday,mtb.wd5.myworkdayjobs.com|mtb|wtexternal,common crawl
workday,mufgub.wd3.myworkdayjobs.com|mufgub|MUFG-Careers,common crawl
workday,mufgub.wd3.myworkdayjobs.com|mufgub|MUFG-EarlyCareers,common crawl
workday,mufgub.wd3.myworkdayjobs.com|mufgub|mufg-careers,common crawl
workday,multco.wd1.myworkdayjobs.com|multco|Multco_Interns,common crawl
workday,multco.wd1.myworkdayjobs.com|multco|Multco_Jobs,common crawl
workday,multicare.wd1.myworkdayjobs.com|multicare|multicare,common crawl
workday,multimatic.wd10.myworkdayjobs.com|multimatic|MMEC,common crawl
workday,mundipharma.wd3.myworkdayjobs.com|mundipharma|External,common crawl
workday,mundipharma.wd3.myworkdayjobs.com|mundipharma|external,common crawl
workday,munters.wd3.myworkdayjobs.com|munters|external_careers,companies.csv
workday,musc.wd1.myworkdayjobs.com|musc|MUSC,companies.csv
workday,mustangfuel.wd5.myworkdayjobs.com|mustangfuel|External,common crawl
workday,mvh.wd115.myworkdayjobs.com|mvh|bfcareers,common crawl
workday,mvphealthcare.wd5.myworkdayjobs.com|mvphealthcare|mvphealthcare,companies.csv
workday,mwaa.wd1.myworkdayjobs.com|mwaa|MWAA,common crawl
workday,mwaa.wd1.myworkdayjobs.com|mwaa|mwaa,common crawl
workday,my7elevenhr.wd12.myworkdayjobs.com|my7elevenhr|Careers,companies.csv
workday,mydpr.wd5.myworkdayjobs.com|mydpr|11212017,common crawl
workday,myhr.wd3.myworkdayjobs.com|myhr|PlanseeGroup_Career,common crawl
workday,myhr.wd3.myworkdayjobs.com|myhr|planseegroup_career,common crawl
workday,myhrabc.wd5.myworkdayjobs.com|myhrabc|Distribution,common crawl
workday,myhrabc.wd5.myworkdayjobs.com|myhrabc|Global,common crawl
workday,myhrabc.wd5.myworkdayjobs.com|myhrabc|global,common crawl
workday,myhrhome.wd1.myworkdayjobs.com|myhrhome|OneMainCareers,companies.csv
workday,mymvw.wd5.myworkdayjobs.com|mymvw|HVOCareers,common crawl
workday,mymvw.wd5.myworkdayjobs.com|mymvw|MVW,common crawl
workday,mymvw.wd5.myworkdayjobs.com|mymvw|es,common crawl
workday,mymvw.wd5.myworkdayjobs.com|mymvw|mvw,common crawl
workday,mypath.wd115.myworkdayjobs.com|mypath|mypathcareers,common crawl
workday,mysrhs.wd108.myworkdayjobs.com|mysrhs|SRHS,common crawl
workday,myview.wd3.myworkdayjobs.com|myview|Choice_Properties_REIT,common crawl
workday,myview.wd3.myworkdayjobs.com|myview|Loblaw-Digital_Careers_Carrieres,common crawl
workday,myview.wd3.myworkdayjobs.com|myview|careers,common crawl
workday,myview.wd3.myworkdayjobs.com|myview|george_weston,common crawl
workday,myview.wd3.myworkdayjobs.com|myview|loblaw_careers,common crawl
workday,myview.wd3.myworkdayjobs.com|myview|paradox_careers,companies.csv
workday,myview.wd3.myworkdayjobs.com|myview|pc_financial,common crawl
workday,myview.wd3.myworkdayjobs.com|myview|sdm_careers,common crawl
workday,myview.wd3.myworkdayjobs.com|myview|weston_family_foundation,common crawl
workday,myworkdaycenter.wd5.myworkdayjobs.com|myworkdaycenter|MNG,common crawl
workday,myworkdaycenter.wd5.myworkdayjobs.com|myworkdaycenter|TPCO,common crawl
workday,nabancard.wd1.myworkdayjobs.com|nabancard|NAB,common crawl
workday,nabancard.wd1.myworkdayjobs.com|nabancard|nab,common crawl
workday,nacoal.wd5.myworkdayjobs.com|nacoal|NACCO,common crawl
workday,nacoal.wd5.myworkdayjobs.com|nacoal|mitigatepro,common crawl
workday,nacoal.wd5.myworkdayjobs.com|nacoal|nacoal,common crawl
workday,nacoal.wd5.myworkdayjobs.com|nacoal|sawtoothmining,common crawl
workday,naic.wd115.myworkdayjobs.com|naic|NAIC,common crawl
workday,namb.wd1.myworkdayjobs.com|namb|NAMB,common crawl
workday,nanfung.wd3.myworkdayjobs.com|nanfung|NF_Career,common crawl
workday,nantmedia.wd5.myworkdayjobs.com|nantmedia|LATimesCareers,common crawl
workday,nas.wd1.myworkdayjobs.com|nas|NAS_Careers,common crawl
workday,nascar.wd1.myworkdayjobs.com|nascar|NASCAR,common crawl
workday,nasdaq.wd1.myworkdayjobs.com|nasdaq|Global_External_Site,common crawl
workday,nasdaq.wd1.myworkdayjobs.com|nasdaq|US_External_Career_Site,common crawl
workday,nasdaq.wd1.myworkdayjobs.com|nasdaq|global_external_site,common crawl
workday,nationalindemnity.wd5.myworkdayjobs.com|nationalindemnity|BHDIC,common crawl
workday,nationalindemnity.wd5.myworkdayjobs.com|nationalindemnity|BHHC,common crawl
workday,nationalindemnity.wd5.myworkdayjobs.com|nationalindemnity|NICO,common crawl
workday,nationalindemnity.wd5.myworkdayjobs.com|nationalindemnity|bhhc,common crawl
workday,nationwide.wd1.myworkdayjobs.com|nationwide|Nationwide_Career,common crawl
workday,nationwide.wd1.myworkdayjobs.com|nationwide|nationwide_career,common crawl
workday,nationwidechildrens.wd5.myworkdayjobs.com|nationwidechildrens|NCHCareers,common crawl
workday,nature.wd108.myworkdayjobs.com|nature|ExternalCareers,common crawl
workday,nature.wd108.myworkdayjobs.com|nature|externalcareers,common crawl
workday,navcanada.wd10.myworkdayjobs.com|navcanada|NAV_Careers,common crawl
workday,navexglobal.wd5.myworkdayjobs.com|navexglobal|NAVEX,common crawl
workday,navigators.wd1.myworkdayjobs.com|navigators|External,common crawl
workday,nb.wd1.myworkdayjobs.com|nb|NBCareers,common crawl
workday,nb.wd1.myworkdayjobs.com|nb|PWM,common crawl
workday,nb.wd1.myworkdayjobs.com|nb|nbcareers,common crawl
workday,nbn.wd3.myworkdayjobs.com|nbn|nbncareers,common crawl
workday,nbtbancorp.wd12.myworkdayjobs.com|nbtbancorp|EPIC,common crawl
workday,nbtbancorp.wd12.myworkdayjobs.com|nbtbancorp|NBT-B,common crawl
workday,nc.wd108.myworkdayjobs.com|nc|NC_Careers,common crawl
workday,nc.wd108.myworkdayjobs.com|nc|nc_careers,common crawl
workday,ncino.wd5.myworkdayjobs.com|ncino|nCinoCareers,common crawl
workday,ncino.wd5.myworkdayjobs.com|ncino|ncinocareers,common crawl
workday,nclh.wd108.myworkdayjobs.com|nclh|BIHL_Careers,common crawl
workday,nclh.wd108.myworkdayjobs.com|nclh|NCLH_Careers,common crawl
workday,nclh.wd108.myworkdayjobs.com|nclh|NCL_Shoreside_Careers,common crawl
workday,nclh.wd108.myworkdayjobs.com|nclh|POA_Careers,common crawl
workday,ncnu.wd1.myworkdayjobs.com|ncnu|aaa_ncnu_careers,companies.csv
workday,ncr.wd1.myworkdayjobs.com|ncr|ext_apac,common crawl
workday,ncr.wd1.myworkdayjobs.com|ncr|ext_non_us,common crawl
workday,ncr.wd1.myworkdayjobs.com|ncr|ext_us,common crawl
workday,ncratleos.wd1.myworkdayjobs.com|ncratleos|ext_intern,companies.csv
workday,ncsecu.wd1.myworkdayjobs.com|ncsecu|secu,companies.csv
workday,nea.wd1.myworkdayjobs.com|nea|ExternalCareers,common crawl
workday,nebraskablue.wd1.myworkdayjobs.com|nebraskablue|BCBSNE,companies.csv
workday,nebraskamed.wd5.myworkdayjobs.com|nebraskamed|nm,companies.csv
workday,neighborlybrands.wd1.myworkdayjobs.com|neighborlybrands|neighborly,common crawl
workday,neighborlybrands.wd1.myworkdayjobs.com|neighborlybrands|neighbourlycareers,common crawl
workday,neiu.wd1.myworkdayjobs.com|neiu|NEIU,common crawl
workday,nelnet.wd1.myworkdayjobs.com|nelnet|MyNelnet,common crawl
workday,nelnet.wd1.myworkdayjobs.com|nelnet|mynelnet,common crawl
workday,netflix.wd1.myworkdayjobs.com|netflix|Netflix,common crawl
workday,newbalance.wd1.myworkdayjobs.com|newbalance|careers,companies.csv
workday,newchartertech.wd12.myworkdayjobs.com|newchartertech|ApexTechnologyManagement,common crawl
workday,newchartertech.wd12.myworkdayjobs.com|newchartertech|BNMC,common crawl
workday,newchartertech.wd12.myworkdayjobs.com|newchartertech|Cyber74,common crawl
workday,newchartertech.wd12.myworkdayjobs.com|newchartertech|Kinetix,common crawl
workday,newchartertech.wd12.myworkdayjobs.com|newchartertech|NetSourceOne,common crawl
workday,newchartertech.wd12.myworkdayjobs.com|newchartertech|NetTech,common crawl
workday,newchartertech.wd12.myworkdayjobs.com|newchartertech|NewCharterTechnologies,common crawl
workday,newchartertech.wd12.myworkdayjobs.com|newchartertech|PennCompOutsourcedIT,common crawl
workday,newchartertech.wd12.myworkdayjobs.com|newchartertech|StrongholdData,common crawl
workday,newchartertech.wd12.myworkdayjobs.com|newchartertech|activecotechnologymanagement,common crawl
workday,newchartertech.wd12.myworkdayjobs.com|newchartertech|greystonetechnology,common crawl
workday,newchartertech.wd12.myworkdayjobs.com|newchartertech|olmecsystems,common crawl
workday,newchartertech.wd12.myworkdayjobs.com|newchartertech|thinkadnet,common crawl
workday,newperkinelmer.wd1.myworkdayjobs.com|newperkinelmer|External,companies.csv
workday,newrez.wd1.myworkdayjobs.com|newrez|NRZ,common crawl
workday,newschool.wd1.myworkdayjobs.com|newschool|External,common crawl
workday,newschool.wd1.myworkdayjobs.com|newschool|external,companies.csv
workday,nexstar.wd5.myworkdayjobs.com|nexstar|nexstar,common crawl
workday,nextgen.wd5.myworkdayjobs.com|nextgen|NextGen_Careers,common crawl
workday,ngc.wd1.myworkdayjobs.com|ngc|Northrop_Grumman_External_Site,common crawl
workday,ngc.wd1.myworkdayjobs.com|ngc|northrop_grumman_external_site,common crawl
workday,nghs.wd1.myworkdayjobs.com|nghs|External,common crawl
workday,nghs.wd1.myworkdayjobs.com|nghs|external,common crawl
workday,niagarawater.wd5.myworkdayjobs.com|niagarawater|Niagara,common crawl
workday,nidec.wd1.myworkdayjobs.com|nidec|Nidec,common crawl
workday,nidec.wd1.myworkdayjobs.com|nidec|nidec,common crawl
workday,nike.wd1.myworkdayjobs.com|nike|nke,common crawl
workday,nisource.wd1.myworkdayjobs.com|nisource|NiSource,companies.csv
workday,njit.wd108.myworkdayjobs.com|njit|NJIT_Careers,common crawl
workday,njm.wd1.myworkdayjobs.com|njm|njm,companies.csv
workday,nngroup.wd3.myworkdayjobs.com|nngroup|WDExternal,common crawl
workday,noblecorp.wd1.myworkdayjobs.com|noblecorp|noblecorp,common crawl
workday,noerr.wd3.myworkdayjobs.com|noerr|Careers_Business_Professionals,common crawl
workday,noerr.wd3.myworkdayjobs.com|noerr|Careers_Legal_Tax_Advisory,common crawl
workday,norconsult.wd3.myworkdayjobs.com|norconsult|Norconsult_Career_Site,common crawl
workday,norconsult.wd3.myworkdayjobs.com|norconsult|Nordic_Office_of_Architecture_Career_Site,common crawl
workday,nordsonhcm.wd501.myworkdayjobs.com|nordsonhcm|nordsoncareers,companies.csv
workday,nordstrom.wd5.myworkdayjobs.com|nordstrom|nordstrom_careers,common crawl
workday,norgesgruppen.wd3.myworkdayjobs.com|norgesgruppen|karriere,common crawl
workday,northeastern.wd1.myworkdayjobs.com|northeastern|careers,common crawl
workday,northmark.wd108.myworkdayjobs.com|northmark|Salamander,common crawl
workday,northwest.wd1.myworkdayjobs.com|northwest|Northwest_Careers,common crawl
workday,northwesternmutual.wd5.myworkdayjobs.com|northwesternmutual|corporate-careers,companies.csv
workday,novanta.wd5.myworkdayjobs.com|novanta|Novanta-Careers,common crawl
workday,novartis.wd3.myworkdayjobs.com|novartis|Internal_Careers_for_Acquired_Entities,common crawl
workday,novartis.wd3.myworkdayjobs.com|novartis|Novartis_Careers,common crawl
workday,novartis.wd3.myworkdayjobs.com|novartis|es,common crawl
workday,novartis.wd3.myworkdayjobs.com|novartis|internal_careers_for_acquired_entities,common crawl
workday,novartis.wd3.myworkdayjobs.com|novartis|novartis_careers,common crawl
workday,novoco.wd108.myworkdayjobs.com|novoco|Novogradac,common crawl
workday,novoco.wd108.myworkdayjobs.com|novoco|novogradac,common crawl
workday,nphosting.wd5.myworkdayjobs.com|nphosting|BVTCareers,common crawl
workday,nphosting.wd5.myworkdayjobs.com|nphosting|CC_Careers,common crawl
workday,nphosting.wd5.myworkdayjobs.com|nphosting|FDFCareers,companies.csv
workday,nphosting.wd5.myworkdayjobs.com|nphosting|HHSCareers,common crawl
workday,nphosting.wd5.myworkdayjobs.com|nphosting|INKCareers,common crawl
workday,nphosting.wd5.myworkdayjobs.com|nphosting|NEMRCareers,common crawl
workday,nreca.wd1.myworkdayjobs.com|nreca|External,common crawl
workday,nreca.wd1.myworkdayjobs.com|nreca|external,companies.csv
workday,nrel.wd5.myworkdayjobs.com|nrel|NLR,common crawl
workday,nrel.wd5.myworkdayjobs.com|nrel|NREL,common crawl
workday,nrel.wd5.myworkdayjobs.com|nrel|nlr,common crawl
workday,nrf.wd3.myworkdayjobs.com|nrf|External,common crawl
workday,nrpgroup.wd1.myworkdayjobs.com|nrpgroup|INT,common crawl
workday,nshe.wd1.myworkdayjobs.com|nshe|CSN-External,common crawl
workday,nshe.wd1.myworkdayjobs.com|nshe|DRI-External,common crawl
workday,nshe.wd1.myworkdayjobs.com|nshe|GBC-external,common crawl
workday,nshe.wd1.myworkdayjobs.com|nshe|NSHE-external,common crawl
workday,nshe.wd1.myworkdayjobs.com|nshe|NSU-external,common crawl
workday,nshe.wd1.myworkdayjobs.com|nshe|TMCC-External,common crawl
workday,nshe.wd1.myworkdayjobs.com|nshe|UNLV-External,common crawl
workday,nshe.wd1.myworkdayjobs.com|nshe|UNR-external,common crawl
workday,nshe.wd1.myworkdayjobs.com|nshe|WNC-External,common crawl
workday,nshe.wd1.myworkdayjobs.com|nshe|WNC-waiver,common crawl
workday,nshe.wd1.myworkdayjobs.com|nshe|csn-external,common crawl
workday,nshe.wd1.myworkdayjobs.com|nshe|unlv-external,common crawl
workday,nshe.wd1.myworkdayjobs.com|nshe|unr-external,common crawl
workday,nshs.wd1.myworkdayjobs.com|nshs|ns-eeh,common crawl
workday,ntrs.wd1.myworkdayjobs.com|ntrs|northerntrust,common crawl
workday,ntrs.wd1.myworkdayjobs.com|ntrs|ntcampus,common crawl
workday,ntst.wd1.myworkdayjobs.com|ntst|careers,companies.csv
workday,ntta.wd108.myworkdayjobs.com|ntta|NTTA_Careers,common crawl
workday,nttlimited.wd3.myworkdayjobs.com|nttlimited|NTT_Careers,common crawl
workday,nttlimited.wd3.myworkdayjobs.com|nttlimited|internal_employees_not_on_workday,common crawl
workday,nttlimited.wd3.myworkdayjobs.com|nttlimited|ntt_careers,common crawl
workday,ntu.wd3.myworkdayjobs.com|ntu|Careers,common crawl
workday,ntu.wd3.myworkdayjobs.com|ntu|careers,common crawl
workday,nuecesco.wd5.myworkdayjobs.com|nuecesco|External,common crawl
workday,nus.wd1.myworkdayjobs.com|nus|Academies,common crawl
workday,nus.wd1.myworkdayjobs.com|nus|Careers,common crawl
workday,nus.wd1.myworkdayjobs.com|nus|careers,common crawl
workday,nutreco.wd3.myworkdayjobs.com|nutreco|Nutreco_External,common crawl
workday,nvent.wd5.myworkdayjobs.com|nvent|nVent,common crawl
workday,nvent.wd5.myworkdayjobs.com|nvent|nvent,common crawl
workday,nvidia.wd5.myworkdayjobs.com|nvidia|NVIDIAExternalCareerSite,common crawl
workday,nvidia.wd5.myworkdayjobs.com|nvidia|nvidiaexternalcareersite,common crawl
workday,nwis.wd12.myworkdayjobs.com|nwis|NW,companies.csv
workday,nxp.wd3.myworkdayjobs.com|nxp|careers,common crawl
workday,nycsca.wd1.myworkdayjobs.com|nycsca|External_Career_Site,common crawl
workday,nycsca.wd1.myworkdayjobs.com|nycsca|High_School_Interns,common crawl
workday,nyp.wd1.myworkdayjobs.com|nyp|GSH_Careers,common crawl
workday,nyp.wd1.myworkdayjobs.com|nyp|nypcareers,common crawl
workday,nytimes.wd5.myworkdayjobs.com|nytimes|Intern-NR,common crawl
workday,nytimes.wd5.myworkdayjobs.com|nytimes|NYT,common crawl
workday,nytimes.wd5.myworkdayjobs.com|nytimes|News,common crawl
workday,nytimes.wd5.myworkdayjobs.com|nytimes|Tech,common crawl
workday,nytimes.wd5.myworkdayjobs.com|nytimes|The_Athletic,common crawl
workday,nytimes.wd5.myworkdayjobs.com|nytimes|Wirecutter,common crawl
workday,nytimes.wd5.myworkdayjobs.com|nytimes|fellowship,common crawl
workday,nyuhs.wd12.myworkdayjobs.com|nyuhs|nyuhscareers1,common crawl
workday,o9solutions.wd5.myworkdayjobs.com|o9solutions|o9SolutionsExternal,common crawl
workday,oakgov.wd5.myworkdayjobs.com|oakgov|careers,common crawl
workday,oanda.wd10.myworkdayjobs.com|oanda|External,common crawl
workday,obama.wd5.myworkdayjobs.com|obama|Careers,common crawl
workday,ocbc.wd102.myworkdayjobs.com|ocbc|External,common crawl
workday,ocbc.wd102.myworkdayjobs.com|ocbc|external,common crawl
workday,oceanspray.wd5.myworkdayjobs.com|oceanspray|OceanSprayJobs,common crawl
workday,oceanspray.wd5.myworkdayjobs.com|oceanspray|oceansprayjobs,common crawl
workday,ochsner.wd1.myworkdayjobs.com|ochsner|Ochsner,common crawl
workday,ochsner.wd1.myworkdayjobs.com|ochsner|OchsnerLSUHealthSystemNL,common crawl
workday,ochsner.wd1.myworkdayjobs.com|ochsner|OchsnerPhysician,common crawl
workday,ochsner.wd1.myworkdayjobs.com|ochsner|ochsner,common crawl
workday,oclc.wd1.myworkdayjobs.com|oclc|OCLC_Careers,companies.csv
workday,odfl.wd1.myworkdayjobs.com|odfl|ODFL_Careers,common crawl
workday,odl.wd5.myworkdayjobs.com|odl|robover,common crawl
workday,ofcom.wd3.myworkdayjobs.com|ofcom|Ofcom_Careers,common crawl
workday,oh.wd3.myworkdayjobs.com|oh|OH,companies.csv
workday,okgov.wd1.myworkdayjobs.com|okgov|okgovjobs,common crawl
workday,okgov.wd1.myworkdayjobs.com|okgov|okgovjobsOK,common crawl
workday,oldmutual.wd3.myworkdayjobs.com|oldmutual|Old_Mutual_Careers,common crawl
workday,oldmutual.wd3.myworkdayjobs.com|oldmutual|Old_Mutual_Early_Careers,common crawl
workday,olemiss.wd12.myworkdayjobs.com|olemiss|External__Faculty,common crawl
workday,olemiss.wd12.myworkdayjobs.com|olemiss|External__Staff,common crawl
workday,olg.wd3.myworkdayjobs.com|olg|Careers-Students,companies.csv
workday,omers.wd3.myworkdayjobs.com|omers|omers_external,companies.csv
workday,omya.wd3.myworkdayjobs.com|omya|Omya,common crawl
workday,onehealthineers.wd3.myworkdayjobs.com|onehealthineers|SHSJB,common crawl
workday,onehealthineers.wd3.myworkdayjobs.com|onehealthineers|ijmhrms,common crawl
workday,onehealthineers.wd3.myworkdayjobs.com|onehealthineers|shsjb,common crawl
workday,onelineage.wd1.myworkdayjobs.com|onelineage|External,common crawl
workday,onelineage.wd1.myworkdayjobs.com|onelineage|external,common crawl
workday,oneok.wd1.myworkdayjobs.com|oneok|ONEOK,common crawl
workday,oneok.wd1.myworkdayjobs.com|oneok|ONEOK_Early_Careers,companies.csv
workday,oneok.wd1.myworkdayjobs.com|oneok|oneok,common crawl
workday,oneoncology.wd1.myworkdayjobs.com|oneoncology|ABCS,common crawl
workday,oneoncology.wd1.myworkdayjobs.com|oneoncology|Astera,common crawl
workday,oneoncology.wd1.myworkdayjobs.com|oneoncology|BEACON,common crawl
workday,oneoncology.wd1.myworkdayjobs.com|oneoncology|CCBD,common crawl
workday,oneoncology.wd1.myworkdayjobs.com|oneoncology|CCC,common crawl
workday,oneoncology.wd1.myworkdayjobs.com|oneoncology|CCI,common crawl
workday,oneoncology.wd1.myworkdayjobs.com|oneoncology|CHC,common crawl
workday,oneoncology.wd1.myworkdayjobs.com|oneoncology|COS,common crawl
workday,oneoncology.wd1.myworkdayjobs.com|oneoncology|ECHO,common crawl
workday,oneoncology.wd1.myworkdayjobs.com|oneoncology|MFCC,common crawl
workday,oneoncology.wd1.myworkdayjobs.com|oneoncology|MOASD,common crawl
workday,oneoncology.wd1.myworkdayjobs.com|oneoncology|NYCBS,common crawl
workday,oneoncology.wd1.myworkdayjobs.com|oneoncology|NYH,common crawl
workday,oneoncology.wd1.myworkdayjobs.com|oneoncology|NYI,common crawl
workday,oneoncology.wd1.myworkdayjobs.com|oneoncology|NYOH,common crawl
workday,oneoncology.wd1.myworkdayjobs.com|oneoncology|OneOncology,common crawl
workday,oneoncology.wd1.myworkdayjobs.com|oneoncology|PCI,common crawl
workday,oneoncology.wd1.myworkdayjobs.com|oneoncology|RHO,common crawl
workday,oneoncology.wd1.myworkdayjobs.com|oneoncology|SMOC,common crawl
workday,oneoncology.wd1.myworkdayjobs.com|oneoncology|START,common crawl
workday,oneoncology.wd1.myworkdayjobs.com|oneoncology|TSC,common crawl
workday,oneoncology.wd1.myworkdayjobs.com|oneoncology|UUG,common crawl
workday,onetp.wd1.myworkdayjobs.com|onetp|Teleperformance,common crawl
workday,onni.wd10.myworkdayjobs.com|onni|CapWest_External_Careers,common crawl
workday,onni.wd10.myworkdayjobs.com|onni|Onni_External_Careers,common crawl
workday,ont.wd5.myworkdayjobs.com|ont|External,common crawl
workday,onterris.wd1.myworkdayjobs.com|onterris|ont,common crawl
workday,onto.wd1.myworkdayjobs.com|onto|onto_careers,companies.csv
workday,onvo.wd108.myworkdayjobs.com|onvo|onvocareers,common crawl
workday,optioncare.wd1.myworkdayjobs.com|optioncare|NavenHealth,common crawl
workday,optioncare.wd1.myworkdayjobs.com|optioncare|OptionCare,common crawl
workday,optioncare.wd1.myworkdayjobs.com|optioncare|optioncare,common crawl
workday,optiva.wd3.myworkdayjobs.com|optiva|Qvantel_external_career_site,common crawl
workday,oregon.wd5.myworkdayjobs.com|oregon|Boards,common crawl
workday,oregon.wd5.myworkdayjobs.com|oregon|SOR_External_Career_Site,common crawl
workday,oregon.wd5.myworkdayjobs.com|oregon|sor_external_career_site,common crawl
workday,oreillyauto.wd1.myworkdayjobs.com|oreillyauto|oreilly,common crawl
workday,organon.wd5.myworkdayjobs.com|organon|SearchJobs,common crawl
workday,orionsteel.wd5.myworkdayjobs.com|orionsteel|externalcareers,common crawl
workday,osfglobal.wd5.myworkdayjobs.com|osfglobal|OSF,common crawl
workday,oshkoshcorporation.wd5.myworkdayjobs.com|oshkoshcorporation|Oshkosh,common crawl
workday,oshkoshcorporation.wd5.myworkdayjobs.com|oshkoshcorporation|oshkosh,common crawl
workday,osu.wd1.myworkdayjobs.com|osu|OSUCareers,common crawl
workday,osu.wd1.myworkdayjobs.com|osu|osucareers,common crawl
workday,osv-amerisure.wd5.myworkdayjobs.com|osv-amerisure|Amerisure,common crawl
workday,osv-chegg.wd5.myworkdayjobs.com|osv-chegg|Busuu,common crawl
workday,osv-chegg.wd5.myworkdayjobs.com|osv-chegg|Chegg,common crawl
workday,osv-chegg.wd5.myworkdayjobs.com|osv-chegg|USA,common crawl
workday,osv-rtr.wd5.myworkdayjobs.com|osv-rtr|RoomToRead,common crawl
workday,osv-rubicon.wd5.myworkdayjobs.com|osv-rubicon|MagniteCareers,common crawl
workday,osv-tifec.wd5.myworkdayjobs.com|osv-tifec|Excolo,common crawl
workday,osv-tifec.wd5.myworkdayjobs.com|osv-tifec|FanThreeSixty,common crawl
workday,osv-tifec.wd5.myworkdayjobs.com|osv-tifec|SportingKC,common crawl
workday,osv-tifec.wd5.myworkdayjobs.com|osv-tifec|TridentVentures,common crawl
workday,osv-tifec.wd5.myworkdayjobs.com|osv-tifec|sportingkc,common crawl
workday,otis.wd5.myworkdayjobs.com|otis|REC_Ext_Gateway,common crawl
workday,otppb.wd3.myworkdayjobs.com|otppb|OntarioTeachers_Careers,companies.csv
workday,oumedicine.wd5.myworkdayjobs.com|oumedicine|OUHealthCareers,common crawl
workday,oumedicine.wd5.myworkdayjobs.com|oumedicine|ouhealthcareers,common crawl
workday,ouryahoo.wd5.myworkdayjobs.com|ouryahoo|careers,common crawl
workday,overlakemedicalcenter.wd5.myworkdayjobs.com|overlakemedicalcenter|Overlake_External_Career_Site,common crawl
workday,ovintiv.wd3.myworkdayjobs.com|ovintiv|ovintivcareers,companies.csv
workday,owens.wd1.myworkdayjobs.com|owens|OCC,common crawl
workday,oxford.wd5.myworkdayjobs.com|oxford|JackRogers,common crawl
workday,oxford.wd5.myworkdayjobs.com|oxford|JohnnyWas,common crawl
workday,oxford.wd5.myworkdayjobs.com|oxford|LillyPulitzer,common crawl
workday,oxford.wd5.myworkdayjobs.com|oxford|SouthernTide,common crawl
workday,oxford.wd5.myworkdayjobs.com|oxford|Southerntide,common crawl
workday,oxford.wd5.myworkdayjobs.com|oxford|TommyBahamaUS,common crawl
workday,oxfordcorp.wd108.myworkdayjobs.com|oxfordcorp|Oxford_Careers,common crawl
workday,oxy.wd5.myworkdayjobs.com|oxy|Corporate,companies.csv
workday,oxy.wd5.myworkdayjobs.com|oxy|UniversityRelations,companies.csv
workday,pacbio.wd12.myworkdayjobs.com|pacbio|PacBio-,common crawl
workday,pacs.wd1.myworkdayjobs.com|pacs|pacs,common crawl
workday,pacs.wd108.myworkdayjobs.com|pacs|pacs,common crawl
workday,pae.wd1.myworkdayjobs.com|pae|Amentum_Careers,common crawl
workday,pae.wd1.myworkdayjobs.com|pae|PAE_Careers,common crawl
workday,pae.wd1.myworkdayjobs.com|pae|amentum_careers,common crawl
workday,palmbeachstate.wd1.myworkdayjobs.com|palmbeachstate|external,common crawl
workday,paloaltonetworks.wd5.myworkdayjobs.com|paloaltonetworks|panwexternalcareers,companies.csv
workday,papajohns.wd1.myworkdayjobs.com|papajohns|papajohnscareers,companies.csv
workday,papedawson.wd12.myworkdayjobs.com|papedawson|PDE,common crawl
workday,papedawson.wd12.myworkdayjobs.com|papedawson|pde,common crawl
workday,parexel.wd1.myworkdayjobs.com|parexel|Parexel_External_Careers,common crawl
workday,parexel.wd1.myworkdayjobs.com|parexel|parexel_external_careers,common crawl
workday,parsons.wd5.myworkdayjobs.com|parsons|Referral,common crawl
workday,parsons.wd5.myworkdayjobs.com|parsons|Search,common crawl
workday,parsons.wd5.myworkdayjobs.com|parsons|referral,common crawl
workday,parsons.wd5.myworkdayjobs.com|parsons|search,common crawl
workday,path.wd1.myworkdayjobs.com|path|External,common crawl
workday,pattersoncompanies.wd501.myworkdayjobs.com|pattersoncompanies|pdco,companies.csv
workday,pauliggroup.wd3.myworkdayjobs.com|pauliggroup|paulig,common crawl
workday,paypal.wd1.myworkdayjobs.com|paypal|jobs,common crawl
workday,pcaobus.wd1.myworkdayjobs.com|pcaobus|PCAOB,common crawl
workday,pcg.wd1.myworkdayjobs.com|pcg|PCG_External_Careers,common crawl
workday,pcg.wd1.myworkdayjobs.com|pcg|pcg_external_careers,common crawl
workday,pciservices.wd1.myworkdayjobs.com|pciservices|External,common crawl
workday,peak6group.wd1.myworkdayjobs.com|peak6group|apexfintechsolutions,common crawl
workday,peak6group.wd1.myworkdayjobs.com|peak6group|tfig,common crawl
workday,peets.wd12.myworkdayjobs.com|peets|Peets,common crawl
workday,peets.wd12.myworkdayjobs.com|peets|intelligentsia,common crawl
workday,pennant.wd1.myworkdayjobs.com|pennant|AllCountyHHHCareerSite,common crawl
workday,pennant.wd1.myworkdayjobs.com|pennant|BellaTerraHealthCareCareerSite,common crawl
workday,pennant.wd1.myworkdayjobs.com|pennant|CMICareerSite,common crawl
workday,pennant.wd1.myworkdayjobs.com|pennant|ComfortHospiceCareCareerSite,common crawl
workday,pennant.wd1.myworkdayjobs.com|pennant|CornerstoneHomeHealthAndHospiceCareerSite,common crawl
workday,pennant.wd1.myworkdayjobs.com|pennant|HorizonEastHHCareerSite,common crawl
workday,pennant.wd1.myworkdayjobs.com|pennant|HorizonHHCareerSite,common crawl
workday,pennant.wd1.myworkdayjobs.com|pennant|HospiceoftheSouthPlainsCareerSite,common crawl
workday,pennant.wd1.myworkdayjobs.com|pennant|LexingtonALCareerSite,common crawl
workday,pennant.wd1.myworkdayjobs.com|pennant|ManitoHomeHealth,common crawl
workday,pennant.wd1.myworkdayjobs.com|pennant|MountainViewRetirementVillageCareerSite,common crawl
workday,pennant.wd1.myworkdayjobs.com|pennant|Namaste-HealthCareerSite,common crawl
workday,pennant.wd1.myworkdayjobs.com|pennant|ParkPlaceALCareerSite,common crawl
workday,pennant.wd1.myworkdayjobs.com|pennant|PennantServicesCareerSite,common crawl
workday,pennant.wd1.myworkdayjobs.com|pennant|PinnacleSeniorLivingCareCareerSite,common crawl
workday,pennant.wd1.myworkdayjobs.com|pennant|SynergySharedServices,common crawl
workday,pennant.wd1.myworkdayjobs.com|pennant|excellhomecareandhospicecareersite,common crawl
workday,penncolor.wd5.myworkdayjobs.com|penncolor|Penn-Environmental-Remediation,common crawl
workday,pennmutual.wd1.myworkdayjobs.com|pennmutual|_penn-careers,common crawl
workday,peoplecorporation.wd10.myworkdayjobs.com|peoplecorporation|People_Corporation,common crawl
workday,peoplecorporation.wd10.myworkdayjobs.com|peoplecorporation|people_corporation,common crawl
workday,pernodricard.wd3.myworkdayjobs.com|pernodricard|pernod-ricard,common crawl
workday,pewtrusts.wd5.myworkdayjobs.com|pewtrusts|CenterExternal,common crawl
workday,pewtrusts.wd5.myworkdayjobs.com|pewtrusts|CenterInternships,common crawl
workday,pewtrusts.wd5.myworkdayjobs.com|pewtrusts|TrustsExternal,common crawl
workday,pfg.wd3.myworkdayjobs.com|pfg|PFGCareers,common crawl
workday,pfg.wd3.myworkdayjobs.com|pfg|QFCareers,common crawl
workday,pfg.wd3.myworkdayjobs.com|pfg|SaveonfoodsCareers,common crawl
workday,pfizer.wd1.myworkdayjobs.com|pfizer|PfizerCareers,common crawl
workday,pfizer.wd1.myworkdayjobs.com|pfizer|internaljobs,common crawl
workday,pfizer.wd1.myworkdayjobs.com|pfizer|pfizercareers,common crawl
workday,pg.wd5.myworkdayjobs.com|pg|1000,common crawl
workday,pgatour.wd5.myworkdayjobs.com|pgatour|PGATOURExternal,common crawl
workday,pgatour.wd5.myworkdayjobs.com|pgatour|TPCExternal,common crawl
workday,phcgroup.wd3.myworkdayjobs.com|phcgroup|Ascensia_Careers,common crawl
workday,phcgroup.wd3.myworkdayjobs.com|phcgroup|Epredia_Careers,common crawl
workday,phcgroup.wd3.myworkdayjobs.com|phcgroup|epredia_careers,common crawl
workday,phcgroup.wd3.myworkdayjobs.com|phcgroup|scimed_careers,common crawl
workday,philips.wd3.myworkdayjobs.com|philips|jobs-and-careers,common crawl
workday,phinia.wd5.myworkdayjobs.com|phinia|PHINIA_Careers,companies.csv
workday,phreesia.wd1.myworkdayjobs.com|phreesia|Phreesia,common crawl
workday,phreesia.wd1.myworkdayjobs.com|phreesia|PhreesiaCanada,common crawl
workday,phreesia.wd1.myworkdayjobs.com|phreesia|PhreesiaIndia,common crawl
workday,picknpay.wd3.myworkdayjobs.com|picknpay|PNP_Careers,common crawl
workday,pierrefabre.wd3.myworkdayjobs.com|pierrefabre|External_Career_Site,common crawl
workday,pillsburylaw.wd5.myworkdayjobs.com|pillsburylaw|External,common crawl
workday,pillsburylaw.wd5.myworkdayjobs.com|pillsburylaw|external,common crawl
workday,pimacounty.wd5.myworkdayjobs.com|pimacounty|pimacareers,common crawl
workday,pimco.wd1.myworkdayjobs.com|pimco|pimco-careers,common crawl
workday,pipersandler.wd501.myworkdayjobs.com|pipersandler|Piper_Sandler_Careers,companies.csv
workday,pitneybowes.wd1.myworkdayjobs.com|pitneybowes|PBCareers,common crawl
workday,pitneybowes.wd1.myworkdayjobs.com|pitneybowes|pbcareers,common crawl
workday,pixar.wd5.myworkdayjobs.com|pixar|Pixar_External_Career_Site,common crawl
workday,plains.wd1.myworkdayjobs.com|plains|Plains,common crawl
workday,plains.wd1.myworkdayjobs.com|plains|plains,common crawl
workday,plastipak.wd1.myworkdayjobs.com|plastipak|Plastipak,companies.csv
workday,plugpower.wd5.myworkdayjobs.com|plugpower|Plug_Power_Inc,common crawl
workday,pluralsight.wd1.myworkdayjobs.com|pluralsight|Careers,common crawl
workday,pluralsight.wd1.myworkdayjobs.com|pluralsight|careers,common crawl
workday,pnc.wd5.myworkdayjobs.com|pnc|External,common crawl
workday,pnc.wd5.myworkdayjobs.com|pnc|HarrisWilliams,common crawl
workday,pnc.wd5.myworkdayjobs.com|pnc|external,common crawl
workday,poet.wd1.myworkdayjobs.com|poet|POET,common crawl
workday,pointloma.wd1.myworkdayjobs.com|pointloma|PLNUCareers,common crawl
workday,pointquestgroup.wd108.myworkdayjobs.com|pointquestgroup|Nyman_Careers,common crawl
workday,pointquestgroup.wd108.myworkdayjobs.com|pointquestgroup|careerspointquestgroup,common crawl
workday,polaris.wd5.myworkdayjobs.com|polaris|PolarisJobs,companies.csv
workday,polarsemi.wd501.myworkdayjobs.com|polarsemi|Polar,companies.csv
workday,politico.wd108.myworkdayjobs.com|politico|POLITICO,common crawl
workday,politico.wd108.myworkdayjobs.com|politico|POLITICOEU,common crawl
workday,politico.wd108.myworkdayjobs.com|politico|politico,common crawl
workday,polycom.wd1.myworkdayjobs.com|polycom|External,common crawl
workday,ponsse.wd3.myworkdayjobs.com|ponsse|EpecCareers,common crawl
workday,ponsse.wd3.myworkdayjobs.com|ponsse|PonsseCareers,common crawl
workday,ponsse.wd3.myworkdayjobs.com|ponsse|es,common crawl
workday,porch.wd1.myworkdayjobs.com|porch|careers,common crawl
workday,portagemutual.wd10.myworkdayjobs.com|portagemutual|External_Site,common crawl
workday,portlandcc.wd12.myworkdayjobs.com|portlandcc|External,common crawl
workday,posti.wd3.myworkdayjobs.com|posti|aditro_external,common crawl
workday,posti.wd3.myworkdayjobs.com|posti|baltics_external,common crawl
workday,posti.wd3.myworkdayjobs.com|posti|external,common crawl
workday,powdr.wd12.myworkdayjobs.com|powdr|POWDR_Careers,common crawl
workday,powdr.wd12.myworkdayjobs.com|powdr|powdr_careers,common crawl
workday,premera.wd5.myworkdayjobs.com|premera|premera,companies.csv
workday,premierinc.wd1.myworkdayjobs.com|premierinc|External_Professional,common crawl
workday,premierinc.wd1.myworkdayjobs.com|premierinc|external_professional,common crawl
workday,pressganey.wd1.myworkdayjobs.com|pressganey|Careers,common crawl
workday,pressganey.wd1.myworkdayjobs.com|pressganey|careers,common crawl
workday,pretiumenterpriseservices.wd1.myworkdayjobs.com|pretiumenterpriseservices|Deephaven,common crawl
workday,pretiumenterpriseservices.wd1.myworkdayjobs.com|pretiumenterpriseservices|PR,common crawl
workday,pretiumenterpriseservices.wd1.myworkdayjobs.com|pretiumenterpriseservices|Selene,common crawl
workday,priceline.wd1.myworkdayjobs.com|priceline|BookingHoldings,common crawl
workday,priceline.wd1.myworkdayjobs.com|priceline|Priceline,common crawl
workday,primed.wd1.myworkdayjobs.com|primed|PriMed,common crawl
workday,primerica.wd1.myworkdayjobs.com|primerica|pri,companies.csv
workday,primetherapeutics.wd1.myworkdayjobs.com|primetherapeutics|PrimeTherapeuticsCareers,common crawl
workday,primetherapeutics.wd1.myworkdayjobs.com|primetherapeutics|primetherapeuticscareers,common crawl
workday,printpack.wd1.myworkdayjobs.com|printpack|printpackcareers,common crawl
workday,proceptbiorobotics.wd108.myworkdayjobs.com|proceptbiorobotics|PROCEPT,common crawl
workday,progleasing.wd5.myworkdayjobs.com|progleasing|ProgLeasingCareers,common crawl
workday,progleasing.wd5.myworkdayjobs.com|progleasing|progleasingcareers,common crawl
workday,progleasing.wd5.myworkdayjobs.com|progleasing|vivecardcareers,common crawl
workday,progyny.wd5.myworkdayjobs.com|progyny|progyny,common crawl
workday,prologis.wd5.myworkdayjobs.com|prologis|Prologis_External_Careers,common crawl
workday,promutuel.wd3.myworkdayjobs.com|promutuel|promutuel_carrieres,common crawl
workday,proofpoint.wd5.myworkdayjobs.com|proofpoint|ProofpointCareers,common crawl
workday,proofpoint.wd5.myworkdayjobs.com|proofpoint|proofpointcareers,common crawl
workday,propharmagroup.wd1.myworkdayjobs.com|propharmagroup|ppgcareers,companies.csv
workday,pru.wd5.myworkdayjobs.com|pru|Careers,common crawl
workday,pru.wd5.myworkdayjobs.com|pru|PGIM_Careers,common crawl
workday,pru.wd5.myworkdayjobs.com|pru|careers,common crawl
workday,prudential.wd3.myworkdayjobs.com|prudential|prudential,common crawl
workday,prudential.wd3.myworkdayjobs.com|prudential|prudential_eastspring,common crawl
workday,prysmiangroup.wd3.myworkdayjobs.com|prysmiangroup|Careers,common crawl
workday,prysmiangroup.wd3.myworkdayjobs.com|prysmiangroup|careers,companies.csv
workday,psecu.wd12.myworkdayjobs.com|psecu|PSECU,companies.csv
workday,psu.wd1.myworkdayjobs.com|psu|PSU_Academic,common crawl
workday,psu.wd1.myworkdayjobs.com|psu|PSU_Staff,common crawl
workday,psu.wd1.myworkdayjobs.com|psu|psu_academic,common crawl
workday,psu.wd1.myworkdayjobs.com|psu|psu_staff,common crawl
workday,ptc.wd1.myworkdayjobs.com|ptc|PTC,common crawl
workday,ptc.wd1.myworkdayjobs.com|ptc|ptc,common crawl
workday,puma.wd3.myworkdayjobs.com|puma|Jobs_at_Puma,common crawl
workday,puma.wd3.myworkdayjobs.com|puma|Work_at_stichd,common crawl
workday,pureinsurance.wd5.myworkdayjobs.com|pureinsurance|PURE,common crawl
workday,pureinsurance.wd5.myworkdayjobs.com|pureinsurance|pure,common crawl
workday,pvh.wd1.myworkdayjobs.com|pvh|PVH_Careers,common crawl
workday,pwc.wd3.myworkdayjobs.com|pwc|Global_Campus_Careers,common crawl
workday,pwc.wd3.myworkdayjobs.com|pwc|Global_Experienced_Careers,common crawl
workday,pwc.wd3.myworkdayjobs.com|pwc|US_Entry_Level_Careers,common crawl
workday,pwc.wd3.myworkdayjobs.com|pwc|US_Experienced_Careers,common crawl
workday,pwc.wd3.myworkdayjobs.com|pwc|crm_experienced_careers_site,common crawl
workday,pwc.wd3.myworkdayjobs.com|pwc|es,common crawl
workday,pwc.wd3.myworkdayjobs.com|pwc|global_campus_careers,common crawl
workday,pwc.wd3.myworkdayjobs.com|pwc|global_experienced_careers,common crawl
workday,pwc.wd3.myworkdayjobs.com|pwc|us_experienced_careers,common crawl
workday,pzcussons.wd3.myworkdayjobs.com|pzcussons|CareersPZCussons,common crawl
workday,q2ebanking.wd5.myworkdayjobs.com|q2ebanking|Q2,common crawl
workday,qbe.wd3.myworkdayjobs.com|qbe|QBE-Careers,common crawl
workday,qbe.wd3.myworkdayjobs.com|qbe|qbe-careers,common crawl
workday,qtsdatacenters.wd5.myworkdayjobs.com|qtsdatacenters|qts,companies.csv
workday,quadient.wd3.myworkdayjobs.com|quadient|External_Career_Site,common crawl
workday,quadreal.wd10.myworkdayjobs.com|quadreal|Parkbridge,common crawl
workday,quadreal.wd10.myworkdayjobs.com|quadreal|QuadReal,common crawl
workday,quadreal.wd10.myworkdayjobs.com|quadreal|quadreal,common crawl
workday,qualcomm.wd5.myworkdayjobs.com|qualcomm|External,common crawl
workday,quickenloans.wd5.myworkdayjobs.com|quickenloans|rocket_careers,common crawl
workday,quilter.wd3.myworkdayjobs.com|quilter|External-Career-Site,common crawl
workday,qvc.wd5.myworkdayjobs.com|qvc|QRG,common crawl
workday,qvc.wd5.myworkdayjobs.com|qvc|QVCEurope,common crawl
workday,qvc.wd5.myworkdayjobs.com|qvc|qrg,common crawl
workday,r1rcm.wd1.myworkdayjobs.com|r1rcm|R1RCM,common crawl
workday,r1rcm.wd1.myworkdayjobs.com|r1rcm|r1rcm,common crawl
workday,rackspace.wd1.myworkdayjobs.com|rackspace|External,common crawl
workday,rackspace.wd1.myworkdayjobs.com|rackspace|external,common crawl
workday,radiancetech.wd12.myworkdayjobs.com|radiancetech|Radiance_External,companies.csv
workday,raiffeisen.wd3.myworkdayjobs.com|raiffeisen|jobs-raiffeisen,common crawl
workday,rakuten.wd1.myworkdayjobs.com|rakuten|Cartera,common crawl
workday,rakuten.wd1.myworkdayjobs.com|rakuten|Kobo,common crawl
workday,rakuten.wd1.myworkdayjobs.com|rakuten|KonMari,common crawl
workday,rakuten.wd1.myworkdayjobs.com|rakuten|RakutenAdvertising,common crawl
workday,rakuten.wd1.myworkdayjobs.com|rakuten|RakutenAmericas,common crawl
workday,rakuten.wd1.myworkdayjobs.com|rakuten|RakutenAsia,common crawl
workday,rakuten.wd1.myworkdayjobs.com|rakuten|RakutenEurope,common crawl
workday,rakuten.wd1.myworkdayjobs.com|rakuten|RakutenInc,common crawl
workday,rakuten.wd1.myworkdayjobs.com|rakuten|RakutenMobile,common crawl
workday,rakuten.wd1.myworkdayjobs.com|rakuten|RakutenPayment,common crawl
workday,rakuten.wd1.myworkdayjobs.com|rakuten|RakutenRewards,common crawl
workday,rakuten.wd1.myworkdayjobs.com|rakuten|RakutenTV,common crawl
workday,rakuten.wd1.myworkdayjobs.com|rakuten|RakutenTravelXchange,common crawl
workday,rakuten.wd1.myworkdayjobs.com|rakuten|RakutenVikiSingapore,common crawl
workday,rakuten.wd1.myworkdayjobs.com|rakuten|es,common crawl
workday,rakuten.wd1.myworkdayjobs.com|rakuten|rakutenasia,common crawl
workday,rakuten.wd1.myworkdayjobs.com|rakuten|rakuteninc,common crawl
workday,rand.wd5.myworkdayjobs.com|rand|External_Career_Site,common crawl
workday,rangersmlb.wd5.myworkdayjobs.com|rangersmlb|Rangers,companies.csv
workday,rappi.wd12.myworkdayjobs.com|rappi|Rappi_jobs,common crawl
workday,rappi.wd12.myworkdayjobs.com|rappi|es,common crawl
workday,rate.wd108.myworkdayjobs.com|rate|Guaranteed_Rate_Inc_External,common crawl
workday,ratp.wd3.myworkdayjobs.com|ratp|RATP_Externe,common crawl
workday,raymondjames.wd1.myworkdayjobs.com|raymondjames|RaymondJamesCareers,common crawl
workday,raymondjames.wd1.myworkdayjobs.com|raymondjames|RaymondJamesEarlyCareers,common crawl
workday,razer.wd3.myworkdayjobs.com|razer|Careers,common crawl
workday,rb.wd5.myworkdayjobs.com|rb|FRS,common crawl
workday,rb.wd5.myworkdayjobs.com|rb|frs,common crawl
workday,rbc.wd3.myworkdayjobs.com|rbc|RBCEARLYTALENT1,common crawl
workday,rbc.wd3.myworkdayjobs.com|rbc|RBCGLOBAL1,common crawl
workday,rbc.wd3.myworkdayjobs.com|rbc|rbcglobal1,common crawl
workday,rbi.wd3.myworkdayjobs.com|rbi|RBI_External_Career_Site,common crawl
workday,rbnz.wd3.myworkdayjobs.com|rbnz|RBNZ,common crawl
workday,rbs.wd3.myworkdayjobs.com|rbs|rbs,companies.csv
workday,reagroup.wd3.myworkdayjobs.com|reagroup|graduates,common crawl
workday,reagroup.wd3.myworkdayjobs.com|reagroup|operations,common crawl
workday,reagroup.wd3.myworkdayjobs.com|reagroup|productdesign,common crawl
workday,reagroup.wd3.myworkdayjobs.com|reagroup|reacareers,common crawl
workday,reagroup.wd3.myworkdayjobs.com|reagroup|salesmarketing,common crawl
workday,reagroup.wd3.myworkdayjobs.com|reagroup|springboardtotech,common crawl
workday,reagroup.wd3.myworkdayjobs.com|reagroup|techdata,common crawl
workday,realtyincome.wd108.myworkdayjobs.com|realtyincome|realty_income_careers,companies.csv
workday,recar.wd108.myworkdayjobs.com|recar|SLATEcareers,common crawl
workday,recoveryfocus.wd3.myworkdayjobs.com|recoveryfocus|Recovery_Focus_Careers,common crawl
workday,redaptive.wd12.myworkdayjobs.com|redaptive|Redaptive-Careers,common crawl
workday,redbulltechnology.wd3.myworkdayjobs.com|redbulltechnology|RB_Powertrains,common crawl
workday,redbulltechnology.wd3.myworkdayjobs.com|redbulltechnology|RB_Racing,common crawl
workday,reddyice.wd5.myworkdayjobs.com|reddyice|ReddyIceExternal,common crawl
workday,reddyice.wd5.myworkdayjobs.com|reddyice|reddyiceexternal,common crawl
workday,redhat.wd5.myworkdayjobs.com|redhat|Jobs,common crawl
workday,redhat.wd5.myworkdayjobs.com|redhat|jobs,common crawl
workday,reed.wd3.myworkdayjobs.com|reed|reed_in_partnership_careers,common crawl
workday,reed.wd3.myworkdayjobs.com|reed|reed_specialist_recruitment_careers,common crawl
workday,refinitiv.wd3.myworkdayjobs.com|refinitiv|Careers,common crawl
workday,regalrexnord.wd1.myworkdayjobs.com|regalrexnord|careers,companies.csv
workday,regeneron.wd1.myworkdayjobs.com|regeneron|Careers,common crawl
workday,regeneron.wd1.myworkdayjobs.com|regeneron|careers,common crawl
workday,regeneron.wd1.myworkdayjobs.com|regeneron|es,common crawl
workday,regions.wd5.myworkdayjobs.com|regions|Regions_Careers,common crawl
workday,regions.wd5.myworkdayjobs.com|regions|regions_careers,common crawl
workday,rehlko.wd12.myworkdayjobs.com|rehlko|Reh,common crawl
workday,rehlko.wd12.myworkdayjobs.com|rehlko|reh,common crawl
workday,rehmann.wd108.myworkdayjobs.com|rehmann|Rehmann_External_Career_Site,common crawl
workday,relx.wd3.myworkdayjobs.com|relx|ElsevierJobs,common crawl
workday,relx.wd3.myworkdayjobs.com|relx|Law360,common crawl
workday,relx.wd3.myworkdayjobs.com|relx|LexisNexisLegal,common crawl
workday,relx.wd3.myworkdayjobs.com|relx|ReedExhibitions,common crawl
workday,relx.wd3.myworkdayjobs.com|relx|ReedTech,common crawl
workday,relx.wd3.myworkdayjobs.com|relx|RiskSolutions,common crawl
workday,relx.wd3.myworkdayjobs.com|relx|elsevierjobs,common crawl
workday,relx.wd3.myworkdayjobs.com|relx|lexisnexislegal,common crawl
workday,relx.wd3.myworkdayjobs.com|relx|relx,common crawl
workday,relx.wd3.myworkdayjobs.com|relx|risksolutions,common crawl
workday,remitly.wd5.myworkdayjobs.com|remitly|Remitly_Careers,common crawl
workday,repligen.wd108.myworkdayjobs.com|repligen|Repligen_Careers,common crawl
workday,repligen.wd108.myworkdayjobs.com|repligen|repligen_careers,common crawl
workday,repsol.wd3.myworkdayjobs.com|repsol|Repsol,common crawl
workday,repsol.wd3.myworkdayjobs.com|repsol|en,common crawl
workday,repsol.wd3.myworkdayjobs.com|repsol|es,common crawl
workday,repsol.wd3.myworkdayjobs.com|repsol|repsol,common crawl
workday,republic.wd5.myworkdayjobs.com|republic|Republic,common crawl
workday,republic.wd5.myworkdayjobs.com|republic|republic,common crawl
workday,reputation.wd1.myworkdayjobs.com|reputation|External,common crawl
workday,reputation.wd1.myworkdayjobs.com|reputation|external,common crawl
workday,resilience.wd1.myworkdayjobs.com|resilience|Resilience_Careers,common crawl
workday,resilience.wd1.myworkdayjobs.com|resilience|resilience_careers,common crawl
workday,resmed.wd3.myworkdayjobs.com|resmed|Brightree_External_Careers,common crawl
workday,resmed.wd3.myworkdayjobs.com|resmed|MatrixCare_External_Careers,common crawl
workday,resmed.wd3.myworkdayjobs.com|resmed|ResMed_External_Careers,common crawl
workday,resmed.wd3.myworkdayjobs.com|resmed|Resmed_External_Careers,common crawl
workday,resmed.wd3.myworkdayjobs.com|resmed|resmed_external_careers,common crawl
workday,resolvetech.wd1.myworkdayjobs.com|resolvetech|rts,companies.csv
workday,revantage.wd1.myworkdayjobs.com|revantage|April_Housing,common crawl
workday,revantage.wd1.myworkdayjobs.com|revantage|Perform,common crawl
workday,revantage.wd1.myworkdayjobs.com|revantage|Revantage,common crawl
workday,revantage.wd1.myworkdayjobs.com|revantage|ShopCore,common crawl
workday,revelyst.wd1.myworkdayjobs.com|revelyst|EXTERNAL_REVELYST,common crawl
workday,revelyst.wd1.myworkdayjobs.com|revelyst|external_revelyst,common crawl
workday,revvity.wd103.myworkdayjobs.com|revvity|External,companies.csv
workday,rfcuny.wd108.myworkdayjobs.com|rfcuny|RFCUNY,common crawl
workday,rgare.wd1.myworkdayjobs.com|rgare|Careers,common crawl
workday,rhahealthservices.wd1.myworkdayjobs.com|rhahealthservices|1,common crawl
workday,rhodes.wd5.myworkdayjobs.com|rhodes|Rhodes_Careers,common crawl
workday,rhsc.wd5.myworkdayjobs.com|rhsc|delta_dental_of_michigan,companies.csv
workday,ri.wd5.myworkdayjobs.com|ri|RI,common crawl
workday,richardson.wd3.myworkdayjobs.com|richardson|Richardson_Our_Careers,common crawl
workday,richemont.wd3.myworkdayjobs.com|richemont|Richemont,common crawl
workday,richemont.wd3.myworkdayjobs.com|richemont|richemont,common crawl
workday,richlandonline.wd5.myworkdayjobs.com|richlandonline|richlandcountygovcareers,common crawl
workday,richmond.wd5.myworkdayjobs.com|richmond|staff_faculty,common crawl
workday,richmond.wd5.myworkdayjobs.com|richmond|student,common crawl
workday,riministreet.wd1.myworkdayjobs.com|riministreet|RiminiStreet,common crawl
workday,ringcentral.wd1.myworkdayjobs.com|ringcentral|RingCentral_Careers,common crawl
workday,ringcentral.wd1.myworkdayjobs.com|ringcentral|ringcentral_careers,common crawl
workday,rit.wd12.myworkdayjobs.com|rit|careers,common crawl
workday,rjet.wd108.myworkdayjobs.com|rjet|External_Career_Site,companies.csv
workday,rmit.wd3.myworkdayjobs.com|rmit|RMIT_Careers,common crawl
workday,robeco.wd3.myworkdayjobs.com|robeco|robecoexternalcareers,common crawl
workday,roberthalf.wd1.myworkdayjobs.com|roberthalf|ProtivitiAPAC,common crawl
workday,roberthalf.wd1.myworkdayjobs.com|roberthalf|ProtivitiExperiencedCareers,common crawl
workday,roberthalf.wd1.myworkdayjobs.com|roberthalf|ProtivitiGraduate,common crawl
workday,roberthalf.wd1.myworkdayjobs.com|roberthalf|ProtivitiNA,common crawl
workday,roberthalf.wd1.myworkdayjobs.com|roberthalf|protivitigraduate,common crawl
workday,roberthalf.wd1.myworkdayjobs.com|roberthalf|roberthalfcareers,companies.csv
workday,roche.wd3.myworkdayjobs.com|roche|ROG-A2O-GENE,common crawl
workday,roche.wd3.myworkdayjobs.com|roche|mysugr-ext,common crawl
workday,roche.wd3.myworkdayjobs.com|roche|roche-ext,common crawl
workday,roche.wd3.myworkdayjobs.com|roche|rog_conf,common crawl
workday,rochester.wd5.myworkdayjobs.com|rochester|UR_Staff,common crawl
workday,rochester.wd5.myworkdayjobs.com|rochester|ur_staff,common crawl
workday,rocket.wd5.myworkdayjobs.com|rocket|rocket_careers,common crawl
workday,rockwellautomation.wd1.myworkdayjobs.com|rockwellautomation|External-Rockwell-Automation-Early-Careers,common crawl
workday,rockwellautomation.wd1.myworkdayjobs.com|rockwellautomation|External_Rockwell_Automation,common crawl
workday,rockwellautomation.wd1.myworkdayjobs.com|rockwellautomation|external_rockwell_automation,common crawl
workday,rockwoolgroup.wd3.myworkdayjobs.com|rockwoolgroup|ROCKWOOL,common crawl
workday,rockwoolgroup.wd3.myworkdayjobs.com|rockwoolgroup|ROCKWOOL_GroupEvergreens,common crawl
workday,rockymountain.wd1.myworkdayjobs.com|rockymountain|RMI,common crawl
workday,rockymountain.wd1.myworkdayjobs.com|rockymountain|rmi,common crawl
workday,rogersbh.wd1.myworkdayjobs.com|rogersbh|RBHCareer,common crawl
workday,roguefitness.wd1.myworkdayjobs.com|roguefitness|RogueFitness_External_Careers,common crawl
workday,rollsroyce.wd3.myworkdayjobs.com|rollsroyce|Apprentice,common crawl
workday,rollsroyce.wd3.myworkdayjobs.com|rollsroyce|Intern_Graduate,common crawl
workday,rollsroyce.wd3.myworkdayjobs.com|rollsroyce|Professional,common crawl
workday,rollsroyce.wd3.myworkdayjobs.com|rollsroyce|professional,common crawl
workday,rollsroyce.wd3.myworkdayjobs.com|rollsroyce|rrpowersystems,common crawl
workday,rollsroyce.wd3.myworkdayjobs.com|rollsroyce|rrpowersystemsapprentice,common crawl
workday,rollsroyce.wd3.myworkdayjobs.com|rollsroyce|rrpowersystemsearlycareer,common crawl
workday,roquette.wd3.myworkdayjobs.com|roquette|External,common crawl
workday,roswellpark.wd5.myworkdayjobs.com|roswellpark|Ext-RP-Faculty-Executive-Careers,common crawl
workday,rothschildandco.wd3.myworkdayjobs.com|rothschildandco|RothschildAndCo_Lateral,common crawl
workday,rothschildandco.wd3.myworkdayjobs.com|rothschildandco|Rothschildandco_Lateral,common crawl
workday,rothschildandco.wd3.myworkdayjobs.com|rothschildandco|rothschildandco_lateral,common crawl
workday,rrhs.wd5.myworkdayjobs.com|rrhs|RRH,common crawl
workday,rsm.wd1.myworkdayjobs.com|rsm|RSMCareers,common crawl
workday,rsm.wd1.myworkdayjobs.com|rsm|rsmcareers,common crawl
workday,rumcsi.wd5.myworkdayjobs.com|rumcsi|RUMC,common crawl
workday,russell.wd5.myworkdayjobs.com|russell|russellinvestments,common crawl
workday,rxo.wd501.myworkdayjobs.com|rxo|rxojobs,companies.csv
workday,ryan.wd1.myworkdayjobs.com|ryan|Students-Graduates,common crawl
workday,ryancompanies.wd5.myworkdayjobs.com|ryancompanies|ryancompanies,companies.csv
workday,ryansg.wd5.myworkdayjobs.com|ryansg|Ryan_Specialty_Career_Site,common crawl
workday,ryansg.wd5.myworkdayjobs.com|ryansg|broadbean_external,common crawl
workday,ryansg.wd5.myworkdayjobs.com|ryansg|ryan_specialty_career_site,common crawl
workday,ryder.wd5.myworkdayjobs.com|ryder|RyderCareers,companies.csv
workday,s2cp.wd5.myworkdayjobs.com|s2cp|fortmanagement,common crawl
workday,s2cp.wd5.myworkdayjobs.com|s2cp|s2capital,common crawl
workday,saabgroup.wd116.myworkdayjobs.com|saabgroup|Combitech_careers,common crawl
workday,saabgroup.wd116.myworkdayjobs.com|saabgroup|Saab_careers,common crawl
workday,saabusa.wd1.myworkdayjobs.com|saabusa|saab_careers,companies.csv
workday,sabre.wd1.myworkdayjobs.com|sabre|SabreJobs,common crawl
workday,sailpoint.wd1.myworkdayjobs.com|sailpoint|SailPoint,common crawl
workday,sailpoint.wd1.myworkdayjobs.com|sailpoint|sailpoint,common crawl
workday,saintfrancis.wd1.myworkdayjobs.com|saintfrancis|External,common crawl
workday,saintfrancis.wd115.myworkdayjobs.com|saintfrancis|External,common crawl
workday,saintleo.wd503.myworkdayjobs.com|saintleo|SLU,companies.csv
workday,salesforce.wd1.myworkdayjobs.com|salesforce|External_Career_Site,common crawl
workday,salesforce.wd12.myworkdayjobs.com|salesforce|External_Career_Site,common crawl
workday,salesforce.wd12.myworkdayjobs.com|salesforce|Slack,common crawl
workday,salesforce.wd12.myworkdayjobs.com|salesforce|external_career_site,common crawl
workday,salesforce.wd12.myworkdayjobs.com|salesforce|slack,common crawl
workday,salvationarmyca.wd3.myworkdayjobs.com|salvationarmyca|tsacb,common crawl
workday,samuelmerritt.wd1.myworkdayjobs.com|samuelmerritt|SMUCareers,common crawl
workday,sandvik.wd3.myworkdayjobs.com|sandvik|coromant-jobs,common crawl
workday,sandvik.wd3.myworkdayjobs.com|sandvik|gibbscam-jobs,common crawl
workday,sandvik.wd3.myworkdayjobs.com|sandvik|sandvik-jobs,common crawl
workday,sandvik.wd3.myworkdayjobs.com|sandvik|seco-jobs,common crawl
workday,sandvik.wd3.myworkdayjobs.com|sandvik|tdmsystems-jobs,common crawl
workday,sandvik.wd3.myworkdayjobs.com|sandvik|walter-jobs,common crawl
workday,sanford.wd5.myworkdayjobs.com|sanford|SanfordHealth,common crawl
workday,sanford.wd5.myworkdayjobs.com|sanford|sanfordhealth,common crawl
workday,sanofi.wd3.myworkdayjobs.com|sanofi|OpellaCareers,common crawl
workday,sanofi.wd3.myworkdayjobs.com|sanofi|SanofiCareers,common crawl
workday,sanofi.wd3.myworkdayjobs.com|sanofi|es,common crawl
workday,sanofi.wd3.myworkdayjobs.com|sanofi|sanoficareers,common crawl
workday,sanoma.wd3.myworkdayjobs.com|sanoma|Sanoma_Learning,common crawl
workday,sanoma.wd3.myworkdayjobs.com|sanoma|Sanoma_Media_Finland,common crawl
workday,santander.wd3.myworkdayjobs.com|santander|SantanderCareers,common crawl
workday,santander.wd3.myworkdayjobs.com|santander|es,common crawl
workday,saputo.wd5.myworkdayjobs.com|saputo|saputo_external_careers,companies.csv
workday,sarasotagov.wd1.myworkdayjobs.com|sarasotagov|Careers,common crawl
workday,sarepta.wd5.myworkdayjobs.com|sarepta|sarepta_external,common crawl
workday,sartorius.wd3.myworkdayjobs.com|sartorius|sartoriuscareers,companies.csv
workday,sasllc.wd1.myworkdayjobs.com|sasllc|Careers,common crawl
workday,sasllc.wd1.myworkdayjobs.com|sasllc|careers,common crawl
workday,savista.wd1.myworkdayjobs.com|savista|ODS-C,common crawl
workday,savista.wd1.myworkdayjobs.com|savista|Registry,common crawl
workday,savista.wd1.myworkdayjobs.com|savista|Savista,common crawl
workday,savista.wd1.myworkdayjobs.com|savista|savista,common crawl
workday,sbasite.wd5.myworkdayjobs.com|sbasite|SBA_Communications_Careers,common crawl
workday,sbcos.wd1.myworkdayjobs.com|sbcos|SBCOS2,common crawl
workday,sbcos.wd1.myworkdayjobs.com|sbcos|sbcos2,common crawl
workday,sbdinc.wd1.myworkdayjobs.com|sbdinc|Stanley_Black_Decker_Career_Site,companies.csv
workday,scanhealthplan.wd108.myworkdayjobs.com|scanhealthplan|scancareers,common crawl
workday,scgov.wd5.myworkdayjobs.com|scgov|SCGOV,common crawl
workday,schnucks.wd5.myworkdayjobs.com|schnucks|SchnucksCareers,companies.csv
workday,schomp.wd5.myworkdayjobs.com|schomp|FairfieldCareer,common crawl
workday,schomp.wd5.myworkdayjobs.com|schomp|SchompCareer,common crawl
workday,sci.wd5.myworkdayjobs.com|sci|SCI,common crawl
workday,sci.wd5.myworkdayjobs.com|sci|sci,common crawl
workday,sciensbuildingsolutions.wd108.myworkdayjobs.com|sciensbuildingsolutions|sciens_external_careers,common crawl
workday,scm.wd3.myworkdayjobs.com|scm|DaviesNorthAmerica,common crawl
workday,scm.wd3.myworkdayjobs.com|scm|SCM,common crawl
workday,scm.wd3.myworkdayjobs.com|scm|scm,common crawl
workday,scottsmiraclegro.wd5.myworkdayjobs.com|scottsmiraclegro|SMGExternal,common crawl
workday,scribeamerica.wd1.myworkdayjobs.com|scribeamerica|ScribeAmerica,common crawl
workday,scripps.wd115.myworkdayjobs.com|scripps|Scripps_Careers,common crawl
workday,scripps.wd5.myworkdayjobs.com|scripps|Scripps_Careers,common crawl
workday,seagate.wd1.myworkdayjobs.com|seagate|External,common crawl
workday,seamar.wd12.myworkdayjobs.com|seamar|sea_mar,common crawl
workday,seattleu.wd108.myworkdayjobs.com|seattleu|SeattleUJobs,common crawl
workday,sec.wd3.myworkdayjobs.com|sec|Samsung_Careers,common crawl
workday,sec.wd3.myworkdayjobs.com|sec|samsung_careers,common crawl
workday,sedgwick.wd1.myworkdayjobs.com|sedgwick|Sedgwick,companies.csv
workday,seic.wd1.myworkdayjobs.com|seic|SEI_Global_Services,common crawl
workday,sekologistics.wd503.myworkdayjobs.com|sekologistics|Seko_Logistics,companies.csv
workday,selfhelp.wd108.myworkdayjobs.com|selfhelp|SELF_HELP_CAREERS,common crawl
workday,selinc.wd1.myworkdayjobs.com|selinc|SEL,common crawl
workday,selinc.wd1.myworkdayjobs.com|selinc|sel,common crawl
workday,sellagroup.wd3.myworkdayjobs.com|sellagroup|ID01,common crawl
workday,semrush.wd5.myworkdayjobs.com|semrush|semrushcareers,common crawl
workday,semtech.wd1.myworkdayjobs.com|semtech|SemtechCareers,common crawl
workday,semtech.wd1.myworkdayjobs.com|semtech|SemtechJobs,common crawl
workday,sensata.wd1.myworkdayjobs.com|sensata|Sensata-Careers,common crawl
workday,sensata.wd1.myworkdayjobs.com|sensata|sensata-careers,common crawl
workday,sentara.wd1.myworkdayjobs.com|sentara|SCS,common crawl
workday,sentara.wd1.myworkdayjobs.com|sentara|scs,common crawl
workday,sentryinsurance.wd1.myworkdayjobs.com|sentryinsurance|SentryCareers,common crawl
workday,sentryinsurance.wd1.myworkdayjobs.com|sentryinsurance|sentrycareers,common crawl
workday,servco.wd5.myworkdayjobs.com|servco|Servco_Careers,common crawl
workday,serviceexperts.wd108.myworkdayjobs.com|serviceexperts|SE,common crawl
workday,servicetitan.wd1.myworkdayjobs.com|servicetitan|ServiceTitan,common crawl
workday,servicetitan.wd1.myworkdayjobs.com|servicetitan|servicetitan,common crawl
workday,sfcollege.wd5.myworkdayjobs.com|sfcollege|SFcareers,common crawl
workday,sggovterp.wd102.myworkdayjobs.com|sggovterp|PublicServiceCareers,common crawl
workday,shakeshack.wd5.myworkdayjobs.com|shakeshack|External,companies.csv
workday,sharecare.wd1.myworkdayjobs.com|sharecare|Sharecare_Careers,common crawl
workday,sharecare.wd1.myworkdayjobs.com|sharecare|sharecare_careers,common crawl
workday,shawinc.wd1.myworkdayjobs.com|shawinc|External,common crawl
workday,shawinc.wd1.myworkdayjobs.com|shawinc|SpectraCareers,common crawl
workday,shell.wd3.myworkdayjobs.com|shell|Proactive,common crawl
workday,shell.wd3.myworkdayjobs.com|shell|ShellCareers,common crawl
workday,shell.wd3.myworkdayjobs.com|shell|proactive,common crawl
workday,shell.wd3.myworkdayjobs.com|shell|shellcareers,common crawl
workday,shelterinsurance.wd5.myworkdayjobs.com|shelterinsurance|careers,common crawl
workday,shi.wd12.myworkdayjobs.com|shi|shicareers,common crawl
workday,shift4payments.wd108.myworkdayjobs.com|shift4payments|shift4_external_careersite,common crawl
workday,shm.wd5.myworkdayjobs.com|shm|SummitHealthPhysicians,common crawl
workday,shm.wd5.myworkdayjobs.com|shm|Summit_CityMD,common crawl
workday,shm.wd5.myworkdayjobs.com|shm|summit_citymd,common crawl
workday,shrinerschildrens.wd12.myworkdayjobs.com|shrinerschildrens|Shriners,common crawl
workday,shusa.wd5.myworkdayjobs.com|shusa|external,common crawl
workday,shutterstock.wd1.myworkdayjobs.com|shutterstock|ShutterstockCareers,common crawl
workday,sierraspace.wd1.myworkdayjobs.com|sierraspace|Sierra_Space_External_Career_Site,common crawl
workday,sifive.wd1.myworkdayjobs.com|sifive|sifivecareers,common crawl
workday,signetjewelers.wd1.myworkdayjobs.com|signetjewelers|Banter,common crawl
workday,signetjewelers.wd1.myworkdayjobs.com|signetjewelers|BlueNile,common crawl
workday,signetjewelers.wd1.myworkdayjobs.com|signetjewelers|Kay_Jewelers,common crawl
workday,signetjewelers.wd1.myworkdayjobs.com|signetjewelers|SignetCorporateCareers,common crawl
workday,signetjewelers.wd1.myworkdayjobs.com|signetjewelers|signetcorporatecareers,common crawl
workday,signetjewelers.wd1.myworkdayjobs.com|signetjewelers|signetjeweleryretailsales,common crawl
workday,silgancontainers.wd1.myworkdayjobs.com|silgancontainers|silgan,common crawl
workday,simmonsbank.wd5.myworkdayjobs.com|simmonsbank|SimmonsCareers,companies.csv
workday,simon.wd1.myworkdayjobs.com|simon|Simon,common crawl
workday,simons.wd10.myworkdayjobs.com|simons|Simons_Site,common crawl
workday,simonsfoundation.wd1.myworkdayjobs.com|simonsfoundation|simonsfoundationcareers,common crawl
workday,situsamc.wd1.myworkdayjobs.com|situsamc|SitusAMC,companies.csv
workday,sjsurf.wd1.myworkdayjobs.com|sjsurf|SJSURF,common crawl
workday,sju.wd1.myworkdayjobs.com|sju|sju,common crawl
workday,skbosk.wd3.myworkdayjobs.com|skbosk|SK_on_Tennessee_External_Career_Site,common crawl
workday,skechers.wd5.myworkdayjobs.com|skechers|One-career-site,common crawl
workday,skechers.wd5.myworkdayjobs.com|skechers|one-career-site,common crawl
workday,sky.wd3.myworkdayjobs.com|sky|sky_careers,common crawl
workday,skyzone.wd12.myworkdayjobs.com|skyzone|skyzone,common crawl
workday,slcgov.wd1.myworkdayjobs.com|slcgov|SLC,common crawl
workday,sleepnumber.wd5.myworkdayjobs.com|sleepnumber|sleepnumber,common crawl
workday,slihrms.wd3.myworkdayjobs.com|slihrms|Careers,common crawl
workday,slihrms.wd3.myworkdayjobs.com|slihrms|Linxon,common crawl
workday,slihrms.wd3.myworkdayjobs.com|slihrms|careers,common crawl
workday,slu.wd5.myworkdayjobs.com|slu|Careers,common crawl
workday,sluhn.wd1.myworkdayjobs.com|sluhn|Nursing-Recruiting,common crawl
workday,sluhn.wd1.myworkdayjobs.com|sluhn|SLUHN,common crawl
workday,sluhn.wd1.myworkdayjobs.com|sluhn|SLUHNPhysician,common crawl
workday,sluhn.wd1.myworkdayjobs.com|sluhn|Student_Opportunities,common crawl
workday,sluhn.wd1.myworkdayjobs.com|sluhn|sluhn,common crawl
workday,smithcollege.wd5.myworkdayjobs.com|smithcollege|smithcollege,common crawl
workday,smithfieldfoods.wd1.myworkdayjobs.com|smithfieldfoods|Careers,companies.csv
workday,smithfieldfoods.wd1.myworkdayjobs.com|smithfieldfoods|careers,common crawl
workday,smithnephew.wd5.myworkdayjobs.com|smithnephew|External,common crawl
workday,smucker.wd5.myworkdayjobs.com|smucker|Canada_External_Careers,common crawl
workday,smucker.wd5.myworkdayjobs.com|smucker|US_External_Careers,common crawl
workday,snapchat.wd1.myworkdayjobs.com|snapchat|snap,common crawl
workday,snapfinance.wd1.myworkdayjobs.com|snapfinance|Snap_External_Careers,common crawl
workday,snapfinance.wd1.myworkdayjobs.com|snapfinance|snap_external_careers,common crawl
workday,snc.wd1.myworkdayjobs.com|snc|snc_external_career_site,companies.csv
workday,snhu.wd5.myworkdayjobs.com|snhu|External_Career_Site,common crawl
workday,snhu.wd503.myworkdayjobs.com|snhu|External_Career_Site,companies.csv
workday,snyk.wd103.myworkdayjobs.com|snyk|External,companies.csv
workday,sok.wd3.myworkdayjobs.com|sok|S-ryhman-avoimet-tyopaikat,common crawl
workday,solenis.wd1.myworkdayjobs.com|solenis|Solenis,common crawl
workday,solenis.wd1.myworkdayjobs.com|solenis|solenis,common crawl
workday,som.wd5.myworkdayjobs.com|som|External,common crawl
workday,son.wd1.myworkdayjobs.com|son|NebraskaStateCareers,common crawl
workday,son.wd108.myworkdayjobs.com|son|NebraskaStateCareers,common crawl
workday,son.wd108.myworkdayjobs.com|son|nebraskastatecareers,common crawl
workday,sonder.wd1.myworkdayjobs.com|sonder|Join_Sonder,common crawl
workday,sonoco.wd1.myworkdayjobs.com|sonoco|CorporateCareers,common crawl
workday,sonos.wd1.myworkdayjobs.com|sonos|Sonos,common crawl
workday,sonyglobal.wd1.myworkdayjobs.com|sonyglobal|SONYGLOBAL,common crawl
workday,sonyglobal.wd1.myworkdayjobs.com|sonyglobal|SonyGlobalCareers,common crawl
workday,sonyglobal.wd1.myworkdayjobs.com|sonyglobal|SonyJapanCareers,common crawl
workday,sonyglobal.wd1.myworkdayjobs.com|sonyglobal|Sony_Europe_Careers,common crawl
workday,sonyglobal.wd1.myworkdayjobs.com|sonyglobal|sonyglobalcareers,common crawl
workday,soti.wd3.myworkdayjobs.com|soti|SOTI-Next-Gen,companies.csv
workday,southlake.wd10.myworkdayjobs.com|southlake|Southlake,common crawl
workday,spe.wd1.myworkdayjobs.com|spe|SonyPicturesEntertainment,common crawl
workday,spe.wd1.myworkdayjobs.com|spe|Sonypictures,common crawl
workday,specialized.wd5.myworkdayjobs.com|specialized|Specialized_External_Career_Site,common crawl
workday,spectris.wd3.myworkdayjobs.com|spectris|HBK_Careers,common crawl
workday,spectris.wd3.myworkdayjobs.com|spectris|PMS_Careers,companies.csv
workday,spectrumcontrol.wd1.myworkdayjobs.com|spectrumcontrol|spectrumcontrol,companies.csv
workday,spectrumhealth.wd5.myworkdayjobs.com|spectrumhealth|CorewellHealthCareers,common crawl
workday,spectrumhealth.wd5.myworkdayjobs.com|spectrumhealth|corewellhealthcareers,common crawl
workday,spellmanhv.wd1.myworkdayjobs.com|spellmanhv|SpellmanHVCareers,companies.csv
workday,spgi.wd5.myworkdayjobs.com|spgi|Kensho_Careers,common crawl
workday,spgi.wd5.myworkdayjobs.com|spgi|OSTTRA_Careers,common crawl
workday,spgi.wd5.myworkdayjobs.com|spgi|SPGI_Careers,common crawl
workday,spgi.wd5.myworkdayjobs.com|spgi|SPGI_Internal,common crawl
workday,spgi.wd5.myworkdayjobs.com|spgi|am_careers,common crawl
workday,spgi.wd5.myworkdayjobs.com|spgi|spgi_careers,common crawl
workday,spgi.wd5.myworkdayjobs.com|spgi|spgi_internal,common crawl
workday,sphera.wd1.myworkdayjobs.com|sphera|Careers,common crawl
workday,sphera.wd1.myworkdayjobs.com|sphera|careers,common crawl
workday,springernature.wd3.myworkdayjobs.com|springernature|SpringerNatureCareers,common crawl
workday,sprinklr.wd1.myworkdayjobs.com|sprinklr|careers,common crawl
workday,spscommerce.wd108.myworkdayjobs.com|spscommerce|SPS,common crawl
workday,ssctech.wd1.myworkdayjobs.com|ssctech|ssctechnologies,companies.csv
workday,stageentertainment.wd3.myworkdayjobs.com|stageentertainment|StageEntertainment,common crawl
workday,stageentertainment.wd3.myworkdayjobs.com|stageentertainment|StageEntertainmentNL,common crawl
workday,standard.wd1.myworkdayjobs.com|standard|Search,common crawl
workday,standardmeat.wd1.myworkdayjobs.com|standardmeat|SMC,common crawl
workday,standoutforgood.wd12.myworkdayjobs.com|standoutforgood|StandOutForGood,companies.csv
workday,starfish.wd501.myworkdayjobs.com|starfish|Careers,companies.csv
workday,stark.wd3.myworkdayjobs.com|stark|Beijer-Karriaer,common crawl
workday,stark.wd3.myworkdayjobs.com|stark|Neumann-Careers,common crawl
workday,stark.wd3.myworkdayjobs.com|stark|STARK-Denmark,common crawl
workday,stark.wd3.myworkdayjobs.com|stark|STARK-Germany,common crawl
workday,stark.wd3.myworkdayjobs.com|stark|STARK-Group-Careers,common crawl
workday,stark.wd3.myworkdayjobs.com|stark|Stark-UK-Careers,common crawl
workday,stark.wd3.myworkdayjobs.com|stark|broadbean_external,common crawl
workday,stark.wd3.myworkdayjobs.com|stark|stark-uk-careers,common crawl
workday,starrcompanies.wd1.myworkdayjobs.com|starrcompanies|careers,common crawl
workday,starz.wd5.myworkdayjobs.com|starz|Starz,companies.csv
workday,statestreet.wd1.myworkdayjobs.com|statestreet|Global,common crawl
workday,statestreet.wd1.myworkdayjobs.com|statestreet|eQuest,common crawl
workday,statestreet.wd1.myworkdayjobs.com|statestreet|global,common crawl
workday,stbancorp.wd5.myworkdayjobs.com|stbancorp|ST_Bank_Careers,companies.csv
workday,stem.wd12.myworkdayjobs.com|stem|StemInc,common crawl
workday,stevens.wd5.myworkdayjobs.com|stevens|External,common crawl
workday,stewart.wd1.myworkdayjobs.com|stewart|External,common crawl
workday,stibosystems.wd3.myworkdayjobs.com|stibosystems|careers-at-stibo-systems,common crawl
workday,stjude.wd1.myworkdayjobs.com|stjude|stjude,common crawl
workday,stnorbert.wd1.myworkdayjobs.com|stnorbert|SNC_Careers,common crawl
workday,stoneridge.wd5.myworkdayjobs.com|stoneridge|careers,companies.csv
workday,storaenso.wd3.myworkdayjobs.com|storaenso|Stora_Enso_site_opportunities,common crawl
workday,storebrand.wd3.myworkdayjobs.com|storebrand|SPP_Careers,common crawl
workday,storebrand.wd3.myworkdayjobs.com|storebrand|Storebrand_Careers,common crawl
workday,strada.wd12.myworkdayjobs.com|strada|Careers,common crawl
workday,strayer.wd1.myworkdayjobs.com|strayer|ANZ_THINK_External1,common crawl
workday,strayer.wd1.myworkdayjobs.com|strayer|ANZ_Talent_Communities1,common crawl
workday,strayer.wd1.myworkdayjobs.com|strayer|CAREERS,common crawl
workday,strayer.wd1.myworkdayjobs.com|strayer|SEI,common crawl
workday,strayer.wd1.myworkdayjobs.com|strayer|careers,common crawl
workday,strideinc.wd1.myworkdayjobs.com|strideinc|SK,common crawl
workday,strideinc.wd1.myworkdayjobs.com|strideinc|sk,common crawl
workday,strongtie.wd1.myworkdayjobs.com|strongtie|External,common crawl
workday,strsoh.wd1.myworkdayjobs.com|strsoh|STRS_Jobs,companies.csv
workday,stryker.wd1.myworkdayjobs.com|stryker|StrykerCareers,common crawl
workday,stryker.wd1.myworkdayjobs.com|stryker|strykercareers,common crawl
workday,sturdymemorial.wd5.myworkdayjobs.com|sturdymemorial|Sturdy,common crawl
workday,summitbhc.wd1.myworkdayjobs.com|summitbhc|Summit_BHC,common crawl
workday,sunbeltrentals.wd1.myworkdayjobs.com|sunbeltrentals|sbcareers,common crawl
workday,suncor.wd1.myworkdayjobs.com|suncor|Suncor_External,common crawl
workday,sunlife.wd3.myworkdayjobs.com|sunlife|Campus,common crawl
workday,sunlife.wd3.myworkdayjobs.com|sunlife|Experienced,common crawl
workday,sunlife.wd3.myworkdayjobs.com|sunlife|Experienced-Jobs,common crawl
workday,sunlife.wd3.myworkdayjobs.com|sunlife|FullscopeRMS,common crawl
workday,sunlife.wd3.myworkdayjobs.com|sunlife|experienced-jobs,common crawl
workday,sunriseseniorliving.wd12.myworkdayjobs.com|sunriseseniorliving|SUNRISE_EXT_CAREERS,common crawl
workday,sunriseseniorliving.wd12.myworkdayjobs.com|sunriseseniorliving|sunrise_ext_careers,common crawl
workday,sunrun.wd5.myworkdayjobs.com|sunrun|SunrunCareers,common crawl
workday,sunrun.wd5.myworkdayjobs.com|sunrun|Sunrun_Careers,common crawl
workday,swa.wd1.myworkdayjobs.com|swa|external,companies.csv
workday,swarovski.wd3.myworkdayjobs.com|swarovski|swarovski,common crawl
workday,swbc.wd1.myworkdayjobs.com|swbc|swbccareers,companies.csv
workday,swib.wd12.myworkdayjobs.com|swib|ext,companies.csv
workday,swift.wd3.myworkdayjobs.com|swift|Join-Swift,common crawl
workday,swift.wd3.myworkdayjobs.com|swift|join-swift,companies.csv
workday,swisslife.wd3.myworkdayjobs.com|swisslife|Swiss_Life_Asset_Managers_Career_Site,common crawl
workday,swisslife.wd3.myworkdayjobs.com|swisslife|Swiss_Life_Deutschland_Stellenangebote,common crawl
workday,swisslife.wd3.myworkdayjobs.com|swisslife|Swiss_Life_International_Division_Career_Site,common crawl
workday,swisslife.wd3.myworkdayjobs.com|swisslife|livit-ag-career-stellenboerse,common crawl
workday,symbotic.wd1.myworkdayjobs.com|symbotic|Symbotic,common crawl
workday,symbotic.wd1.myworkdayjobs.com|symbotic|symbotic,common crawl
workday,symbotic.wd504.myworkdayjobs.com|symbotic|Symbotic,companies.csv
workday,synchronyfinancial.wd5.myworkdayjobs.com|synchronyfinancial|University,common crawl
workday,synchronyfinancial.wd5.myworkdayjobs.com|synchronyfinancial|careers,common crawl
workday,synechron.wd1.myworkdayjobs.com|synechron|SynechronCareers,common crawl
workday,syneoshealth.wd12.myworkdayjobs.com|syneoshealth|Syneos_Health_External_Site,common crawl
workday,syneoshealth.wd12.myworkdayjobs.com|syneoshealth|syneos_health_external_site,common crawl
workday,synnex.wd5.myworkdayjobs.com|synnex|hyvecareers,common crawl
workday,synnex.wd5.myworkdayjobs.com|synnex|tdsynnexcareers,common crawl
workday,takeda.wd3.myworkdayjobs.com|takeda|External,common crawl
workday,talentmanagementsolution.wd3.myworkdayjobs.com|talentmanagementsolution|Computrition-Careers,common crawl
workday,talentmanagementsolution.wd3.myworkdayjobs.com|talentmanagementsolution|Easit_Career,common crawl
workday,talentmanagementsolution.wd3.myworkdayjobs.com|talentmanagementsolution|GladstoneSoftware-Careers,common crawl
workday,talentmanagementsolution.wd3.myworkdayjobs.com|talentmanagementsolution|Granburyretail-Career,common crawl
workday,talentmanagementsolution.wd3.myworkdayjobs.com|talentmanagementsolution|GuestVision-Careers,common crawl
workday,talentmanagementsolution.wd3.myworkdayjobs.com|talentmanagementsolution|JonasChorum,common crawl
workday,talentmanagementsolution.wd3.myworkdayjobs.com|talentmanagementsolution|JonasSoftwareCanada,common crawl
workday,talentmanagementsolution.wd3.myworkdayjobs.com|talentmanagementsolution|JonasSoftwareUK,common crawl
workday,talentmanagementsolution.wd3.myworkdayjobs.com|talentmanagementsolution|JonasSoftwareUSA,common crawl
workday,talentmanagementsolution.wd3.myworkdayjobs.com|talentmanagementsolution|Jonas_Chorum,common crawl
workday,talentmanagementsolution.wd3.myworkdayjobs.com|talentmanagementsolution|Leonardo-Careers,common crawl
workday,talentmanagementsolution.wd3.myworkdayjobs.com|talentmanagementsolution|LondonandZurich-Careers,common crawl
workday,talentmanagementsolution.wd3.myworkdayjobs.com|talentmanagementsolution|Monarq-Careers,common crawl
workday,talentmanagementsolution.wd3.myworkdayjobs.com|talentmanagementsolution|SMS_Software-Careers,common crawl
workday,talentmanagementsolution.wd3.myworkdayjobs.com|talentmanagementsolution|Tucasi-Careers,common crawl
workday,talentmanagementsolution.wd3.myworkdayjobs.com|talentmanagementsolution|VestaOther,common crawl
workday,talentmanagementsolution.wd3.myworkdayjobs.com|talentmanagementsolution|VestaUK,common crawl
workday,talentmanagementsolution.wd3.myworkdayjobs.com|talentmanagementsolution|XNLeisure-Careers,common crawl
workday,talentmanagementsolution.wd3.myworkdayjobs.com|talentmanagementsolution|amiEducationSolutionsLimited-Careers,common crawl
workday,talentmanagementsolution.wd3.myworkdayjobs.com|talentmanagementsolution|cora_group,common crawl
workday,talentmanagementsolution.wd3.myworkdayjobs.com|talentmanagementsolution|jonassoftwarecanada,common crawl
workday,talentmanagementsolution.wd3.myworkdayjobs.com|talentmanagementsolution|jonassoftwareusa,common crawl
workday,talentmanagementsolution.wd3.myworkdayjobs.com|talentmanagementsolution|perseus-careers,common crawl
workday,talentmanagementsolution.wd3.myworkdayjobs.com|talentmanagementsolution|tune-careers,common crawl
workday,talentmanagementsolution.wd3.myworkdayjobs.com|talentmanagementsolution|vestauk,common crawl
workday,tamus.wd1.myworkdayjobs.com|tamus|AgriLife_Extension_External,common crawl
workday,tamus.wd1.myworkdayjobs.com|tamus|AgriLife_Research_External,common crawl
workday,tamus.wd1.myworkdayjobs.com|tamus|ETAMU_External,common crawl
workday,tamus.wd1.myworkdayjobs.com|tamus|PVAMU_External,common crawl
workday,tamus.wd1.myworkdayjobs.com|tamus|System-wide_External,common crawl
workday,tamus.wd1.myworkdayjobs.com|tamus|TAMHSC_External,common crawl
workday,tamus.wd1.myworkdayjobs.com|tamus|TAMIU_External,common crawl
workday,tamus.wd1.myworkdayjobs.com|tamus|TAMIU_Student_Employment,common crawl
workday,tamus.wd1.myworkdayjobs.com|tamus|TAMUCC_External,common crawl
workday,tamus.wd1.myworkdayjobs.com|tamus|TAMUC_External,common crawl
workday,tamus.wd1.myworkdayjobs.com|tamus|TAMUK_External,common crawl
workday,tamus.wd1.myworkdayjobs.com|tamus|TAMUSA_External,common crawl
workday,tamus.wd1.myworkdayjobs.com|tamus|TAMUS_External,common crawl
workday,tamus.wd1.myworkdayjobs.com|tamus|TAMUT_External,common crawl
workday,tamus.wd1.myworkdayjobs.com|tamus|TAMUV_External,common crawl
workday,tamus.wd1.myworkdayjobs.com|tamus|TAMU_External,common crawl
workday,tamus.wd1.myworkdayjobs.com|tamus|TARLETON_External,common crawl
workday,tamus.wd1.myworkdayjobs.com|tamus|TDEM_External,common crawl
workday,tamus.wd1.myworkdayjobs.com|tamus|TEEX_External,common crawl
workday,tamus.wd1.myworkdayjobs.com|tamus|TFS_External,common crawl
workday,tamus.wd1.myworkdayjobs.com|tamus|TTI_External,common crawl
workday,tamus.wd1.myworkdayjobs.com|tamus|TVMDL_External,common crawl
workday,tamus.wd1.myworkdayjobs.com|tamus|WTAMU_External,common crawl
workday,tamus.wd1.myworkdayjobs.com|tamus|agrilife_extension_external,common crawl
workday,tamus.wd1.myworkdayjobs.com|tamus|pvamu_external,companies.csv
workday,tamus.wd1.myworkdayjobs.com|tamus|system-wide_external,common crawl
workday,tamus.wd1.myworkdayjobs.com|tamus|teex_external,common crawl
workday,tandemdiabetes.wd12.myworkdayjobs.com|tandemdiabetes|tandemdiabetes,companies.csv
workday,tapestry.wd108.myworkdayjobs.com|tapestry|Tapestry_Careers,common crawl
workday,tapestry.wd108.myworkdayjobs.com|tapestry|tapestry_careers,common crawl
workday,target.wd5.myworkdayjobs.com|target|targetcareers,common crawl
workday,taskus.wd1.myworkdayjobs.com|taskus|Careers,common crawl
workday,taskus.wd1.myworkdayjobs.com|taskus|careers,common crawl
workday,taylor.wd1.myworkdayjobs.com|taylor|External,common crawl
workday,taylor.wd1.myworkdayjobs.com|taylor|external,companies.csv
workday,taylormorrison.wd1.myworkdayjobs.com|taylormorrison|TaylorMorrisonCareers,common crawl
workday,tbc.wd12.myworkdayjobs.com|tbc|LyricCareers,common crawl
workday,tbc.wd12.myworkdayjobs.com|tbc|lyriccareers,common crawl
workday,tbinstitute.wd3.myworkdayjobs.com|tbinstitute|TBI,common crawl
workday,tcbrands.wd1.myworkdayjobs.com|tcbrands|TravisMathew-Careers,common crawl
workday,tcbrands.wd1.myworkdayjobs.com|tcbrands|callaway-careers,common crawl
workday,tcbrands.wd1.myworkdayjobs.com|tcbrands|travismathew-careers,common crawl
workday,tcenergy.wd3.myworkdayjobs.com|tcenergy|CAREER_SITE_TC,companies.csv
workday,tcsedsystem.wd1.myworkdayjobs.com|tcsedsystem|KHSC,common crawl
workday,tcsedsystem.wd1.myworkdayjobs.com|tcsedsystem|PacificOaksCareers,common crawl
workday,tcsedsystem.wd1.myworkdayjobs.com|tcsedsystem|SaybrookUniversityCareers,common crawl
workday,tcsedsystem.wd1.myworkdayjobs.com|tcsedsystem|SystemWideCareers,common crawl
workday,tcsedsystem.wd1.myworkdayjobs.com|tcsedsystem|TCSPP,common crawl
workday,td.wd3.myworkdayjobs.com|td|TD_Bank_Careers,common crawl
workday,td.wd3.myworkdayjobs.com|td|td_bank_careers,common crawl
workday,tdwilliamson.wd1.myworkdayjobs.com|tdwilliamson|TDWCareers,companies.csv
workday,teachforamerica.wd1.myworkdayjobs.com|teachforamerica|TFA_Careers,common crawl
workday,teachforamerica.wd1.myworkdayjobs.com|teachforamerica|TFA_Pre-Service_Careers,common crawl
workday,tealium.wd1.myworkdayjobs.com|tealium|Careers,common crawl
workday,tealium.wd1.myworkdayjobs.com|tealium|careers,common crawl
workday,teamapellis.wd108.myworkdayjobs.com|teamapellis|ApellisCareers,common crawl
workday,teamwass.wd5.myworkdayjobs.com|teamwass|WassermanCareers,common crawl
workday,teamwass.wd5.myworkdayjobs.com|teamwass|wassermancareers,common crawl
workday,techem.wd3.myworkdayjobs.com|techem|TechemCareer,common crawl
workday,techem.wd3.myworkdayjobs.com|techem|TechemGermanyCareerApprentice,common crawl
workday,techem.wd3.myworkdayjobs.com|techem|TechemGermanyExternalCareerSiteAllJobs,common crawl
workday,tedsmontanagrill.wd5.myworkdayjobs.com|tedsmontanagrill|TMG_External_Career_Site,common crawl
workday,tegria.wd12.myworkdayjobs.com|tegria|EXT,common crawl
workday,tel.wd3.myworkdayjobs.com|tel|tel-careers,companies.csv
workday,telenorgroup.wd3.myworkdayjobs.com|telenorgroup|TelenorGroup_careers,common crawl
workday,tempus.wd5.myworkdayjobs.com|tempus|Ambry_Careers,common crawl
workday,tempus.wd5.myworkdayjobs.com|tempus|Tempus_Careers,common crawl
workday,tencent.wd1.myworkdayjobs.com|tencent|Lightspeed,common crawl
workday,tencent.wd1.myworkdayjobs.com|tencent|Tencent_Careers,common crawl
workday,tencent.wd1.myworkdayjobs.com|tencent|tencent_careers,common crawl
workday,terminix.wd1.myworkdayjobs.com|terminix|RentokilNorthAmerica,common crawl
workday,terminix.wd1.myworkdayjobs.com|terminix|SOLitude,common crawl
workday,terminix.wd1.myworkdayjobs.com|terminix|copesan,common crawl
workday,terminix.wd1.myworkdayjobs.com|terminix|mccloudservices,common crawl
workday,terminix.wd1.myworkdayjobs.com|terminix|terminix,common crawl
workday,texascapitalbank.wd12.myworkdayjobs.com|texascapitalbank|Careers,common crawl
workday,thales.wd3.myworkdayjobs.com|thales|Careers,common crawl
workday,thales.wd3.myworkdayjobs.com|thales|careers,common crawl
workday,theaccessgroup.wd103.myworkdayjobs.com|theaccessgroup|Access_Group_External_Careers,companies.csv
workday,theapexgroup.wd3.myworkdayjobs.com|theapexgroup|apexgroupcareers,common crawl
workday,theclaremontcolleges.wd1.myworkdayjobs.com|theclaremontcolleges|CMC_Staff,common crawl
workday,theclaremontcolleges.wd1.myworkdayjobs.com|theclaremontcolleges|HMC_Careers,common crawl
workday,theclaremontcolleges.wd1.myworkdayjobs.com|theclaremontcolleges|PIT_Staff,common crawl
workday,theclaremontcolleges.wd1.myworkdayjobs.com|theclaremontcolleges|POM_Careers,common crawl
workday,theclaremontcolleges.wd1.myworkdayjobs.com|theclaremontcolleges|SCR_Career_Staff,common crawl
workday,theclaremontcolleges.wd1.myworkdayjobs.com|theclaremontcolleges|TCCS_Careers,common crawl
workday,thehartford.wd5.myworkdayjobs.com|thehartford|Careers_External,common crawl
workday,thehartford.wd5.myworkdayjobs.com|thehartford|Careers_Restricted,common crawl
workday,thehartford.wd5.myworkdayjobs.com|thehartford|careers_external,common crawl
workday,theirc.wd1.myworkdayjobs.com|theirc|External_Careers,common crawl
workday,theirc.wd1.myworkdayjobs.com|theirc|ar,common crawl
workday,theirc.wd1.myworkdayjobs.com|theirc|es,common crawl
workday,theirc.wd1.myworkdayjobs.com|theirc|external_careers,common crawl
workday,thejacksonlaboratory.wd1.myworkdayjobs.com|thejacksonlaboratory|External_JAX,common crawl
workday,theocc.wd5.myworkdayjobs.com|theocc|careers,companies.csv
workday,therapybrands.wd1.myworkdayjobs.com|therapybrands|EnsoraHealth,companies.csv
workday,thermofisher.wd5.myworkdayjobs.com|thermofisher|ThermoFisherCareers,common crawl
workday,thermofisher.wd5.myworkdayjobs.com|thermofisher|thermofishercareers,common crawl
workday,thgrp.wd12.myworkdayjobs.com|thgrp|Envita,common crawl
workday,thgrp.wd12.myworkdayjobs.com|thgrp|HeritageConstructionMaterials,common crawl
workday,thinkbrg.wd5.myworkdayjobs.com|thinkbrg|BRG_External_Career_Site,common crawl
workday,thisisglobal.wd3.myworkdayjobs.com|thisisglobal|Global,companies.csv
workday,thomsonreuters.wd5.myworkdayjobs.com|thomsonreuters|External_Career_Site,common crawl
workday,thomsonreuters.wd5.myworkdayjobs.com|thomsonreuters|external_career_site,common crawl
workday,thoughtspot.wd5.myworkdayjobs.com|thoughtspot|careers,common crawl
workday,thrivent.wd5.myworkdayjobs.com|thrivent|External,common crawl
workday,thrivent.wd5.myworkdayjobs.com|thrivent|external,common crawl
workday,thriveworks.wd5.myworkdayjobs.com|thriveworks|Thriveworks,common crawl
workday,ths.wd1.myworkdayjobs.com|ths|OrthoCarolina,common crawl
workday,thyssenkruppmaterialsna.wd12.myworkdayjobs.com|thyssenkruppmaterialsna|1,companies.csv
workday,tiaa.wd1.myworkdayjobs.com|tiaa|Search,common crawl
workday,tieto.wd3.myworkdayjobs.com|tieto|Tieto_Careers_External_Site,common crawl
workday,tieto.wd3.myworkdayjobs.com|tieto|tieto_careers_external_site,common crawl
workday,tihinsurance.wd1.myworkdayjobs.com|tihinsurance|CRC_Careers,common crawl
workday,timeinc.wd5.myworkdayjobs.com|timeinc|Careers,common crawl
workday,tjx.wd1.myworkdayjobs.com|tjx|tjx_external,companies.csv
workday,tmobile.wd1.myworkdayjobs.com|tmobile|External,companies.csv
workday,tmobile.wd1.myworkdayjobs.com|tmobile|external,common crawl
workday,tmx.wd3.myworkdayjobs.com|tmx|TMX_Careers,common crawl
workday,tmx.wd3.myworkdayjobs.com|tmx|Trayport_Careers,common crawl
workday,tnsi.wd1.myworkdayjobs.com|tnsi|Search,common crawl
workday,tntp.wd5.myworkdayjobs.com|tntp|TNTP,common crawl
workday,tomtom.wd3.myworkdayjobs.com|tomtom|TT_External_Careers,common crawl
workday,topbuild.wd5.myworkdayjobs.com|topbuild|CCI_External,common crawl
workday,topbuild.wd5.myworkdayjobs.com|topbuild|TruTeam_External,common crawl
workday,toppan.wd108.myworkdayjobs.com|toppan|TOPPAN-Packaging,companies.csv
workday,toryburch.wd1.myworkdayjobs.com|toryburch|toryburchcareers,common crawl
workday,totalwine.wd1.myworkdayjobs.com|totalwine|twm,common crawl
workday,townepark.wd5.myworkdayjobs.com|townepark|ext,common crawl
workday,toyota.wd5.myworkdayjobs.com|toyota|TMNA,common crawl
workday,trafigura.wd3.myworkdayjobs.com|trafigura|GalenaCareerSite,common crawl
workday,trafigura.wd3.myworkdayjobs.com|trafigura|ImpalaCareerSite,common crawl
workday,trafigura.wd3.myworkdayjobs.com|trafigura|Puma_Energy_Careers,common crawl
workday,trafigura.wd3.myworkdayjobs.com|trafigura|TrafiguraCareerSite,common crawl
workday,tranetechnologies.wd12.myworkdayjobs.com|tranetechnologies|Trane_Technologies_Careers,common crawl
workday,tranetechnologies.wd12.myworkdayjobs.com|tranetechnologies|trane_technologies_careers,common crawl
workday,transamerica.wd5.myworkdayjobs.com|transamerica|AUK_JobSite,common crawl
workday,transamerica.wd5.myworkdayjobs.com|transamerica|AegonAM,common crawl
workday,transamerica.wd5.myworkdayjobs.com|transamerica|US,common crawl
workday,transamerica.wd5.myworkdayjobs.com|transamerica|us,common crawl
workday,transperfect.wd5.myworkdayjobs.com|transperfect|transperfect,common crawl
workday,transunion.wd5.myworkdayjobs.com|transunion|TransUnion,common crawl
workday,transunion.wd5.myworkdayjobs.com|transunion|es,common crawl
workday,transunion.wd5.myworkdayjobs.com|transunion|transunion,common crawl
workday,travelers.wd5.myworkdayjobs.com|travelers|External,common crawl
workday,travelers.wd5.myworkdayjobs.com|travelers|SimplyBusinesssExternal,common crawl
workday,travelers.wd5.myworkdayjobs.com|travelers|external,common crawl
workday,travelhrportal.wd1.myworkdayjobs.com|travelhrportal|Jobs,common crawl
workday,travelhrportal.wd1.myworkdayjobs.com|travelhrportal|egencia,common crawl
workday,trekbikes.wd1.myworkdayjobs.com|trekbikes|TREK,common crawl
workday,trellix.wd1.myworkdayjobs.com|trellix|EnterpriseCareers,common crawl
workday,trendmicro.wd3.myworkdayjobs.com|trendmicro|External,common crawl
workday,trendmicro.wd3.myworkdayjobs.com|trendmicro|external,common crawl
workday,tricentis.wd1.myworkdayjobs.com|tricentis|Tricentis_Careers,common crawl
workday,tricentis.wd1.myworkdayjobs.com|tricentis|tricentis_careers,companies.csv
workday,trimble.wd1.myworkdayjobs.com|trimble|TrimbleCareers,common crawl
workday,trimble.wd1.myworkdayjobs.com|trimble|trimblecareers,common crawl
workday,trinity.wd1.myworkdayjobs.com|trinity|Trinity_University,common crawl
workday,trinityhealth.wd1.myworkdayjobs.com|trinityhealth|Jobs,common crawl
workday,trojanbattery.wd5.myworkdayjobs.com|trojanbattery|Trojan,common crawl
workday,troweprice.wd5.myworkdayjobs.com|troweprice|TRowePrice,common crawl
workday,trugreen.wd1.myworkdayjobs.com|trugreen|USExternalCareers,common crawl
workday,trugreen.wd1.myworkdayjobs.com|trugreen|usexternalcareers,common crawl
workday,truist.wd1.myworkdayjobs.com|truist|Careers,common crawl
workday,truist.wd1.myworkdayjobs.com|truist|careers,common crawl
workday,trumed.wd1.myworkdayjobs.com|trumed|TMC_External_Career_Site,common crawl
workday,trumpf.wd3.myworkdayjobs.com|trumpf|TRUMPF_Apprenticeships,common crawl
workday,trumpf.wd3.myworkdayjobs.com|trumpf|TRUMPF_Graduates_and_Professionals,common crawl
workday,trumpf.wd3.myworkdayjobs.com|trumpf|TRUMPF_Students,companies.csv
workday,trustage.wd1.myworkdayjobs.com|trustage|TruStage,companies.csv
workday,tsc.wd12.myworkdayjobs.com|tsc|TSC-Careers,companies.csv
workday,tsys.wd1.myworkdayjobs.com|tsys|TSYS,common crawl
workday,tsys.wd1.myworkdayjobs.com|tsys|tsys,common crawl
workday,ttc.wd1.myworkdayjobs.com|ttc|Toro_External_Careers,companies.csv
workday,tti.wd1.myworkdayjobs.com|tti|Milwaukee,common crawl
workday,tti.wd1.myworkdayjobs.com|tti|TTI_PE,common crawl
workday,tti.wd1.myworkdayjobs.com|tti|tti_pe,companies.csv
workday,ttiemea.wd3.myworkdayjobs.com|ttiemea|TTI,common crawl
workday,tucsonaz.wd1.myworkdayjobs.com|tucsonaz|Tucson_Talent,common crawl
workday,turo.wd12.myworkdayjobs.com|turo|Turo_CAREERS,common crawl
workday,turo.wd12.myworkdayjobs.com|turo|Turo_careers,common crawl
workday,tutorperini.wd12.myworkdayjobs.com|tutorperini|external,common crawl
workday,tvc.wd1.myworkdayjobs.com|tvc|external,common crawl
workday,twitter.wd5.myworkdayjobs.com|twitter|X,common crawl
workday,tysonfoods.wd5.myworkdayjobs.com|tysonfoods|TEPI,common crawl
workday,tysonfoods.wd5.myworkdayjobs.com|tysonfoods|TSN,common crawl
workday,tysonfoods.wd5.myworkdayjobs.com|tysonfoods|TSN5,common crawl
workday,uakron.wd1.myworkdayjobs.com|uakron|UACareers,common crawl
workday,uasys.wd5.myworkdayjobs.com|uasys|UACCHT_External_Career_Site,common crawl
workday,uasys.wd5.myworkdayjobs.com|uasys|UAF_External_Career_Site,common crawl
workday,uasys.wd5.myworkdayjobs.com|uasys|UAG_External-Career_Site,common crawl
workday,uasys.wd5.myworkdayjobs.com|uasys|UAMS_All_Careers,common crawl
workday,uasys.wd5.myworkdayjobs.com|uasys|UASYS,common crawl
workday,uasys.wd5.myworkdayjobs.com|uasys|uasys,common crawl
workday,uasys.wd5.myworkdayjobs.com|uasys|uasyswaiverexternalcareersite,common crawl
workday,ubc.wd10.myworkdayjobs.com|ubc|ubcfacultyjobs,common crawl
workday,ubc.wd10.myworkdayjobs.com|ubc|ubcstaffjobs,common crawl
workday,ubc.wd10.myworkdayjobs.com|ubc|ubcstudentjob,common crawl
workday,ucar.wd5.myworkdayjobs.com|ucar|UCAR_Careers,common crawl
workday,ucf.wd1.myworkdayjobs.com|ucf|athletics,common crawl
workday,ucf.wd1.myworkdayjobs.com|ucf|careers,common crawl
workday,uchicago.wd5.myworkdayjobs.com|uchicago|External,common crawl
workday,uchicago.wd5.myworkdayjobs.com|uchicago|external,common crawl
workday,uhaul.wd1.myworkdayjobs.com|uhaul|UhaulJobs,common crawl
workday,uhyus.wd12.myworkdayjobs.com|uhyus|uhy,common crawl
workday,ukgrantt.wd3.myworkdayjobs.com|ukgrantt|CareersGrantThornton,common crawl
workday,ukgrantt.wd3.myworkdayjobs.com|ukgrantt|TraineeCareersGrantThornton,common crawl
workday,uline.wd1.myworkdayjobs.com|uline|EAU_Careers,common crawl
workday,uline.wd1.myworkdayjobs.com|uline|Uline_Careers,common crawl
workday,uline.wd1.myworkdayjobs.com|uline|es,common crawl
workday,uline.wd1.myworkdayjobs.com|uline|uline_careers,common crawl
workday,ulse.wd5.myworkdayjobs.com|ulse|ulricareers,common crawl
workday,ulse.wd5.myworkdayjobs.com|ulse|ulsecareers,common crawl
workday,ulsselu.wd1.myworkdayjobs.com|ulsselu|SLU,common crawl
workday,ulsuno.wd1.myworkdayjobs.com|ulsuno|UniversityOfNewOrleans,common crawl
workday,ultra.wd3.myworkdayjobs.com|ultra|uiccareers,companies.csv
workday,ultra.wd3.myworkdayjobs.com|ultra|ultra-careers,companies.csv
workday,umassglobal.wd5.myworkdayjobs.com|umassglobal|UMassGlobalCareers,common crawl
workday,umb.wd1.myworkdayjobs.com|umb|UMBExternal,companies.csv
workday,umchealthsystem.wd1.myworkdayjobs.com|umchealthsystem|External,common crawl
workday,umchealthsystem.wd1.myworkdayjobs.com|umchealthsystem|external,common crawl
workday,umd.wd1.myworkdayjobs.com|umd|UMCES,common crawl
workday,umd.wd1.myworkdayjobs.com|umd|UMCP,common crawl
workday,umd.wd1.myworkdayjobs.com|umd|UMES,common crawl
workday,umgc.wd1.myworkdayjobs.com|umgc|UMGC_Careers,common crawl
workday,umgc.wd1.myworkdayjobs.com|umgc|umgc_careers,common crawl
workday,umiami.wd1.myworkdayjobs.com|umiami|UMCareerStaff,common crawl
workday,umiami.wd1.myworkdayjobs.com|umiami|UMFaculty,common crawl
workday,ummh.wd1.myworkdayjobs.com|ummh|Careers,common crawl
workday,umphysicians.wd1.myworkdayjobs.com|umphysicians|umpcareers,common crawl
workday,umusic.wd5.myworkdayjobs.com|umusic|UMGAPAC,common crawl
workday,umusic.wd5.myworkdayjobs.com|umusic|UMGUK,common crawl
workday,umusic.wd5.myworkdayjobs.com|umusic|UMGUS,common crawl
workday,unf.wd5.myworkdayjobs.com|unf|unfjobs,common crawl
workday,unhcr.wd3.myworkdayjobs.com|unhcr|External,common crawl
workday,unhcr.wd3.myworkdayjobs.com|unhcr|FormerStaff,common crawl
workday,unhcr.wd3.myworkdayjobs.com|unhcr|formerstaff,common crawl
workday,uni.wd5.myworkdayjobs.com|uni|UNI,common crawl
workday,unilever.wd3.myworkdayjobs.com|unilever|TMICC,common crawl
workday,unilever.wd3.myworkdayjobs.com|unilever|Unilever_Early_Careers,common crawl
workday,unilever.wd3.myworkdayjobs.com|unilever|Unilever_Experienced_Professionals,common crawl
workday,unilever.wd3.myworkdayjobs.com|unilever|tmicc,common crawl
workday,unioncollege.wd5.myworkdayjobs.com|unioncollege|UnionCollegeCareers,common crawl
workday,uniphar.wd3.myworkdayjobs.com|uniphar|uniphar_external_careers,common crawl
workday,unisys.wd5.myworkdayjobs.com|unisys|External,common crawl
workday,unisys.wd5.myworkdayjobs.com|unisys|external,common crawl
workday,unitytech.wd1.myworkdayjobs.com|unitytech|Unity,common crawl
workday,unitytech.wd1.myworkdayjobs.com|unitytech|unity,common crawl
workday,univision.wd1.myworkdayjobs.com|univision|External,common crawl
workday,univision.wd1.myworkdayjobs.com|univision|external,common crawl
workday,unum.wd1.myworkdayjobs.com|unum|External,common crawl
workday,uobgroup.wd3.myworkdayjobs.com|uobgroup|UOBExternal,common crawl
workday,uofl.wd1.myworkdayjobs.com|uofl|UofLCareerSite,common crawl
workday,uofl.wd1.myworkdayjobs.com|uofl|uoflcareersite,common crawl
workday,uoflhealth.wd1.myworkdayjobs.com|uoflhealth|UofLHealthCareers,common crawl
workday,uottawa.wd3.myworkdayjobs.com|uottawa|uOttawa_External_Career_Site,common crawl
workday,upbound.wd501.myworkdayjobs.com|upbound|Acima,companies.csv
workday,upbound.wd501.myworkdayjobs.com|upbound|Upbound,companies.csv
workday,upenn.wd1.myworkdayjobs.com|upenn|PSOM,common crawl
workday,upenn.wd1.myworkdayjobs.com|upenn|careers-at-penn,common crawl
workday,uq.wd3.myworkdayjobs.com|uq|broadbean_external,common crawl
workday,uq.wd3.myworkdayjobs.com|uq|uqcareers,common crawl
workday,uq.wd3.myworkdayjobs.com|uq|uqtitleholderopportunities,common crawl
workday,ur.wd1.myworkdayjobs.com|ur|URcareers,common crawl
workday,ur.wd1.myworkdayjobs.com|ur|urcareers,common crawl
workday,urban.wd1.myworkdayjobs.com|urban|Urban-Careers,common crawl
workday,usaa.wd1.myworkdayjobs.com|usaa|USAAJOBSWD,common crawl
workday,usaa.wd1.myworkdayjobs.com|usaa|usaajobswd,common crawl
workday,usacs.wd1.myworkdayjobs.com|usacs|usacscareers,companies.csv
workday,usbank.wd1.myworkdayjobs.com|usbank|Elavon_Careers,common crawl
workday,usbank.wd1.myworkdayjobs.com|usbank|US_Bank_Careers,common crawl
workday,usbank.wd1.myworkdayjobs.com|usbank|elavon_careers,common crawl
workday,usbank.wd1.myworkdayjobs.com|usbank|us_bank_careers,common crawl
workday,usc.wd5.myworkdayjobs.com|usc|ExternalKeckUSCCareers,common crawl
workday,usc.wd5.myworkdayjobs.com|usc|ExternalUSCCareers,common crawl
workday,usc.wd5.myworkdayjobs.com|usc|externalkeckusccareersnursing,common crawl
workday,usc.wd5.myworkdayjobs.com|usc|externalusccareers,common crawl
workday,usertesting.wd12.myworkdayjobs.com|usertesting|UserTesting,common crawl
workday,usfoods.wd1.myworkdayjobs.com|usfoods|usfoodscareersExternal,common crawl
workday,usfoods.wd1.myworkdayjobs.com|usfoods|usfoodscareersexternal,common crawl
workday,usicinc.wd5.myworkdayjobs.com|usicinc|BloodHoundCareers,common crawl
workday,usicinc.wd5.myworkdayjobs.com|usicinc|RECONNCareers,common crawl
workday,usicinc.wd5.myworkdayjobs.com|usicinc|USICCareers,common crawl
workday,usnh.wd5.myworkdayjobs.com|usnh|Careers,companies.csv
workday,usventure.wd1.myworkdayjobs.com|usventure|usvexternal,companies.csv
workday,usyd.wd3.myworkdayjobs.com|usyd|USYD_EXTERNAL_CAREER_SITE,common crawl
workday,utampa.wd1.myworkdayjobs.com|utampa|Faculty,common crawl
workday,utampa.wd1.myworkdayjobs.com|utampa|Staff,common crawl
workday,utampa.wd1.myworkdayjobs.com|utampa|faculty,common crawl
workday,utaustin.wd1.myworkdayjobs.com|utaustin|UTstaff,common crawl
workday,utaustin.wd1.myworkdayjobs.com|utaustin|UTstudent,common crawl
workday,utaustin.wd1.myworkdayjobs.com|utaustin|utstaff,common crawl
workday,utaustin.wd1.myworkdayjobs.com|utaustin|utstudent,companies.csv
workday,uva.wd1.myworkdayjobs.com|uva|UVAJobs,common crawl
workday,uva.wd1.myworkdayjobs.com|uva|UVAStudentJobs,common crawl
workday,uva.wd1.myworkdayjobs.com|uva|uvastudentjobs,companies.csv
workday,uwaterloo.wd3.myworkdayjobs.com|uwaterloo|CUPE_5524,common crawl
workday,uwaterloo.wd3.myworkdayjobs.com|uwaterloo|uw_careers,common crawl
workday,valeo.wd3.myworkdayjobs.com|valeo|valeo_jobs,common crawl
workday,valleychildrens.wd12.myworkdayjobs.com|valleychildrens|VCH_External,common crawl
workday,valleyhealth.wd12.myworkdayjobs.com|valleyhealth|Valley_Health_System_Careers_,common crawl
workday,valleyhealth.wd12.myworkdayjobs.com|valleyhealth|valley_health_system_careers_,common crawl
workday,valmet.wd3.myworkdayjobs.com|valmet|External,common crawl
workday,vanderlande.wd3.myworkdayjobs.com|vanderlande|TALExternalCareers,common crawl
workday,vanderlande.wd3.myworkdayjobs.com|vanderlande|careers,common crawl
workday,vanguard.wd5.myworkdayjobs.com|vanguard|vanguard_external,companies.csv
workday,vantagedc.wd1.myworkdayjobs.com|vantagedc|Vantage,companies.csv
workday,vareximaging.wd103.myworkdayjobs.com|vareximaging|External_Career_Site,companies.csv
workday,vassar.wd1.myworkdayjobs.com|vassar|Vassar-External,common crawl
workday,velco.wd12.myworkdayjobs.com|velco|VELCO,common crawl
workday,velux.wd3.myworkdayjobs.com|velux|Velux_Commercial,common crawl
workday,velux.wd3.myworkdayjobs.com|velux|Velux_Residential,common crawl
workday,venaenergy.wd102.myworkdayjobs.com|venaenergy|External,common crawl
workday,veoliauki.wd3.myworkdayjobs.com|veoliauki|SUOCareers,common crawl
workday,veoliauki.wd3.myworkdayjobs.com|veoliauki|VESCareers,common crawl
workday,veoliauki.wd3.myworkdayjobs.com|veoliauki|VWTCareers,common crawl
workday,veoliauki.wd3.myworkdayjobs.com|veoliauki|VeoliaIrelandCareers,common crawl
workday,veralto.wd1.myworkdayjobs.com|veralto|hachjobs,companies.csv
workday,verawholehealth.wd1.myworkdayjobs.com|verawholehealth|CareMore,common crawl
workday,verawholehealth.wd1.myworkdayjobs.com|verawholehealth|Castlight,common crawl
workday,verawholehealth.wd1.myworkdayjobs.com|verawholehealth|External,common crawl
workday,verawholehealth.wd1.myworkdayjobs.com|verawholehealth|Vera,common crawl
workday,verdantas.wd108.myworkdayjobs.com|verdantas|Verdantas,companies.csv
workday,verily.wd1.myworkdayjobs.com|verily|Verily_Careers,common crawl
workday,verizon.wd12.myworkdayjobs.com|verizon|verizon-careers,companies.csv
workday,vermeer.wd5.myworkdayjobs.com|vermeer|externalcareersite,companies.csv
workday,vermilionenergy.wd10.myworkdayjobs.com|vermilionenergy|VEI_EXTERNAL,common crawl
workday,vetsource.wd1.myworkdayjobs.com|vetsource|vetsource_careers,common crawl
workday,vfc.wd5.myworkdayjobs.com|vfc|vfc_careers,companies.csv
workday,vhaca.wd10.myworkdayjobs.com|vhaca|Champlain,common crawl
workday,vhaca.wd10.myworkdayjobs.com|vhaca|VHA,common crawl
workday,vhr-atlantahousing.wd1.myworkdayjobs.com|vhr-atlantahousing|External,common crawl
workday,vhr-genband.wd1.myworkdayjobs.com|vhr-genband|ribboncareers,common crawl
workday,vhr-osvhr.wd1.myworkdayjobs.com|vhr-osvhr|OSV_External_Career_Site,common crawl
workday,vhr-otsuka.wd1.myworkdayjobs.com|vhr-otsuka|Bonafide,common crawl
workday,vhr-otsuka.wd1.myworkdayjobs.com|vhr-otsuka|External,common crawl
workday,vhr-otsuka.wd1.myworkdayjobs.com|vhr-otsuka|Japan_External_Career_Site_OHD,common crawl
workday,vhr-otsuka.wd1.myworkdayjobs.com|vhr-otsuka|Japan_External_Career_Site_OPC,common crawl
workday,vhr-otsuka.wd1.myworkdayjobs.com|vhr-otsuka|MegaFood,common crawl
workday,vhr-otsuka.wd1.myworkdayjobs.com|vhr-otsuka|Pharmavite,common crawl
workday,vhr-otsuka.wd1.myworkdayjobs.com|vhr-otsuka|RidgeExternal,common crawl
workday,viatris.wd5.myworkdayjobs.com|viatris|External,companies.csv
workday,viavisolutions.wd1.myworkdayjobs.com|viavisolutions|careers,companies.csv
workday,victaulic.wd1.myworkdayjobs.com|victaulic|victaulic_careers,common crawl
workday,visa.wd5.myworkdayjobs.com|visa|Visa,companies.csv
workday,vishay.wd3.myworkdayjobs.com|vishay|VishayCareers,common crawl
workday,vishay.wd3.myworkdayjobs.com|vishay|vishaycareers,common crawl
workday,vitalant.wd12.myworkdayjobs.com|vitalant|Careers,common crawl
workday,vitalant.wd12.myworkdayjobs.com|vitalant|PlasmaSourceCareers,common crawl
workday,vizient.wd1.myworkdayjobs.com|vizient|Vizient_Careers,common crawl
workday,vizient.wd1.myworkdayjobs.com|vizient|vizient_careers,common crawl
workday,volarisgroup.wd3.myworkdayjobs.com|volarisgroup|Aislelabs,common crawl
workday,volarisgroup.wd3.myworkdayjobs.com|volarisgroup|AssetWorks,companies.csv
workday,volarisgroup.wd3.myworkdayjobs.com|volarisgroup|BiblioCommons,companies.csv
workday,volarisgroup.wd3.myworkdayjobs.com|volarisgroup|CaterTrax,common crawl
workday,volarisgroup.wd3.myworkdayjobs.com|volarisgroup|ChevinFleet,common crawl
workday,volarisgroup.wd3.myworkdayjobs.com|volarisgroup|ClickDimensions,common crawl
workday,volarisgroup.wd3.myworkdayjobs.com|volarisgroup|Clickdimensions,common crawl
workday,volarisgroup.wd3.myworkdayjobs.com|volarisgroup|InTempo,common crawl
workday,volarisgroup.wd3.myworkdayjobs.com|volarisgroup|Intellicene,common crawl
workday,volarisgroup.wd3.myworkdayjobs.com|volarisgroup|Metafile,common crawl
workday,volarisgroup.wd3.myworkdayjobs.com|volarisgroup|Primetics,common crawl
workday,volarisgroup.wd3.myworkdayjobs.com|volarisgroup|Squirrels,common crawl
workday,volarisgroup.wd3.myworkdayjobs.com|volarisgroup|TOPAZ,common crawl
workday,volarisgroup.wd3.myworkdayjobs.com|volarisgroup|Tribute,common crawl
workday,volarisgroup.wd3.myworkdayjobs.com|volarisgroup|TripSpark,common crawl
workday,volarisgroup.wd3.myworkdayjobs.com|volarisgroup|Volaris,common crawl
workday,volarisgroup.wd3.myworkdayjobs.com|volarisgroup|WennSoft,common crawl
workday,volarisgroup.wd3.myworkdayjobs.com|volarisgroup|Windward,common crawl
workday,volarisgroup.wd3.myworkdayjobs.com|volarisgroup|WynneNA,common crawl
workday,volarisgroup.wd3.myworkdayjobs.com|volarisgroup|dragintra,common crawl
workday,volarisgroup.wd3.myworkdayjobs.com|volarisgroup|squirrels,common crawl
workday,volarisgroup.wd3.myworkdayjobs.com|volarisgroup|volaris,companies.csv
workday,vrtx.wd501.myworkdayjobs.com|vrtx|vertex_careers,companies.csv
workday,vsp.wd1.myworkdayjobs.com|vsp|DoctorCareers,common crawl
workday,vsp.wd1.myworkdayjobs.com|vsp|VSPGlobalCareers,common crawl
workday,vsp.wd1.myworkdayjobs.com|vsp|VSPVisionCareers,common crawl
workday,vsp.wd1.myworkdayjobs.com|vsp|vspvisioncareers,common crawl
workday,vst.wd5.myworkdayjobs.com|vst|vistra_careers,companies.csv
workday,vwr.wd1.myworkdayjobs.com|vwr|avantorJobs,common crawl
workday,vwr.wd1.myworkdayjobs.com|vwr|avantorjobs,common crawl
workday,wacounty.wd12.myworkdayjobs.com|wacounty|Careers,common crawl
workday,walkerdunlop.wd1.myworkdayjobs.com|walkerdunlop|WD,common crawl
workday,walmart.wd504.myworkdayjobs.com|walmart|WalmartExternal,companies.csv
workday,warnerbros.wd5.myworkdayjobs.com|warnerbros|global,companies.csv
workday,washpost.wd5.myworkdayjobs.com|washpost|washingtonpostcareers,companies.csv
workday,wasteconnections.wd1.myworkdayjobs.com|wasteconnections|Careers,common crawl
workday,wattswater.wd5.myworkdayjobs.com|wattswater|Intern-External,companies.csv
workday,waystar.wd1.myworkdayjobs.com|waystar|Waystar,common crawl
workday,web.wd1.myworkdayjobs.com|web|DN1,common crawl
workday,web.wd1.myworkdayjobs.com|web|ExternalCareerSite,common crawl
workday,web.wd1.myworkdayjobs.com|web|HostGator,common crawl
workday,web.wd1.myworkdayjobs.com|web|externalcareersite,common crawl
workday,webcotube.wd12.myworkdayjobs.com|webcotube|OGI,common crawl
workday,webcotube.wd12.myworkdayjobs.com|webcotube|Webco,common crawl
workday,weber.wd115.myworkdayjobs.com|weber|WB,common crawl
workday,websteronline.wd12.myworkdayjobs.com|websteronline|AmetrosExternalCareerSite,common crawl
workday,websteronline.wd12.myworkdayjobs.com|websteronline|HSAExternalCareerSite,common crawl
workday,websteronline.wd12.myworkdayjobs.com|websteronline|WebsterExternalCareerSite,common crawl
workday,websteronline.wd12.myworkdayjobs.com|websteronline|hsaexternalcareersite,common crawl
workday,websteronline.wd12.myworkdayjobs.com|websteronline|websterexternalcareersite,common crawl
workday,weforum.wd3.myworkdayjobs.com|weforum|Forum_Careers,common crawl
workday,wegmans.wd1.myworkdayjobs.com|wegmans|wegmans,common crawl
workday,weir.wd3.myworkdayjobs.com|weir|Weir_External_Careers,common crawl
workday,weis.wd108.myworkdayjobs.com|weis|Careers,common crawl
workday,wellcome.wd3.myworkdayjobs.com|wellcome|Wellcome,common crawl
workday,wellesley.wd1.myworkdayjobs.com|wellesley|wellesley-faculty,common crawl
workday,wellesley.wd1.myworkdayjobs.com|wellesley|wellesley-staff,common crawl
workday,wellington.wd5.myworkdayjobs.com|wellington|external,companies.csv
workday,wellsky.wd1.myworkdayjobs.com|wellsky|WellSkyCareers,common crawl
workday,welocalize.wd1.myworkdayjobs.com|welocalize|welocalize,companies.csv
workday,westernunion.wd5.myworkdayjobs.com|westernunion|WesternUnionJobs,companies.csv
workday,wework.wd1.myworkdayjobs.com|wework|Corporate,common crawl
workday,wework.wd1.myworkdayjobs.com|wework|WeWork,common crawl
workday,wexinc.wd5.myworkdayjobs.com|wexinc|WEXInc,companies.csv
workday,wfu.wd1.myworkdayjobs.com|wfu|Faculty_Career_Website_live,common crawl
workday,wfu.wd1.myworkdayjobs.com|wfu|Staff_Career_Website_live,common crawl
workday,wfu.wd1.myworkdayjobs.com|wfu|staff_career_website_live,common crawl
workday,wgl.wd5.myworkdayjobs.com|wgl|altagas,companies.csv
workday,whitecap.wd1.myworkdayjobs.com|whitecap|Careers,common crawl
workday,whitecap.wd1.myworkdayjobs.com|whitecap|careers,common crawl
workday,wiley.wd1.myworkdayjobs.com|wiley|wiley_careers,common crawl
workday,wilhelmsen.wd3.myworkdayjobs.com|wilhelmsen|Norsea_Norway,common crawl
workday,williammary.wd12.myworkdayjobs.com|williammary|WM,common crawl
workday,williams.wd5.myworkdayjobs.com|williams|External,companies.csv
workday,wintrust.wd1.myworkdayjobs.com|wintrust|Search,common crawl
workday,wisconsin.wd1.myworkdayjobs.com|wisconsin|UW_Comprehensives,common crawl
workday,wisconsin.wd1.myworkdayjobs.com|wisconsin|UW_Madison,common crawl
workday,wisconsin.wd1.myworkdayjobs.com|wisconsin|UW_Milwaukee,common crawl
workday,wisconsin.wd1.myworkdayjobs.com|wisconsin|UW_Students,common crawl
workday,wisconsin.wd1.myworkdayjobs.com|wisconsin|uw_comprehensives,common crawl
workday,wisconsin.wd1.myworkdayjobs.com|wisconsin|uw_madison,common crawl
workday,wk.wd3.myworkdayjobs.com|wk|External,common crawl
workday,wk.wd3.myworkdayjobs.com|wk|external,common crawl
workday,wmeimg.wd1.myworkdayjobs.com|wmeimg|160over90US,common crawl
workday,wmeimg.wd1.myworkdayjobs.com|wmeimg|160over90us,common crawl
workday,wmeimg.wd1.myworkdayjobs.com|wmeimg|ENDEAVOR,common crawl
workday,wmeimg.wd1.myworkdayjobs.com|wmeimg|ENDEAVOREARLYCAREERS,common crawl
workday,wmeimg.wd1.myworkdayjobs.com|wmeimg|IMG,common crawl
workday,wmeimg.wd1.myworkdayjobs.com|wmeimg|MARI,common crawl
workday,wmeimg.wd1.myworkdayjobs.com|wmeimg|On_Location,common crawl
workday,wmeimg.wd1.myworkdayjobs.com|wmeimg|WME,common crawl
workday,wmeimg.wd1.myworkdayjobs.com|wmeimg|WMEGRP,common crawl
workday,wmeimg.wd1.myworkdayjobs.com|wmeimg|WMEIMGSTUDIOS,common crawl
workday,wmeimg.wd1.myworkdayjobs.com|wmeimg|WMEIMGUS,common crawl
workday,wmeimg.wd1.myworkdayjobs.com|wmeimg|on_location,common crawl
workday,wmeimg.wd1.myworkdayjobs.com|wmeimg|private,common crawl
workday,wmg.wd1.myworkdayjobs.com|wmg|WMGGERMANY,common crawl
workday,wmg.wd1.myworkdayjobs.com|wmg|WMGGLOBAL,common crawl
workday,wmg.wd1.myworkdayjobs.com|wmg|WMGUS,common crawl
workday,wonder.wd1.myworkdayjobs.com|wonder|Grubhub_Careers,common crawl
workday,wonder.wd1.myworkdayjobs.com|wonder|WG,common crawl
workday,wonder.wd1.myworkdayjobs.com|wonder|grubhub_careers,common crawl
workday,wonder.wd1.myworkdayjobs.com|wonder|wg,common crawl
workday,woodbineentertainment.wd10.myworkdayjobs.com|woodbineentertainment|EXT,common crawl
workday,woodward.wd5.myworkdayjobs.com|woodward|woodward,companies.csv
workday,workiva.wd1.myworkdayjobs.com|workiva|careers,common crawl
workday,workiva.wd1.myworkdayjobs.com|workiva|parseportcareers,common crawl
workday,worldvision.wd1.myworkdayjobs.com|worldvision|WorldVisionInternational,common crawl
workday,worldvision.wd1.myworkdayjobs.com|worldvision|es,common crawl
workday,worldvision.wd1.myworkdayjobs.com|worldvision|worldvisioninternational,common crawl
workday,woundedwarriorproject.wd5.myworkdayjobs.com|woundedwarriorproject|wwp,companies.csv
workday,wpi.wd5.myworkdayjobs.com|wpi|WPI_External_Career_Site,companies.csv
workday,wpunj.wd1.myworkdayjobs.com|wpunj|ext,common crawl
workday,wto.wd3.myworkdayjobs.com|wto|External,common crawl
workday,wts.wd3.myworkdayjobs.com|wts|wts,common crawl
workday,wustl.wd1.myworkdayjobs.com|wustl|External,common crawl
workday,wustl.wd1.myworkdayjobs.com|wustl|external,common crawl
workday,wvumedicine.wd1.myworkdayjobs.com|wvumedicine|PEAK,common crawl
workday,wvumedicine.wd1.myworkdayjobs.com|wvumedicine|UHA,common crawl
workday,wvumedicine.wd1.myworkdayjobs.com|wvumedicine|WVUH,common crawl
workday,wvumedicine.wd1.myworkdayjobs.com|wvumedicine|wvuh,common crawl
workday,wyandotmemorial.wd1.myworkdayjobs.com|wyandotmemorial|WMH_Careers,common crawl
workday,wycliffe.wd1.myworkdayjobs.com|wycliffe|UKD_Employees,common crawl
workday,wycokck.wd1.myworkdayjobs.com|wycokck|RECExternalCareers,common crawl
workday,xboxgaming.wd1.myworkdayjobs.com|xboxgaming|External,common crawl
workday,xboxgaming.wd1.myworkdayjobs.com|xboxgaming|King_External_Careers,common crawl
workday,xcelenergy.wd1.myworkdayjobs.com|xcelenergy|External,common crawl
workday,xenergy.wd5.myworkdayjobs.com|xenergy|X-energyUS,companies.csv
workday,xstar.wd102.myworkdayjobs.com|xstar|External,common crawl
workday,xylem.wd5.myworkdayjobs.com|xylem|xylem-careers,companies.csv
workday,yai.wd5.myworkdayjobs.com|yai|careers,companies.csv
workday,youthvillages.wd1.myworkdayjobs.com|youthvillages|youthvillagescareers,common crawl
workday,zayo.wd1.myworkdayjobs.com|zayo|zayo_careers,companies.csv
workday,zeissgroup.wd3.myworkdayjobs.com|zeissgroup|External,common crawl
workday,zeissgroup.wd3.myworkdayjobs.com|zeissgroup|external,common crawl
workday,zekelman.wd12.myworkdayjobs.com|zekelman|Careers,companies.csv
workday,zelis.wd1.myworkdayjobs.com|zelis|ZelisCareers,common crawl
workday,zendesk.wd1.myworkdayjobs.com|zendesk|zendesk,common crawl
workday,zentiva.wd3.myworkdayjobs.com|zentiva|Zentiva,common crawl
workday,zentiva.wd3.myworkdayjobs.com|zentiva|zentiva,common crawl
workday,zeppelin.wd3.myworkdayjobs.com|zeppelin|careers,common crawl
workday,zeppelin.wd3.myworkdayjobs.com|zeppelin|sitech-careers,common crawl
workday,zillow.wd5.myworkdayjobs.com|zillow|Zillow_Group_External,companies.csv
workday,zoetis.wd5.myworkdayjobs.com|zoetis|zoetis,companies.csv
workday,zoll.wd5.myworkdayjobs.com|zoll|ZOLLMedicalCorp,companies.csv
workday,zoom.wd5.myworkdayjobs.com|zoom|zoom,companies.csv
