name,ats,slug,tier,years,past_roles,open_jobs
RTX,workday,globalhr.wd5.myworkdayjobs.com|globalhr|rec_rtx_ext_gateway,priority,2025 2026 2027,498,4855
Leidos,workday,leidos.wd5.myworkdayjobs.com|leidos|External,priority,2025 2026 2027,329,2000
PennState University,workday,psu.wd1.myworkdayjobs.com|psu|PSU_Staff,priority,2025 2026 2027,294,1444
Booz Allen,workday,bah.wd1.myworkdayjobs.com|bah|bah_jobs,priority,2025 2026 2027,264,2000
Johnson & Johnson,workday,jj.wd5.myworkdayjobs.com|jj|JJ,priority,2025 2026 2027,204,2047
NVIDIA,workday,nvidia.wd5.myworkdayjobs.com|nvidia|NVIDIAExternalCareerSite,priority,2025 2026 2027,191,2000
Royal Bank of Canada,workday,rbc.wd3.myworkdayjobs.com|rbc|RBCEARLYTALENT1,priority,2025 2026 2027,174,52
Intel,workday,intel.wd1.myworkdayjobs.com|intel|external,priority,2025 2026 2027,161,621
Micron Technology,workday,micron.wd1.myworkdayjobs.com|micron|External,priority,2025 2026 2027,156,3059
The Walt Disney Company,workday,disney.wd5.myworkdayjobs.com|disney|disneycareerdc,priority,2025 2026 2027,153,706
CACI,workday,caci.wd1.myworkdayjobs.com|caci|external,priority,2025 2026 2027,152,1871
Applied Materials,workday,amat.wd1.myworkdayjobs.com|amat|External,priority,2025 2026 2027,147,2000
CAE,workday,cae.wd3.myworkdayjobs.com|cae|career,priority,2025 2026 2027,147,349
Bank of Montreal,workday,bmo.wd3.myworkdayjobs.com|bmo|Privileged,priority,2025 2026 2027,131,38
Palantir,lever,palantir,priority,2025 2026 2027,130,321
Motorola,workday,motorolasolutions.wd5.myworkdayjobs.com|motorolasolutions|Careers,priority,2025 2026 2027,123,900
Ciena,workday,ciena.wd5.myworkdayjobs.com|ciena|Careers,priority,2025 2026 2027,120,148
Moog,workday,moog.wd5.myworkdayjobs.com|moog|moog_external_career_site,priority,2025 2026 2027,116,496
T-Mobile,workday,tmobile.wd1.myworkdayjobs.com|tmobile|External,priority,2025 2026 2027,114,2000
TD Bank,workday,td.wd3.myworkdayjobs.com|td|TD_Bank_Careers,priority,2025 2026 2027,114,1858
GE Vernova,workday,gevernova.wd5.myworkdayjobs.com|gevernova|only_confidential_executive_recruiting,priority,2025 2026 2027,108,2425
Northrop Grumman,workday,ngc.wd1.myworkdayjobs.com|ngc|Northrop_Grumman_External_Site,priority,2025 2026 2027,108,3817
CIBC,workday,cibc.wd3.myworkdayjobs.com|cibc|campus,priority,2025 2026 2027,102,61
Copart,workday,copart.wd12.myworkdayjobs.com|copart|copart,priority,2025 2026 2027,102,377
KBR,workday,kbr.wd5.myworkdayjobs.com|kbr|KBR_Careers,priority,2025 2026 2027,97,1794
Sun Life,workday,sunlife.wd3.myworkdayjobs.com|sunlife|Campus,priority,2025 2026 2027,96,21
Cadence Design Systems,workday,cadence.wd1.myworkdayjobs.com|cadence|External_Careers,priority,2025 2026 2027,93,616
Fidelity Investments,workday,fmr.wd1.myworkdayjobs.com|fmr|targeted,priority,2025 2026 2027,87,209
Astranis,greenhouse,astranis,priority,2025 2026 2027,85,165
Capital One,workday,capitalone.wd12.myworkdayjobs.com|capitalone|Capital_One,priority,2025 2026 2027,83,1849
Centific,workday,centific.wd1.myworkdayjobs.com|centific|Centific_Global,priority,2025 2026 2027,81,136
Geotab,greenhouse,internshiplist2000,priority,2025 2026 2027,81,26
Schweitzer Engineering Laboratories,workday,selinc.wd1.myworkdayjobs.com|selinc|SEL,priority,2025 2026 2027,80,291
Amentum,workday,pae.wd1.myworkdayjobs.com|pae|amentum_careers,priority,2025 2026 2027,78,2737
Zoox,lever,zoox,priority,2025 2026 2027,77,242
Autodesk,workday,autodesk.wd1.myworkdayjobs.com|autodesk|uni,priority,2025 2026 2027,75,27
Tencent,workday,tencent.wd1.myworkdayjobs.com|tencent|Tencent_Careers,priority,2025 2026 2027,75,306
Intelcom | Dragonfly,workday,intelcomgroup.wd3.myworkdayjobs.com|intelcomgroup|Intelcom,priority,2025 2026 2027,72,154
CWAN,workday,clearwateranalytics.wd1.myworkdayjobs.com|clearwateranalytics|Clearwater_Analytics_Careers,priority,2025 2026 2027,69,276
University of Texas at Austin,workday,utaustin.wd1.myworkdayjobs.com|utaustin|utstudent,priority,2025 2026 2027,69,181
General Dynamics Information Technology,workday,gdit.wd5.myworkdayjobs.com|gdit|external_career_site,priority,2025 2026 2027,66,1184
NXP Semiconductors,workday,nxp.wd3.myworkdayjobs.com|nxp|careers,priority,2025 2026 2027,66,820
Teledyne,workday,flir.wd1.myworkdayjobs.com|flir|flircareers,priority,2025 2026 2027,65,760
Parsons,workday,parsons.wd5.myworkdayjobs.com|parsons|search,priority,2025 2026 2027,63,1955
Philips,workday,philips.wd3.myworkdayjobs.com|philips|jobs-and-careers,priority,2025 2026 2027,62,867
Analog Devices,workday,analogdevices.wd1.myworkdayjobs.com|analogdevices|External,priority,2025 2026 2027,60,850
Intact,workday,intactfc.wd3.myworkdayjobs.com|intactfc|intactfc,priority,2025 2026 2027,60,212
PlusAI,lever,plus-2,priority,2025 2026 2027,60,41
Samsung,workday,sec.wd3.myworkdayjobs.com|sec|Samsung_Careers,priority,2025 2026 2027,60,752
ABB,workday,abb.wd3.myworkdayjobs.com|abb|external_career_page,priority,2025 2026 2027,59,2000
Brunswick,workday,brunswick.wd1.myworkdayjobs.com|brunswick|search,priority,2025 2026 2027,57,463
1Password,ashby,1password,priority,2025 2026 2027,54,63
AeroVironment,workday,avav.wd1.myworkdayjobs.com|avav|avav,priority,2025 2026 2027,54,364
Aptiv,workday,aptiv.wd5.myworkdayjobs.com|aptiv|aptiv_careers,priority,2025 2026 2027,54,743
GE Healthcare,workday,gehc.wd5.myworkdayjobs.com|gehc|GEHC_ExternalSite,priority,2025 2026 2027,54,946
General Motors,workday,generalmotors.wd5.myworkdayjobs.com|generalmotors|Careers_GM,priority,2025 2026 2027,54,849
Hewlett Packard (HP),workday,hp.wd5.myworkdayjobs.com|hp|EXTEU-AC-CareerSite,priority,2025 2026 2027,54,1238
KLA,workday,kla.wd1.myworkdayjobs.com|kla|UR,priority,2025 2026 2027,54,59
The Boeing Company,workday,boeing.wd1.myworkdayjobs.com|boeing|EXTERNAL_CAREERS,priority,2025 2026 2027,53,773
Cloudflare,greenhouse,cloudflare,priority,2025 2026 2027,52,393
Bose,workday,boseallaboutme.wd503.myworkdayjobs.com|boseallaboutme|Bose_Careers,priority,2025 2026 2027,51,78
Resmed,workday,resmed.wd3.myworkdayjobs.com|resmed|ResMed_External_Careers,priority,2025 2026 2027,51,236
Revvity,workday,revvity.wd103.myworkdayjobs.com|revvity|External,priority,2025 2026 2027,51,129
Sigma Computing,greenhouse,sigmacomputing,priority,2025 2026 2027,51,67
GE Aerospace,workday,geaerospace.wd5.myworkdayjobs.com|geaerospace|ge_externalsite,priority,2025 2026 2027,48,522
Generac,workday,generac.wd5.myworkdayjobs.com|generac|external,priority,2025 2026 2027,48,424
Fab2,ashby,fab2,priority,2025 2026 2027,45,61
Jabil,workday,jabil.wd5.myworkdayjobs.com|jabil|Jabil_Careers,priority,2025 2026 2027,45,2000
Manulife Financial,workday,manulife.wd3.myworkdayjobs.com|manulife|MFCJH_Jobs,priority,2025 2026 2027,45,728
Oshkosh,workday,oshkoshcorporation.wd5.myworkdayjobs.com|oshkoshcorporation|Oshkosh,priority,2025 2026 2027,45,574
PricewaterhouseCoopers (PwC),workday,pwc.wd3.myworkdayjobs.com|pwc|Global_Campus_Careers,priority,2025 2026 2027,45,1499
Procter & Gamble (P&G),workday,pg.wd5.myworkdayjobs.com|pg|1000,priority,2025 2026 2027,45,808
Proofpoint,workday,proofpoint.wd5.myworkdayjobs.com|proofpoint|proofpointcareers,priority,2025 2026 2027,45,133
Verkada,greenhouse,verkada,priority,2025 2026 2027,44,301
Ambarella,workday,ambarella.wd108.myworkdayjobs.com|ambarella|ambarella,priority,2025 2026 2027,42,38
Blue Origin,workday,blueorigin.wd5.myworkdayjobs.com|blueorigin|blueorigin,priority,2025 2026 2027,42,1757
GE Appliances,workday,haier.wd3.myworkdayjobs.com|haier|ge_appliances,priority,2025 2026 2027,42,175
Loblaw Companies,workday,myview.wd3.myworkdayjobs.com|myview|paradox_careers,priority,2025 2026 2027,42,13875
Marvell,workday,marvell.wd1.myworkdayjobs.com|marvell|MarvellCareers,priority,2025 2026 2027,42,249
Merck,workday,msd.wd5.myworkdayjobs.com|msd|searchjobs,priority,2025 2026 2027,42,1079
Radiance Technologies,workday,radiancetech.wd12.myworkdayjobs.com|radiancetech|Radiance_External,priority,2025 2026 2027,42,96
S&P Global,workday,spgi.wd5.myworkdayjobs.com|spgi|SPGI_Careers,priority,2025 2026 2027,42,275
Together AI,greenhouse,togetherai,priority,2025 2026 2027,42,78
Xcel Energy,workday,xcelenergy.wd1.myworkdayjobs.com|xcelenergy|External,priority,2025 2026 2027,42,274
Altera Corporation,workday,altera.wd1.myworkdayjobs.com|altera|altera,priority,2025 2026 2027,39,217
American University,workday,american.wd1.myworkdayjobs.com|american|au,priority,2025 2026 2027,39,136
CCC Intelligent Solutions,workday,cccis.wd1.myworkdayjobs.com|cccis|broadbean_external,priority,2025 2026 2027,39,29
Genentech,workday,roche.wd3.myworkdayjobs.com|roche|ROG-A2O-GENE,priority,2025 2026 2027,39,225
Harris Computer,workday,harriscomputer.wd3.myworkdayjobs.com|harriscomputer|1,priority,2025 2026 2027,39,234
Interdigital,workday,interdigital.wd5.myworkdayjobs.com|interdigital|InterDigital_Intern,priority,2025 2026 2027,39,4
Meridian Partners,greenhouse,morsecorpcoop,priority,2025 2026 2027,39,21
Stryker,workday,stryker.wd1.myworkdayjobs.com|stryker|StrykerCareers,priority,2025 2026 2027,39,1475
Visa,workday,visa.wd5.myworkdayjobs.com|visa|Visa,priority,2025 2026 2027,39,778
Wex,workday,wexinc.wd5.myworkdayjobs.com|wexinc|WEXInc,priority,2025 2026 2027,39,98
Amgen,workday,amgen.wd1.myworkdayjobs.com|amgen|careers,priority,2025 2026 2027,38,1746
Etched.ai,ashby,etched,priority,2025 2026 2027,38,110
Airbus,workday,ag.wd3.myworkdayjobs.com|ag|Airbus,priority,2025 2026 2027,36,2000
Barclays,workday,barclays.wd3.myworkdayjobs.com|barclays|External_Career_Site_Barclays,priority,2025 2026 2027,36,813
Blackberry,workday,bb.wd3.myworkdayjobs.com|bb|Student,priority,2025 2026 2027,36,0
BorgWarner,workday,borgwarner.wd5.myworkdayjobs.com|borgwarner|BorgWarner_Careers,priority,2025 2026 2027,36,313
Draper,workday,draper.wd5.myworkdayjobs.com|draper|Draper_Careers,priority,2025 2026 2027,36,212
F5,workday,ffive.wd5.myworkdayjobs.com|ffive|f5jobs,priority,2025 2026 2027,36,226
First National Bank,workday,fnbcorp.wd501.myworkdayjobs.com|fnbcorp|FNBCORP,priority,2025 2026 2027,36,320
G-Research,workday,gresearch.wd103.myworkdayjobs.com|gresearch|G-Research,priority,2025 2026 2027,36,64
KION Group,workday,kiongroup.wd3.myworkdayjobs.com|kiongroup|kiongroup,priority,2025 2026 2027,36,977
Lumentum,workday,lumentum.wd5.myworkdayjobs.com|lumentum|LITE,priority,2025 2026 2027,36,241
National Information Solutions Cooperative (NISC),greenhouse,testnisc,priority,2025 2026 2027,36,40
Onto Innovation,workday,onto.wd1.myworkdayjobs.com|onto|onto_careers,priority,2025 2026 2027,36,199
Tatari,greenhouse,tatari,priority,2025 2026 2027,36,52
The Home Depot,workday,homedepot.wd5.myworkdayjobs.com|homedepot|CareerDepotCanada,priority,2025 2026 2027,36,505
University of Virginia,workday,uva.wd1.myworkdayjobs.com|uva|uvastudentjobs,priority,2025 2026 2027,36,107
The Nuclear Company,greenhouse,thenuclearcompany,priority,2025 2026 2027,35,72
The Campbell's Company,workday,campbellsoup.wd5.myworkdayjobs.com|campbellsoup|externalcareers_globalsite,priority,2025 2026 2027,34,306
Actian,lever,actian,priority,2025 2026 2027,33,11
Entegris,workday,entegris.wd1.myworkdayjobs.com|entegris|entegriscareers,priority,2025 2026 2027,33,604
Flagship Pioneering,greenhouse,fspco-op012325,priority,2025 2026 2027,33,24
KLA Corporation,workday,kla.wd1.myworkdayjobs.com|kla|search,priority,2025 2026 2027,33,1027
Leonardo,workday,leonardocompany.wd3.myworkdayjobs.com|leonardocompany|LeonardoCareerSite,priority,2025 2026 2027,33,755
McGill University,workday,mcgill.wd3.myworkdayjobs.com|mcgill|McGill_Careers,priority,2025 2026 2027,33,242
McKesson,workday,mckesson.wd3.myworkdayjobs.com|mckesson|External_Careers,priority,2025 2026 2027,33,568
Palo Alto Networks,workday,paloaltonetworks.wd5.myworkdayjobs.com|paloaltonetworks|panwexternalcareers,priority,2025 2026 2027,33,1510
Snowflake,ashby,snowflake,priority,2025 2026 2027,33,348
The Toro Company,workday,ttc.wd1.myworkdayjobs.com|ttc|Toro_External_Careers,priority,2025 2026 2027,33,207
The Travelers Companies,workday,travelers.wd5.myworkdayjobs.com|travelers|External,priority,2025 2026 2027,33,361
Zoom,workday,zoom.wd5.myworkdayjobs.com|zoom|zoom,priority,2025 2026 2027,33,97
Skydio,ashby,skydio,priority,2025 2026 2027,32,136
Adobe,workday,adobe.wd5.myworkdayjobs.com|adobe|external_experienced,priority,2025 2026 2027,30,572
Integra FEC,greenhouse,integrainterns,priority,2025 2026 2027,30,8
Rockwell Automation,workday,rockwellautomation.wd1.myworkdayjobs.com|rockwellautomation|External-Rockwell-Automation-Early-Careers,priority,2025 2026 2027,30,24
Samsung Research America,greenhouse,samsungresearchamericainternship,priority,2025 2026 2027,30,4
Thales,workday,thales.wd3.myworkdayjobs.com|thales|Careers,priority,2025 2026 2027,30,2000
The Hartford,workday,thehartford.wd5.myworkdayjobs.com|thehartford|Careers_External,priority,2025 2026 2027,30,233
Anduril,greenhouse,andurilindustries,priority,2025 2026 2027,29,2371
Canadian Tire,workday,canadiantirecorporation.wd3.myworkdayjobs.com|canadiantirecorporation|Enterprise_External_Careers_Site,priority,2025 2026 2027,29,153
Hermeus,lever,hermeus,priority,2025 2026 2027,29,85
Veeam Software,greenhouse,veeamsoftware,priority,2025 2026 2027,29,249
Alo Yoga,greenhouse,aloyoga,priority,2025 2026 2027,27,973
Becton Dickinson,workday,bdx.wd1.myworkdayjobs.com|bdx|EXTERNAL_CAREER_SITE_USA,priority,2025 2026 2027,27,616
BeOne,workday,beigene.wd5.myworkdayjobs.com|beigene|beigene,priority,2025 2026 2027,27,272
Curtiss-Wright Corporation,workday,curtisswright.wd1.myworkdayjobs.com|curtisswright|cw_external_career_site,priority,2025 2026 2027,27,352
CVS Health,workday,cvshealth.wd1.myworkdayjobs.com|cvshealth|Private_Postings_Intern_Conversion_ONLY,priority,2025 2026 2027,27,17
DraftKings,workday,draftkings.wd1.myworkdayjobs.com|draftkings|Campus_Career_Portal,priority,2025 2026 2027,27,9
Excellus BCBS,workday,lthc.wd1.myworkdayjobs.com|lthc|ExcellusBCBSCareers,priority,2025 2026 2027,27,59
First American,workday,firstam.wd1.myworkdayjobs.com|firstam|firstamericancareers,priority,2025 2026 2027,27,241
IMC Trading,greenhouse,imc,priority,2025 2026 2027,27,175
Johnson Controls,workday,jci.wd5.myworkdayjobs.com|jci|JCI,priority,2025 2026 2027,27,2653
Marmon Holdings,workday,marmon.wd501.myworkdayjobs.com|marmon|Marmon_Careers,priority,2025 2026 2027,27,765
MBDA,workday,mbda.wd3.myworkdayjobs.com|mbda|MBDA-UK,priority,2025 2026 2027,27,236
Nidec,workday,nidec.wd1.myworkdayjobs.com|nidec|nidec,priority,2025 2026 2027,27,332
OCLC,workday,oclc.wd1.myworkdayjobs.com|oclc|OCLC_Careers,priority,2025 2026 2027,27,28
Robinhood,greenhouse,robinhood,priority,2025 2026 2027,27,160
Sierra Nevada Corporation,workday,snc.wd1.myworkdayjobs.com|snc|snc_external_career_site,priority,2025 2026 2027,27,362
Sony,workday,sonyglobal.wd1.myworkdayjobs.com|sonyglobal|SonyGlobalCareers,priority,2025 2026 2027,27,107
Tokyo Electron,workday,tel.wd3.myworkdayjobs.com|tel|tel-careers,priority,2025 2026 2027,27,54
Toshiba Global Commerce,greenhouse,toshibaglobalcommercesolutions,priority,2025 2026 2027,27,70
Toyota Research Institute,lever,tri,priority,2025 2026 2027,27,13
Vanderlande Industries,workday,vanderlande.wd3.myworkdayjobs.com|vanderlande|careers,priority,2025 2026 2027,27,186
Walmart,workday,walmart.wd504.myworkdayjobs.com|walmart|WalmartExternal,priority,2025 2026 2027,27,2000
Rocket Lab USA,greenhouse,rocketlab,priority,2025 2026 2027,26,526
Notion,ashby,notion,priority,2025 2026 2027,25,128
AAA Club Alliance,workday,ace.wd5.myworkdayjobs.com|ace|careers,priority,2025 2026 2027,24,472
Ancestry,workday,ancestry.wd501.myworkdayjobs.com|ancestry|Careers,priority,2025 2026 2027,24,27
Bloom Energy,workday,bloomenergy.wd1.myworkdayjobs.com|bloomenergy|bloomenergycareers,priority,2025 2026 2027,24,180
Cambium Learning Group,workday,cambiumlearning.wd1.myworkdayjobs.com|cambiumlearning|camb,priority,2025 2026 2027,24,32
Cincinnati Children’s Hospital and Medical Center,workday,cincinnatichildrens.wd5.myworkdayjobs.com|cincinnatichildrens|careersatcincinnatichildrens,priority,2025 2026 2027,24,515
DiDi Global,greenhouse,didi,priority,2025 2026 2027,24,9
DXC Technology,workday,dxctechnology.wd1.myworkdayjobs.com|dxctechnology|dxcjobs,priority,2025 2026 2027,24,1089
Ensemble Health Partners,workday,ensemblehp.wd5.myworkdayjobs.com|ensemblehp|ensemblehealthpartnerscareers,priority,2025 2026 2027,24,419
Ensora Health,workday,therapybrands.wd1.myworkdayjobs.com|therapybrands|EnsoraHealth,priority,2025 2026 2027,24,2
Expedia Group,workday,expedia.wd108.myworkdayjobs.com|expedia|private,priority,2025 2026 2027,24,147
Flextronics International,workday,flextronics.wd1.myworkdayjobs.com|flextronics|Careers,priority,2025 2026 2027,24,1603
Fresenius Medical Care,workday,freseniusmedicalcare.wd3.myworkdayjobs.com|freseniusmedicalcare|fme,priority,2025 2026 2027,24,2000
Genuine Parts Company,workday,genpt.wd1.myworkdayjobs.com|genpt|Careers,priority,2025 2026 2027,24,2000
Gordon Food Service,workday,gfs.wd5.myworkdayjobs.com|gfs|usjobs-gen-gfs,priority,2025 2026 2027,24,680
HARMAN International,workday,harman.wd3.myworkdayjobs.com|harman|HARMAN,priority,2025 2026 2027,24,544
Insulet Corporation,workday,insulet.wd5.myworkdayjobs.com|insulet|insuletcareers,priority,2025 2026 2027,24,210
Jane Street,greenhouse,janestreet,priority,2025 2026 2027,24,228
Klaviyo,greenhouse,klaviyocampus,priority,2025 2026 2027,24,17
LPL Financial Holdings,workday,lplfinancial.wd1.myworkdayjobs.com|lplfinancial|university,priority,2025 2026 2027,24,34
Magna International,workday,magna.wd3.myworkdayjobs.com|magna|Magna,priority,2025 2026 2027,24,1484
Mastercard,workday,mastercard.wd1.myworkdayjobs.com|mastercard|Campus,priority,2025 2026 2027,24,48
Nasdaq,workday,nasdaq.wd1.myworkdayjobs.com|nasdaq|Global_External_Site,priority,2025 2026 2027,24,176
Planet,greenhouse,planetlabs,priority,2025 2026 2027,24,122
Premier,workday,premierinc.wd1.myworkdayjobs.com|premierinc|external_professional,priority,2025 2026 2027,24,30
Sanofi,workday,sanofi.wd3.myworkdayjobs.com|sanofi|SanofiCareers,priority,2025 2026 2027,24,858
Schonfeld,greenhouse,schonfeld,priority,2025 2026 2027,24,80
Semtech,workday,semtech.wd1.myworkdayjobs.com|semtech|SemtechCareers,priority,2025 2026 2027,24,113
State Street,workday,statestreet.wd1.myworkdayjobs.com|statestreet|Global,priority,2025 2026 2027,24,1347
The Aerospace Corporation,workday,aero.wd5.myworkdayjobs.com|aero|external,priority,2025 2026 2027,24,432
Valeo,workday,valeo.wd3.myworkdayjobs.com|valeo|valeo_jobs,priority,2025 2026 2027,24,1025
Voyager Technologies,greenhouse,voyagertechnologiesinc,priority,2025 2026 2027,24,182
LiveRamp,workday,liveramp.wd5.myworkdayjobs.com|liveramp|LiveRampCareers,priority,2025 2026 2027,23,50
Nelnet,workday,nelnet.wd1.myworkdayjobs.com|nelnet|MyNelnet,priority,2025 2026 2027,23,70
Nightwing Intelligence Solutions,workday,nwis.wd12.myworkdayjobs.com|nwis|NW,priority,2025 2026 2027,23,352
Salesforce,workday,salesforce.wd12.myworkdayjobs.com|salesforce|External_Career_Site,priority,2025 2026 2027,23,1528
Tenstorrent,greenhouse,tenstorrentuniversity,priority,2025 2026 2027,23,6
Apptronik,greenhouse,apptronik,priority,2025 2026 2027,22,79
Figma,greenhouse,figma,priority,2025 2026 2027,22,163
Allstate Insurance Company,workday,allstate.wd5.myworkdayjobs.com|allstate|allstate_careers,priority,2025 2026 2027,21,451
AspenTech,workday,aspentech.wd5.myworkdayjobs.com|aspentech|aspentech,priority,2025 2026 2027,21,172
Baxter International,workday,baxter.wd1.myworkdayjobs.com|baxter|baxter,priority,2025 2026 2027,21,497
Caterpillar Inc.,workday,cat.wd5.myworkdayjobs.com|cat|CaterpillarCareers,priority,2025 2026 2027,21,1036
City of Austin,workday,austintexas.wd5.myworkdayjobs.com|austintexas|COA_Careers,priority,2025 2026 2027,21,111
Corteva,workday,corteva.wd5.myworkdayjobs.com|corteva|corteva,priority,2025 2026 2027,21,127
Cox,workday,cox.wd1.myworkdayjobs.com|cox|Cox_External_Career_Site_1,priority,2025 2026 2027,21,761
CSL,workday,csl.wd1.myworkdayjobs.com|csl|CSL_External,priority,2025 2026 2027,21,180
Elsevier,workday,relx.wd3.myworkdayjobs.com|relx|ElsevierJobs,priority,2025 2026 2027,21,179
Eulerity,greenhouse,eulerity,priority,2025 2026 2027,21,15
HP IQ,greenhouse,hpiq,priority,2025 2026 2027,21,33
ICF International,workday,icf.wd5.myworkdayjobs.com|icf|icfexternal_career_site,priority,2025 2026 2027,21,415
Jain Global,workday,jainglobal.wd5.myworkdayjobs.com|jainglobal|ExternalSite,priority,2025 2026 2027,21,32
National Laboratory of the Rockies,workday,nrel.wd5.myworkdayjobs.com|nrel|NLR,priority,2025 2026 2027,21,63
Ontario Teachers' Pension Plan,workday,otppb.wd3.myworkdayjobs.com|otppb|OntarioTeachers_Careers,priority,2025 2026 2027,21,37
PIMCO,workday,pimco.wd1.myworkdayjobs.com|pimco|pimco-careers,priority,2025 2026 2027,21,195
Prolaio,greenhouse,prolaio,priority,2025 2026 2027,21,8
Repsol,workday,repsol.wd3.myworkdayjobs.com|repsol|Repsol,priority,2025 2026 2027,21,100
Ryder System,workday,ryder.wd5.myworkdayjobs.com|ryder|RyderCareers,priority,2025 2026 2027,21,469
SS&C,workday,ssctech.wd1.myworkdayjobs.com|ssctech|ssctechnologies,priority,2025 2026 2027,21,349
Symbotic,workday,symbotic.wd504.myworkdayjobs.com|symbotic|Symbotic,priority,2025 2026 2027,21,125
Thermo Fisher Scientific,workday,thermofisher.wd5.myworkdayjobs.com|thermofisher|ThermoFisherCareers,priority,2025 2026 2027,21,2930
University of Arkansas,workday,uasys.wd5.myworkdayjobs.com|uasys|uasys,priority,2025 2026 2027,21,765
University System of New Hampshire,workday,usnh.wd5.myworkdayjobs.com|usnh|Careers,priority,2025 2026 2027,21,270
Vanguard,workday,vanguard.wd5.myworkdayjobs.com|vanguard|vanguard_external,priority,2025 2026 2027,21,408
Vermeer,workday,vermeer.wd5.myworkdayjobs.com|vermeer|externalcareersite,priority,2025 2026 2027,21,67
Vertex Pharmaceuticals,workday,vrtx.wd501.myworkdayjobs.com|vrtx|vertex_careers,priority,2025 2026 2027,21,291
Viavi Solutions,workday,viavisolutions.wd1.myworkdayjobs.com|viavisolutions|careers,priority,2025 2026 2027,21,144
Warner Bros.,workday,warnerbros.wd5.myworkdayjobs.com|warnerbros|global,priority,2025 2026 2027,21,304
Xsolla,lever,xsolla,priority,2025 2026 2027,21,179
Apex,ashby,apex-technology-inc,priority,2025 2026 2027,20,119
Axon,greenhouse,axontalentcommunity,priority,2025 2026 2027,20,3
Bot Auto,greenhouse,botauto,priority,2025 2026 2027,20,23
DV Trading,greenhouse,dvtrading,priority,2025 2026 2027,20,72
Monolithic Power Systems,workday,monolithicpower.wd12.myworkdayjobs.com|monolithicpower|MPS_Careers,priority,2025 2026 2027,20,251
Trimble,workday,trimble.wd1.myworkdayjobs.com|trimble|TrimbleCareers,priority,2025 2026 2027,20,244
Varda Space,greenhouse,vardaspace,priority,2025 2026 2027,20,89
Walleye Capital,greenhouse,walleyecapital-external-students,priority,2025 2026 2027,20,5
Abacus Insights,greenhouse,abacusinsights,priority,2025 2026 2027,18,11
Acxiom,workday,acxiomllc.wd5.myworkdayjobs.com|acxiomllc|AcxiomUSA,priority,2025 2026 2027,18,41
Allegion,workday,allegion.wd5.myworkdayjobs.com|allegion|careers,priority,2025 2026 2027,18,333
AltaML,lever,altaml,priority,2025 2026 2027,18,7
Assurant,workday,assurant.wd1.myworkdayjobs.com|assurant|External_Limited_Posting,priority,2025 2026 2027,18,49
Auto-Owners Insurance,workday,aoins.wd5.myworkdayjobs.com|aoins|AutoOwners,priority,2025 2026 2027,18,272
Avis Budget Group,workday,avisbudget.wd1.myworkdayjobs.com|avisbudget|abg_careers,priority,2025 2026 2027,18,710
Biogen,workday,biibhr.wd3.myworkdayjobs.com|biibhr|external,priority,2025 2026 2027,18,237
Boston Dynamics,workday,bostondynamics.wd1.myworkdayjobs.com|bostondynamics|Boston_Dynamics,priority,2025 2026 2027,18,77
British Columbia Investment,workday,bci.wd10.myworkdayjobs.com|bci|BCI_Careers,priority,2025 2026 2027,18,37
Capital Group,workday,capgroup.wd1.myworkdayjobs.com|capgroup|capitalgroupcareers,priority,2025 2026 2027,18,182
Cigna Group,workday,cigna.wd5.myworkdayjobs.com|cigna|cignacareers,priority,2025 2026 2027,18,561
Cisco,workday,cisco.wd5.myworkdayjobs.com|cisco|cisco_careers,priority,2025 2026 2027,18,1333
CME Group,workday,cmegroup.wd1.myworkdayjobs.com|cmegroup|cme_careers,priority,2025 2026 2027,18,45
d-Matrix,ashby,d-matrix,priority,2025 2026 2027,18,32
Dick's Sporting Goods,workday,dickssportinggoods.wd1.myworkdayjobs.com|dickssportinggoods|DSG,priority,2025 2026 2027,18,2000
DriveTime,workday,drivetime.wd1.myworkdayjobs.com|drivetime|DriveTime,priority,2025 2026 2027,18,179
DRW,greenhouse,drweng,priority,2025 2026 2027,18,165
Fiserv,workday,fiserv.wd5.myworkdayjobs.com|fiserv|ext,priority,2025 2026 2027,18,339
Fresenius Kabi,workday,freseniusglobal.wd3.myworkdayjobs.com|freseniusglobal|FK_Careers,priority,2025 2026 2027,18,194
Gilead Sciences,workday,gilead.wd1.myworkdayjobs.com|gilead|gileadcareers,priority,2025 2026 2027,18,513
GlobalFoundries,workday,globalfoundries.wd1.myworkdayjobs.com|globalfoundries|External,priority,2025 2026 2027,18,696
Graco,workday,graco.wd501.myworkdayjobs.com|graco|Graco_Careers,priority,2025 2026 2027,18,172
Impinj,greenhouse,impinjexternal,priority,2025 2026 2027,18,17
Ingram Micro,workday,ingrammicro.wd5.myworkdayjobs.com|ingrammicro|IngramMicro,priority,2025 2026 2027,18,518
Intermountain Healthcare,workday,imh.wd108.myworkdayjobs.com|imh|IntermountainCareers,priority,2025 2026 2027,18,1426
Lila Sciences,greenhouse,lilasciences,priority,2025 2026 2027,18,108
Live Oak Bank,workday,liveoakbancshares.wd1.myworkdayjobs.com|liveoakbancshares|Live_Oak,priority,2025 2026 2027,18,15
Marsh,workday,mmc.wd1.myworkdayjobs.com|mmc|mmc,priority,2025 2026 2027,18,1963
Mass General Brigham,workday,massgeneralbrigham.wd1.myworkdayjobs.com|massgeneralbrigham|mgbexternal,priority,2025 2026 2027,18,2000
Mercury,greenhouse,mercury,priority,2025 2026 2027,18,62
Meshy,ashby,meshy,priority,2025 2026 2027,18,27
Nationwide Children's Hospital,workday,nationwidechildrens.wd5.myworkdayjobs.com|nationwidechildrens|NCHCareers,priority,2025 2026 2027,18,570
Octopus Energy,lever,octoenergy,priority,2025 2026 2027,18,175
Prairie View A&M University,workday,tamus.wd1.myworkdayjobs.com|tamus|pvamu_external,priority,2025 2026 2027,18,76
Premera Blue Cross,workday,premera.wd5.myworkdayjobs.com|premera|premera,priority,2025 2026 2027,18,35
RELX,workday,relx.wd3.myworkdayjobs.com|relx|relx,priority,2025 2026 2027,18,782
Robert Half,workday,roberthalf.wd1.myworkdayjobs.com|roberthalf|roberthalfcareers,priority,2025 2026 2027,18,25
Scout Motors,greenhouse,scoutmotors,priority,2025 2026 2027,18,226
SharkNinja,greenhouse,sharkninjaoperatingllc,priority,2025 2026 2027,18,179
Sparksoft,greenhouse,sparksoftcorporation,priority,2025 2026 2027,18,22
SWBC,workday,swbc.wd1.myworkdayjobs.com|swbc|swbccareers,priority,2025 2026 2027,18,67
The Federal Reserve System,workday,rb.wd5.myworkdayjobs.com|rb|FRS,priority,2025 2026 2027,18,164
Thomson Reuters,workday,thomsonreuters.wd5.myworkdayjobs.com|thomsonreuters|External_Career_Site,priority,2025 2026 2027,18,471
Torch Technologies,workday,starfish.wd501.myworkdayjobs.com|starfish|Careers,priority,2025 2026 2027,18,195
Ultra Maritime,workday,ultra.wd3.myworkdayjobs.com|ultra|ultra-careers,priority,2025 2026 2027,18,56
XPENG Motors,greenhouse,xpengmotors,priority,2025 2026 2027,18,25
Zayo,workday,zayo.wd1.myworkdayjobs.com|zayo|zayo_careers,priority,2025 2026 2027,18,119
Cybernetic Labs,ashby,netic,priority,2025 2026 2027,17,28
GoDaddy,greenhouse,eventsandinterns,priority,2025 2026 2027,17,1
Trainerize,workday,abcfinancial.wd5.myworkdayjobs.com|abcfinancial|abcfinancialservices,priority,2025 2026 2027,17,40
Atoms,greenhouse,cssmerge,priority,2025 2026 2027,16,280
Five Rings Capital,greenhouse,fiveringsllc,priority,2025 2026 2027,16,16
Point72,greenhouse,point72,priority,2025 2026 2027,16,220
Accuray,workday,accuray.wd5.myworkdayjobs.com|accuray|external,priority,2025 2026 2027,15,30
Air Liquide,workday,airliquidehr.wd3.myworkdayjobs.com|airliquidehr|AirLiquideExternalCareer,priority,2025 2026 2027,15,1103
American Family Insurance Group,workday,amfam.wd1.myworkdayjobs.com|amfam|AmFamGroupInternCareers,priority,2025 2026 2027,15,22
American Fidelity,workday,americanfidelity.wd5.myworkdayjobs.com|americanfidelity|External,priority,2025 2026 2027,15,71
Analytic Partners,lever,analyticpartners,priority,2025 2026 2027,15,22
AstraZeneca,workday,astrazeneca.wd3.myworkdayjobs.com|astrazeneca|Careers,priority,2025 2026 2027,15,1200
AtkinsRéalis,workday,slihrms.wd3.myworkdayjobs.com|slihrms|careers,priority,2025 2026 2027,15,2000
Audax Group,greenhouse,audaxgroup,priority,2025 2026 2027,15,15
Baird,workday,baird.wd1.myworkdayjobs.com|baird|careers,priority,2025 2026 2027,15,123
Bedrock Robotics,ashby,bedrock-robotics,priority,2025 2026 2027,15,39
Bio-Techne,workday,biotechne.wd5.myworkdayjobs.com|biotechne|Biotechne,priority,2025 2026 2027,15,104
Blackstone,workday,blackstone.wd1.myworkdayjobs.com|blackstone|Blackstone_Campus_Careers,priority,2025 2026 2027,15,36
Bree,ashby,bree,priority,2025 2026 2027,15,12
CAI,workday,cai.wd5.myworkdayjobs.com|cai|computer_aid,priority,2025 2026 2027,15,176
Calix,workday,calix.wd1.myworkdayjobs.com|calix|External,priority,2025 2026 2027,15,14
Cambridge Mobile Telematics,greenhouse,cmt,priority,2025 2026 2027,15,2
Celonis,greenhouse,celonis,priority,2025 2026 2027,15,250
Centerfield,ashby,centerfield,priority,2025 2026 2027,15,19
Cisive,workday,cisive.wd108.myworkdayjobs.com|cisive|Cisive,priority,2025 2026 2027,15,35
City of Baltimore,workday,baltimorecity.wd1.myworkdayjobs.com|baltimorecity|External,priority,2025 2026 2027,15,111
Cleveland Clinic,workday,ccf.wd1.myworkdayjobs.com|ccf|ClevelandClinicCareers,priority,2025 2026 2027,15,2211
Compeer Financial,greenhouse,compeerfinancial,priority,2025 2026 2027,15,70
Deluxe,workday,deluxe.wd5.myworkdayjobs.com|deluxe|USA_CAN,priority,2025 2026 2027,15,63
Empower,workday,empower.wd12.myworkdayjobs.com|empower|empower,priority,2025 2026 2027,15,132
Entrust,workday,entrust.wd1.myworkdayjobs.com|entrust|entrustcareers,priority,2025 2026 2027,15,85
EQ Bank,lever,eqbank,priority,2025 2026 2027,15,87
Equifax,workday,equifax.wd5.myworkdayjobs.com|equifax|UR_External,priority,2025 2026 2027,15,23
Eversource Energy,workday,eversource.wd1.myworkdayjobs.com|eversource|ExternalSite,priority,2025 2026 2027,15,234
Geisinger,workday,geisinger.wd5.myworkdayjobs.com|geisinger|geisingerexternal,priority,2025 2026 2027,15,1418
Gen,workday,gen.wd1.myworkdayjobs.com|gen|careers,priority,2025 2026 2027,15,2
Genworth Financial,workday,gnw.wd1.myworkdayjobs.com|gnw|GNW,priority,2025 2026 2027,15,67
Graphcore,greenhouse,graphcore,priority,2025 2026 2027,15,180
Greenheck Group,workday,greenheckgroup.wd5.myworkdayjobs.com|greenheckgroup|external,priority,2025 2026 2027,15,74
Itron,workday,itron.wd5.myworkdayjobs.com|itron|Early_Careers,priority,2025 2026 2027,15,6
Kodiak Robotics,greenhouse,kodiak,priority,2025 2026 2027,15,69
Littelfuse,workday,littelfuse.wd1.myworkdayjobs.com|littelfuse|Littelfuse-Careers,priority,2025 2026 2027,15,183
Louisiana State University (LSU),workday,lsu.wd1.myworkdayjobs.com|lsu|lsuwaiver,priority,2025 2026 2027,15,91
Lowe's,workday,lowes.wd5.myworkdayjobs.com|lowes|LWS_External_CS,priority,2025 2026 2027,15,12743
Medline,workday,medline.wd5.myworkdayjobs.com|medline|Medline,priority,2025 2026 2027,15,616
MFS,workday,mfs.wd1.myworkdayjobs.com|mfs|MFS-Careers,priority,2025 2026 2027,15,70
MKS Instruments,workday,mksinst.wd1.myworkdayjobs.com|mksinst|MKSCareersUniversity,priority,2025 2026 2027,15,9
NewsBreak,greenhouse,newsbreak,priority,2025 2026 2027,15,55
NICE,greenhouse,nice,priority,2025 2026 2027,15,178
Novanta,workday,novanta.wd5.myworkdayjobs.com|novanta|Novanta-Careers,priority,2025 2026 2027,15,161
OLG,workday,olg.wd3.myworkdayjobs.com|olg|Careers-Students,priority,2025 2026 2027,15,0
OMERS,workday,omers.wd3.myworkdayjobs.com|omers|omers_external,priority,2025 2026 2027,15,57
QuEra Computing,greenhouse,queracomputinginc,priority,2025 2026 2027,15,74
Red Hat,workday,redhat.wd5.myworkdayjobs.com|redhat|jobs,priority,2025 2026 2027,15,157
SingleStore,greenhouse,singlestore,priority,2025 2026 2027,15,42
SOTI,workday,soti.wd3.myworkdayjobs.com|soti|SOTI-Next-Gen,priority,2025 2026 2027,15,2
SpaceX,greenhouse,spacex,priority,2025 2026 2027,15,2591
Strategic Education,workday,strayer.wd1.myworkdayjobs.com|strayer|SEI,priority,2025 2026 2027,15,25
True Anomaly,greenhouse,trueanomalyinc,priority,2025 2026 2027,15,180
University of Rochester,workday,rochester.wd5.myworkdayjobs.com|rochester|UR_Staff,priority,2025 2026 2027,15,1376
US Foods,workday,usfoods.wd1.myworkdayjobs.com|usfoods|usfoodscareersExternal,priority,2025 2026 2027,15,693
USAA,workday,usaa.wd1.myworkdayjobs.com|usaa|USAAJOBSWD,priority,2025 2026 2027,15,234
Varex Imaging Corporation,workday,vareximaging.wd103.myworkdayjobs.com|vareximaging|External_Career_Site,priority,2025 2026 2027,15,48
Varian,workday,onehealthineers.wd3.myworkdayjobs.com|onehealthineers|SHSJB,priority,2025 2026 2027,15,497
VSP Vision,workday,vsp.wd1.myworkdayjobs.com|vsp|vspvisioncareers,priority,2025 2026 2027,15,48
Worcester Polytechnic Institute,workday,wpi.wd5.myworkdayjobs.com|wpi|WPI_External_Career_Site,priority,2025 2026 2027,15,86
Zip,ashby,zip,priority,2025 2026 2027,15,122
AssetMark,workday,assetmark.wd5.myworkdayjobs.com|assetmark|AssetMark_Careers,priority,2025 2026 2027,14,40
Crowe,workday,crowe.wd12.myworkdayjobs.com|crowe|external_careers,priority,2025 2026 2027,14,177
Figure,greenhouse,figureai,priority,2025 2026 2027,14,97
Later,greenhouse,later,priority,2025 2026 2027,14,38
Rakuten International,workday,rakuten.wd1.myworkdayjobs.com|rakuten|RakutenAmericas,priority,2025 2026 2027,14,10
Redwood Materials,greenhouse,redwoodmaterials,priority,2025 2026 2027,14,141
Virtu Financial,greenhouse,virtu,priority,2025 2026 2027,14,49
ACLU Kentucky,greenhouse,acluinternships,priority,2025 2026 2027,12,2
Allied Solutions,workday,alliedsolutions.wd501.myworkdayjobs.com|alliedsolutions|Allied_External,priority,2025 2026 2027,12,66
Altar'd State,workday,standoutforgood.wd12.myworkdayjobs.com|standoutforgood|StandOutForGood,priority,2025 2026 2027,12,550
Amcor,workday,amcor.wd5.myworkdayjobs.com|amcor|amcor_external_career_site,priority,2025 2026 2027,12,735
Analytical Mechanics Associates,workday,amainc.wd12.myworkdayjobs.com|amainc|ama_careers,priority,2025 2026 2027,12,24
Apera AI,greenhouse,aperaaiinc,priority,2025 2026 2027,12,9
Applied Intuition,ashby,applied,priority,2025 2026 2027,12,308
BDO Canada,workday,bdo.wd3.myworkdayjobs.com|bdo|BDO,priority,2025 2026 2027,12,281
BlueCross BlueShield of Nebraska,workday,nebraskablue.wd1.myworkdayjobs.com|nebraskablue|BCBSNE,priority,2025 2026 2027,12,14
Breeze Airways,greenhouse,breezeairways,priority,2025 2026 2027,12,0
Brookhaven Lab,workday,bnl.wd1.myworkdayjobs.com|bnl|externa,priority,2025 2026 2027,12,57
CareBridge,workday,elevancehealth.wd1.myworkdayjobs.com|elevancehealth|ANT,priority,2025 2026 2027,12,304
Chemours,workday,chemours.wd103.myworkdayjobs.com|chemours|Chemours,priority,2025 2026 2027,12,142
Chevron Corporation,workday,chevron.wd5.myworkdayjobs.com|chevron|University,priority,2025 2026 2027,12,34
Clarios,workday,clarios.wd5.myworkdayjobs.com|clarios|clarioscareers,priority,2025 2026 2027,12,241
Cohere,ashby,cohere,priority,2025 2026 2027,12,147
Cooper Standard,workday,cooperstandard.wd1.myworkdayjobs.com|cooperstandard|CooperStandard,priority,2025 2026 2027,12,74
Cushman & Wakefield,workday,cw.wd1.myworkdayjobs.com|cw|external,priority,2025 2026 2027,12,2000
Dev Technology Group,greenhouse,devtechnology,priority,2025 2026 2027,12,30
DotDash Meredith,workday,meredith.wd5.myworkdayjobs.com|meredith|EXT,priority,2025 2026 2027,12,46
EarnIn,greenhouse,earnin,priority,2025 2026 2027,12,17
Edwards Lifesciences,workday,edwards.wd5.myworkdayjobs.com|edwards|edwardscareers,priority,2025 2026 2027,12,391
Elevance Health,workday,elevancehealth.wd1.myworkdayjobs.com|elevancehealth|ELV-ET,priority,2025 2026 2027,12,0
Ercot,workday,ercot.wd1.myworkdayjobs.com|ercot|ercot_careers,priority,2025 2026 2027,12,70
EverCommerce,workday,evercommerce.wd1.myworkdayjobs.com|evercommerce|evercommerce_careers,priority,2025 2026 2027,12,36
FOX,workday,fox.wd1.myworkdayjobs.com|fox|Domestic,priority,2025 2026 2027,12,351
Franklin Templeton,workday,franklintempleton.wd5.myworkdayjobs.com|franklintempleton|invitation-only,priority,2025 2026 2027,12,4
G2,ashby,g2,priority,2025 2026 2027,12,44
Gallup,greenhouse,gallup,priority,2025 2026 2027,12,51
Gamechanger,ashby,gamechanger,priority,2025 2026 2027,12,4
Geneva Trading,greenhouse,genevatrading,priority,2025 2026 2027,12,15
Genmab,workday,genmab.wd3.myworkdayjobs.com|genmab|Genmab_Careers_Site,priority,2025 2026 2027,12,0
GoTo Group,workday,goto.wd5.myworkdayjobs.com|goto|GoToCareers,priority,2025 2026 2027,12,15
Hadrian,ashby,hadrian-automation,priority,2025 2026 2027,12,144
Handshake,ashby,handshake,priority,2025 2026 2027,12,70
Harbinger Motors,greenhouse,harbingermotors,priority,2025 2026 2027,12,97
Healthfirst,workday,healthfirst.wd1.myworkdayjobs.com|healthfirst|healthfirst,priority,2025 2026 2027,12,83
HNTB,workday,hntb.wd5.myworkdayjobs.com|hntb|hntb_university_careers,priority,2025 2026 2027,12,160
Impiricus,greenhouse,impiricus,priority,2025 2026 2027,12,16
Interac,workday,interac.wd3.myworkdayjobs.com|interac|Interac,priority,2025 2026 2027,12,45
Intrinsic,greenhouse,intrinsicrobotics,priority,2025 2026 2027,12,21
Iron Mountain,workday,ironmountain.wd5.myworkdayjobs.com|ironmountain|iron-mountain-jobs,priority,2025 2026 2027,12,362
Kensington,greenhouse,kensingtontours,priority,2025 2026 2027,12,19
LabCorp,workday,labcorp.wd1.myworkdayjobs.com|labcorp|external,priority,2025 2026 2027,12,1795
Live Nation Entertainment,workday,livenation.wd503.myworkdayjobs.com|livenation|LNExternalSite,priority,2025 2026 2027,12,1436
Louisiana Blue,workday,bcbsla.wd1.myworkdayjobs.com|bcbsla|Generation_Blue,priority,2025 2026 2027,12,11
LSEG,workday,lseg.wd3.myworkdayjobs.com|lseg|Graduate_Careers,priority,2025 2026 2027,12,21
Lucid Motors,greenhouse,lucidmotors,priority,2025 2026 2027,12,428
Magnet Forensics,lever,magnetforensics,priority,2025 2026 2027,12,41
Mercor,ashby,mercor,priority,2025 2026 2027,12,115
NAV CANADA,workday,navcanada.wd10.myworkdayjobs.com|navcanada|NAV_Careers,priority,2025 2026 2027,12,30
NiSource,workday,nisource.wd1.myworkdayjobs.com|nisource|NiSource,priority,2025 2026 2027,12,71
Nissan Global,workday,alliance.wd3.myworkdayjobs.com|alliance|nissanjobs,priority,2025 2026 2027,12,228
Northwood Space,ashby,northwoodspace,priority,2025 2026 2027,12,81
OCC,workday,theocc.wd5.myworkdayjobs.com|theocc|careers,priority,2025 2026 2027,12,75
OneMain Financial,workday,myhrhome.wd1.myworkdayjobs.com|myhrhome|OneMainCareers,priority,2025 2026 2027,12,372
Ovintiv,workday,ovintiv.wd3.myworkdayjobs.com|ovintiv|ovintivcareers,priority,2025 2026 2027,12,6
Perpay,greenhouse,perpay,priority,2025 2026 2027,12,18
Phamily,greenhouse,jobsatphamily,priority,2025 2026 2027,12,8
RA Capital Management,greenhouse,racapitalmanagementllc,priority,2025 2026 2027,12,6
Ramp,ashby,ramp,priority,2025 2026 2027,12,158
Regal Rexnord,workday,regalrexnord.wd1.myworkdayjobs.com|regalrexnord|careers,priority,2025 2026 2027,12,520
Relay,greenhouse,relaypro,priority,2025 2026 2027,12,34
Reply,lever,reply,priority,2025 2026 2027,12,46
RF-SMART,greenhouse,rfsmart,priority,2025 2026 2027,12,18
RFCUNY,workday,rfcuny.wd108.myworkdayjobs.com|rfcuny|RFCUNY,priority,2025 2026 2027,12,191
Roche,workday,roche.wd3.myworkdayjobs.com|roche|roche-ext,priority,2025 2026 2027,12,1209
Rocket Companies,workday,quickenloans.wd5.myworkdayjobs.com|quickenloans|rocket_careers,priority,2025 2026 2027,12,368
Saronic,ashby,saronic,priority,2025 2026 2027,12,208
Scale AI,greenhouse,scaleai,priority,2025 2026 2027,12,205
Seven Research,greenhouse,sevenresearch,priority,2025 2026 2027,12,8
Smith+Nephew,workday,smithnephew.wd5.myworkdayjobs.com|smithnephew|External,priority,2025 2026 2027,12,306
Snyk,workday,snyk.wd103.myworkdayjobs.com|snyk|External,priority,2025 2026 2027,12,23
Socure,ashby,socure,priority,2025 2026 2027,12,81
Solink,ashby,solink,priority,2025 2026 2027,12,21
Sonatus,greenhouse,sonatus,priority,2025 2026 2027,12,22
Stanley Black & Decker,workday,sbdinc.wd1.myworkdayjobs.com|sbdinc|Stanley_Black_Decker_Career_Site,priority,2025 2026 2027,12,641
Suncor,workday,suncor.wd1.myworkdayjobs.com|suncor|Suncor_External,priority,2025 2026 2027,12,33
Synchrony Financial,workday,synchronyfinancial.wd5.myworkdayjobs.com|synchronyfinancial|University,priority,2025 2026 2027,12,18
Tempus,workday,tempus.wd5.myworkdayjobs.com|tempus|Tempus_Careers,priority,2025 2026 2027,12,144
Terranova,ashby,terranova,priority,2025 2026 2027,12,16
The Trade Desk,greenhouse,thetradedesk,priority,2025 2026 2027,12,98
thyssenkrupp,workday,thyssenkruppmaterialsna.wd12.myworkdayjobs.com|thyssenkruppmaterialsna|1,priority,2025 2026 2027,12,180
U.S. Bank,workday,usbank.wd1.myworkdayjobs.com|usbank|US_Bank_Careers,priority,2025 2026 2027,12,1353
UiPath,ashby,uipath,priority,2025 2026 2027,12,100
Unisys,workday,unisys.wd5.myworkdayjobs.com|unisys|External,priority,2025 2026 2027,12,429
United Parcel Service (UPS),workday,hcmportal.wd5.myworkdayjobs.com|hcmportal|Search,priority,2025 2026 2027,12,1487
Upbound Group,workday,upbound.wd501.myworkdayjobs.com|upbound|Upbound,priority,2025 2026 2027,12,37
Vantage Data Centers,workday,vantagedc.wd1.myworkdayjobs.com|vantagedc|Vantage,priority,2025 2026 2027,12,178
Veralto,workday,veralto.wd1.myworkdayjobs.com|veralto|hachjobs,priority,2025 2026 2027,12,111
Visier Solutions,greenhouse,visiersolutionsinc,priority,2025 2026 2027,12,13
Waystar,workday,waystar.wd1.myworkdayjobs.com|waystar|Waystar,priority,2025 2026 2027,12,55
Wealthsimple,ashby,wealthsimple,priority,2025 2026 2027,12,42
Zillow,workday,zillow.wd5.myworkdayjobs.com|zillow|Zillow_Group_External,priority,2025 2026 2027,12,125
ZOLL Medical Corporation,workday,zoll.wd5.myworkdayjobs.com|zoll|ZOLLMedicalCorp,priority,2025 2026 2027,12,243
GoodRx,workday,goodrx.wd1.myworkdayjobs.com|goodrx|Careers,priority,2025 2026 2027,11,20
Gritt Robotics Inc,ashby,gritt,priority,2025 2026 2027,11,22
Quadrillion,ashby,quadrillion-labs,priority,2025 2026 2027,11,8
Twilio,greenhouse,twilio,priority,2025 2026 2027,11,138
Vital Lyfe,ashby,vital-lyfe,priority,2025 2026 2027,11,11
Appian,greenhouse,appian,priority,2025 2026 2027,10,183
Aquatic Capital Management,greenhouse,aquaticcapitalmanagement,priority,2025 2026 2027,10,7
Age of Learning,lever,aofl,priority,2025 2026 2027,9,0
Alarm.com,greenhouse,alarmcom,priority,2025 2026 2027,9,81
Allen Control Systems,ashby,allen-control-systems,priority,2025 2026 2027,9,51
AllTrails,lever,alltrails,priority,2025 2026 2027,9,1
American Century Investments,workday,americancentury.wd5.myworkdayjobs.com|americancentury|AmericanCenturyInvestments,priority,2025 2026 2027,9,28
Amperesand,greenhouse,amperesand,priority,2025 2026 2027,9,52
AnaVation,lever,anavationllc,priority,2025 2026 2027,9,69
Ankura Consulting Group,workday,ankura.wd5.myworkdayjobs.com|ankura|ankura,priority,2025 2026 2027,9,103
Anthropic,greenhouse,anthropic,priority,2025 2026 2027,9,624
Apex Fintech Solutions,workday,peak6group.wd1.myworkdayjobs.com|peak6group|apexfintechsolutions,priority,2025 2026 2027,9,49
Argonne National Laboratory,workday,argonne.wd1.myworkdayjobs.com|argonne|EDU_PUB,priority,2025 2026 2027,9,6
Aristocrat Leisure,workday,aristocrat.wd3.myworkdayjobs.com|aristocrat|aristocratexternalcareerssite,priority,2025 2026 2027,9,206
Armada,greenhouse,armada,priority,2025 2026 2027,9,41
Arrowstreet Capital,workday,arrowstreetcapital.wd5.myworkdayjobs.com|arrowstreetcapital|Campus_Careers,priority,2025 2026 2027,9,4
ASM Global,workday,asmglobal.wd1.myworkdayjobs.com|asmglobal|careers,priority,2025 2026 2027,9,2092
ASML,workday,asml.wd3.myworkdayjobs.com|asml|asmlext1,priority,2025 2026 2027,9,620
Assured Guaranty,greenhouse,assuredguaranty,priority,2025 2026 2027,9,13
Astera Labs,greenhouse,asteraearlycareer2026,priority,2025 2026 2027,9,5
Autostore,workday,autostore.wd3.myworkdayjobs.com|autostore|autostore,priority,2025 2026 2027,9,39
Baker Hughes,workday,bakerhughes.wd5.myworkdayjobs.com|bakerhughes|BakerHughes,priority,2025 2026 2027,9,661
BambooHR,greenhouse,bamboohr17,priority,2025 2026 2027,9,33
Bank of America,workday,ghr.wd1.myworkdayjobs.com|ghr|us-emplsv,priority,2025 2026 2027,9,3063
Base Power,ashby,base-power,priority,2025 2026 2027,9,194
BillionToOne,greenhouse,billiontoone,priority,2025 2026 2027,9,82
BlackRock,workday,blackrock.wd1.myworkdayjobs.com|blackrock|BlackRock_Professional,priority,2025 2026 2027,9,328
Blockchain.com,greenhouse,blockchain,priority,2025 2026 2027,9,38
Blue Cross and Blue Shield of Kansas,workday,bcbsks.wd1.myworkdayjobs.com|bcbsks|External,priority,2025 2026 2027,9,19
BlueScope,workday,bluescopenac.wd5.myworkdayjobs.com|bluescopenac|BNACareers,priority,2025 2026 2027,9,158
Bluestaq,greenhouse,bluestaq,priority,2025 2026 2027,9,12
Boston Medical Center,workday,bmc.wd1.myworkdayjobs.com|bmc|BMC,priority,2025 2026 2027,9,882
BP,workday,bpinternational.wd3.myworkdayjobs.com|bpinternational|bpPrivateExternalCareersSite,priority,2025 2026 2027,9,101
Cboe,workday,cboe.wd1.myworkdayjobs.com|cboe|External_Career_CBOE,priority,2025 2026 2027,9,72
Centene,workday,centene.wd5.myworkdayjobs.com|centene|Centene_External,priority,2025 2026 2027,9,299
Chamberlain Group,workday,chamberlain.wd1.myworkdayjobs.com|chamberlain|Chamberlain_Group,priority,2025 2026 2027,9,71
CLEAResult,workday,clearesult.wd1.myworkdayjobs.com|clearesult|CLEAResult_External_Careers,priority,2025 2026 2027,9,109
Clockwork Systems,greenhouse,clockworksystems,priority,2025 2026 2027,9,10
Cognex,workday,cognex.wd1.myworkdayjobs.com|cognex|External_Career_Site,priority,2025 2026 2027,9,97
Commvault,greenhouse,commvault,priority,2025 2026 2027,9,56
Composio,ashby,composio,priority,2025 2026 2027,9,28
Credit Acceptance Careers,workday,creditacceptance.wd5.myworkdayjobs.com|creditacceptance|Credit_Acceptance,priority,2025 2026 2027,9,45
Cresta,greenhouse,cresta,priority,2025 2026 2027,9,96
Danaher,workday,danaher.wd1.myworkdayjobs.com|danaher|danaherjobs,priority,2025 2026 2027,9,1355
Danaher Corporation,workday,danaher.wd1.myworkdayjobs.com|danaher|DanaherJobs,priority,2025 2026 2027,9,1355
Dentsu,workday,dentsuaegis.wd3.myworkdayjobs.com|dentsuaegis|DAN_GLOBAL,priority,2025 2026 2027,9,873
Denver,workday,denver.wd1.myworkdayjobs.com|denver|CCD-denver-denvergov-CSC_Jobs-Civil_service_jobs-Police_Jobs-Fire_Jobs,priority,2025 2026 2027,9,102
Digs,greenhouse,digs,priority,2025 2026 2027,9,2
Direct Supply,workday,directsupply.wd501.myworkdayjobs.com|directsupply|direct-supply-careers,priority,2025 2026 2027,9,52
Dollar Tree,workday,dollartree.wd5.myworkdayjobs.com|dollartree|dollartreeus,priority,2025 2026 2027,9,23633
doTERRA,workday,doterra.wd1.myworkdayjobs.com|doterra|doTERRACareers,priority,2025 2026 2027,9,17
Dow Chemical Company,workday,dow.wd1.myworkdayjobs.com|dow|ExternalCareers,priority,2025 2026 2027,9,163
"DuCharme, McMillen & Associates",workday,dmainc.wd5.myworkdayjobs.com|dmainc|dma,priority,2025 2026 2027,9,82
Eikon Therapeutics,greenhouse,eikontherapeutics,priority,2025 2026 2027,9,22
EisnerAmper,workday,eisneramper.wd1.myworkdayjobs.com|eisneramper|EisnerAmperEarlyCareers,priority,2025 2026 2027,9,44
EMC Insurance,workday,emcins.wd5.myworkdayjobs.com|emcins|EMC_Careers,priority,2025 2026 2027,9,56
Enact Mortgage Insurance,workday,gnw.wd1.myworkdayjobs.com|gnw|enact_mi,priority,2025 2026 2027,9,13
Enbridge,workday,enbridge.wd3.myworkdayjobs.com|enbridge|enbridge_careers,priority,2025 2026 2027,9,63
Equinix,workday,equinix.wd1.myworkdayjobs.com|equinix|External,priority,2025 2026 2027,9,276
Fermilab,workday,fermilab.wd5.myworkdayjobs.com|fermilab|FermilabCareers,priority,2025 2026 2027,9,63
Freddie Mac,workday,freddiemac.wd5.myworkdayjobs.com|freddiemac|External,priority,2025 2026 2027,9,104
Gecko Robotics,ashby,gecko-robotics,priority,2025 2026 2027,9,21
GEHA,workday,geha.wd5.myworkdayjobs.com|geha|GEHACareers,priority,2025 2026 2027,9,12
Geico,workday,geico.wd1.myworkdayjobs.com|geico|External,priority,2025 2026 2027,9,311
Genesis Molecular AI,ashby,genesis-molecular-ai,priority,2025 2026 2027,9,14
Global Partners,workday,global.wd1.myworkdayjobs.com|global|globalpartnerscareers,priority,2025 2026 2027,9,1831
Great American Insurance Company,workday,gaig.wd1.myworkdayjobs.com|gaig|GAIG_External,priority,2025 2026 2027,9,162
GSK,workday,gsk.wd5.myworkdayjobs.com|gsk|GSKCareers,priority,2025 2026 2027,9,668
Hayden AI,ashby,haydenai,priority,2025 2026 2027,9,13
Heron Power,ashby,heron-power,priority,2025 2026 2027,9,37
Howard University,workday,howard.wd1.myworkdayjobs.com|howard|HU,priority,2025 2026 2027,9,176
Howden,workday,hyperiongrp.wd3.myworkdayjobs.com|hyperiongrp|Hyperion_External,priority,2025 2026 2027,9,315
Humana,workday,humana.wd5.myworkdayjobs.com|humana|humana_external_career_site,priority,2025 2026 2027,9,372
Hy-Vee,workday,hyvee.wd1.myworkdayjobs.com|hyvee|HyVeeCareers,priority,2025 2026 2027,9,1806
Immuta,lever,immuta,priority,2025 2026 2027,9,12
Ingredion,workday,ingredion.wd1.myworkdayjobs.com|ingredion|IngredionCareers,priority,2025 2026 2027,9,238
Insperity,workday,insperity.wd12.myworkdayjobs.com|insperity|NSP,priority,2025 2026 2027,9,86
iSpot.tv,greenhouse,ispottv,priority,2025 2026 2027,9,11
K2 Space,greenhouse,k2spacecorporation,priority,2025 2026 2027,9,244
Kitware,lever,kitware,priority,2025 2026 2027,9,21
League,greenhouse,leagueinc,priority,2025 2026 2027,9,13
LexisNexis Risk Solutions,workday,relx.wd3.myworkdayjobs.com|relx|RiskSolutions,priority,2025 2026 2027,9,184
Lunar Energy,greenhouse,lunarenergy,priority,2025 2026 2027,9,21
Maersk,workday,maersk.wd3.myworkdayjobs.com|maersk|maersk_careers,priority,2025 2026 2027,9,1385
Masco,workday,masco.wd1.myworkdayjobs.com|masco|Masco,priority,2025 2026 2027,9,172
Medra,ashby,medraai,priority,2025 2026 2027,9,13
Medtronic,workday,medtronic.wd1.myworkdayjobs.com|medtronic|redeploymentmedtroniccareers,priority,2025 2026 2027,9,1237
Melotech,ashby,melotech,priority,2025 2026 2027,9,8
Mosaic,workday,mosaic.wd5.myworkdayjobs.com|mosaic|mosaic,priority,2025 2026 2027,9,130
Multiply Labs,lever,multiplylabs,priority,2025 2026 2027,9,5
NatWest Group,workday,rbs.wd3.myworkdayjobs.com|rbs|rbs,priority,2025 2026 2027,9,97
Neuralink,greenhouse,neuralink,priority,2025 2026 2027,9,79
Nextech Systems,lever,nextech,priority,2025 2026 2027,9,6
Nike,workday,nike.wd1.myworkdayjobs.com|nike|nke,priority,2025 2026 2027,9,842
Nordson,workday,nordsonhcm.wd501.myworkdayjobs.com|nordsonhcm|nordsoncareers,priority,2025 2026 2027,9,259
Northern Trust,workday,ntrs.wd1.myworkdayjobs.com|ntrs|northerntrust,priority,2025 2026 2027,9,647
Northwestern Mutual,workday,northwesternmutual.wd5.myworkdayjobs.com|northwesternmutual|corporate-careers,priority,2025 2026 2027,9,85
nVent,workday,nvent.wd5.myworkdayjobs.com|nvent|nVent,priority,2025 2026 2027,9,560
ONE Finance,ashby,oneapp,priority,2025 2026 2027,9,48
ONEOK,workday,oneok.wd1.myworkdayjobs.com|oneok|ONEOK_Early_Careers,priority,2025 2026 2027,9,19
Pebl,ashby,pebl,priority,2025 2026 2027,9,29
Phoenix Contact,greenhouse,phoenixcontact,priority,2025 2026 2027,9,36
Pitney Bowes,workday,pitneybowes.wd1.myworkdayjobs.com|pitneybowes|pbcareers,priority,2025 2026 2027,9,72
Pluralsight,workday,pluralsight.wd1.myworkdayjobs.com|pluralsight|Careers,priority,2025 2026 2027,9,17
Polar Semiconductor,workday,polarsemi.wd501.myworkdayjobs.com|polarsemi|Polar,priority,2025 2026 2027,9,30
Progyny,workday,progyny.wd5.myworkdayjobs.com|progyny|progyny,priority,2025 2026 2027,9,19
Q2,workday,q2ebanking.wd5.myworkdayjobs.com|q2ebanking|Q2,priority,2025 2026 2027,9,43
QTS,workday,qtsdatacenters.wd5.myworkdayjobs.com|qtsdatacenters|qts,priority,2025 2026 2027,9,300
Rakuten Advertising,workday,rakuten.wd1.myworkdayjobs.com|rakuten|RakutenAdvertising,priority,2025 2026 2027,9,13
Reflect Orbital,ashby,reflect-orbital,priority,2025 2026 2027,9,22
Rehlko,workday,rehlko.wd12.myworkdayjobs.com|rehlko|Reh,priority,2025 2026 2027,9,206
Relativity,workday,kcura.wd1.myworkdayjobs.com|kcura|External_Career_Site,priority,2025 2026 2027,9,80
Revel,ashby,revel,priority,2025 2026 2027,9,25
RoboForce,greenhouse,roboforce,priority,2025 2026 2027,9,16
Rocket Lawyer,greenhouse,rocketlawyer,priority,2025 2026 2027,9,7
Root Access,ashby,root-access,priority,2025 2026 2027,9,3
RSM,workday,rsm.wd1.myworkdayjobs.com|rsm|RSMCareers,priority,2025 2026 2027,9,924
Ryan,workday,ryan.wd1.myworkdayjobs.com|ryan|Students-Graduates,priority,2025 2026 2027,9,25
Saab,workday,saabusa.wd1.myworkdayjobs.com|saabusa|saab_careers,priority,2025 2026 2027,9,76
Sartorius,workday,sartorius.wd3.myworkdayjobs.com|sartorius|sartoriuscareers,priority,2025 2026 2027,9,217
SCAN,workday,scanhealthplan.wd108.myworkdayjobs.com|scanhealthplan|scancareers,priority,2025 2026 2027,9,122
Sentara Health,workday,sentara.wd1.myworkdayjobs.com|sentara|SCS,priority,2025 2026 2027,9,2000
Sentry,ashby,sentry,priority,2025 2026 2027,9,41
Sharecare,workday,sharecare.wd1.myworkdayjobs.com|sharecare|Sharecare_Careers,priority,2025 2026 2027,9,41
Sierra Space,workday,sierraspace.wd1.myworkdayjobs.com|sierraspace|Sierra_Space_External_Career_Site,priority,2025 2026 2027,9,175
Signet Jewelers,workday,signetjewelers.wd1.myworkdayjobs.com|signetjewelers|SignetCorporateCareers,priority,2025 2026 2027,9,69
SitusAMC,workday,situsamc.wd1.myworkdayjobs.com|situsamc|SitusAMC,priority,2025 2026 2027,9,67
Solar Turbines,workday,cat.wd5.myworkdayjobs.com|cat|solarturbines,priority,2025 2026 2027,9,113
Sonos,workday,sonos.wd1.myworkdayjobs.com|sonos|Sonos,priority,2025 2026 2027,9,51
Sony Pictures Entertainment,workday,spe.wd1.myworkdayjobs.com|spe|SonyPicturesEntertainment,priority,2025 2026 2027,9,61
Spotify,lever,spotify,priority,2025 2026 2027,9,78
Starz,workday,starz.wd5.myworkdayjobs.com|starz|Starz,priority,2025 2026 2027,9,15
Stewart,workday,stewart.wd1.myworkdayjobs.com|stewart|External,priority,2025 2026 2027,9,87
Strata Decision Technology,greenhouse,stratacareers,priority,2025 2026 2027,9,9
Stride,workday,strideinc.wd1.myworkdayjobs.com|strideinc|SK,priority,2025 2026 2027,9,163
Sunwater Capital,lever,sunwatercapital,priority,2025 2026 2027,9,3
T. Rowe Price,workday,troweprice.wd5.myworkdayjobs.com|troweprice|TRowePrice,priority,2025 2026 2027,9,143
Talos,ashby,talos-trading,priority,2025 2026 2027,9,19
Tandem Diabetes Care,workday,tandemdiabetes.wd12.myworkdayjobs.com|tandemdiabetes|tandemdiabetes,priority,2025 2026 2027,9,41
TC Energy,workday,tcenergy.wd3.myworkdayjobs.com|tcenergy|CAREER_SITE_TC,priority,2025 2026 2027,9,62
Texas A&M International University,workday,tamus.wd1.myworkdayjobs.com|tamus|TAMIU_Student_Employment,priority,2025 2026 2027,9,27
Texas Rangers,workday,rangersmlb.wd5.myworkdayjobs.com|rangersmlb|Rangers,priority,2025 2026 2027,9,23
The Boyd Group,workday,boydgroup.wd1.myworkdayjobs.com|boydgroup|boydcareers,priority,2025 2026 2027,9,1218
The Voleon Group,ashby,voleon,priority,2025 2026 2027,9,52
Tilde Research,ashby,tilderesearch,priority,2025 2026 2027,9,3
TMX Group,workday,tmx.wd3.myworkdayjobs.com|tmx|TMX_Careers,priority,2025 2026 2027,9,89
Trend Micro,workday,trendmicro.wd3.myworkdayjobs.com|trendmicro|External,priority,2025 2026 2027,9,207
U.S. Venture,workday,usventure.wd1.myworkdayjobs.com|usventure|usvexternal,priority,2025 2026 2027,9,1
Uhaul,workday,uhaul.wd1.myworkdayjobs.com|uhaul|UhaulJobs,priority,2025 2026 2027,9,2000
Uline,workday,uline.wd1.myworkdayjobs.com|uline|Uline_Careers,priority,2025 2026 2027,9,429
Ultra Intelligence and Communications,workday,ultra.wd3.myworkdayjobs.com|ultra|uiccareers,priority,2025 2026 2027,9,23
University of Chicago,workday,uchicago.wd5.myworkdayjobs.com|uchicago|External,priority,2025 2026 2027,9,419
Veeva Systems,lever,veeva,priority,2025 2026 2027,9,913
Vercel,greenhouse,vercel,priority,2025 2026 2027,9,88
Verizon Communications,workday,verizon.wd12.myworkdayjobs.com|verizon|verizon-careers,priority,2025 2026 2027,9,1175
Wellington Management,workday,wellington.wd5.myworkdayjobs.com|wellington|external,priority,2025 2026 2027,9,162
Xaira Therapeutics,greenhouse,xairatherapeutics,priority,2025 2026 2027,9,23
zaimler,lever,zaimler,priority,2025 2026 2027,9,13
Zeiss,workday,zeissgroup.wd3.myworkdayjobs.com|zeissgroup|External,priority,2025 2026 2027,9,862
Zello,ashby,zello,priority,2025 2026 2027,9,6
Zscaler,greenhouse,zscaler,priority,2025 2026 2027,9,378
Astera,ashby,astera,priority,2025 2026 2027,8,42
Gemini,greenhouse,gemini,priority,2025 2026 2027,8,33
Heliux,ashby,heliux,priority,2025 2026 2027,8,12
Homebase,ashby,homebase,priority,2025 2026 2027,8,22
Horace Mann,greenhouse,horacemannservicecorporation,priority,2025 2026 2027,8,29
HPR (Hyannis Port Research),greenhouse,hyannisportresearch,priority,2025 2026 2027,8,10
Melius,ashby,melius,priority,2025 2026 2027,8,8
Poshmark,ashby,poshmark,priority,2025 2026 2027,8,32
TransMarket Group,greenhouse,transmarketgroup,priority,2025 2026 2027,7,18
A Thinking Ape,greenhouse,athinkingape,priority,2025 2026 2027,6,2
Abridge,ashby,abridge,priority,2025 2026 2027,6,48
Abundant,ashby,abundant,priority,2025 2026 2027,6,9
Acceldata,lever,acceldata,priority,2025 2026 2027,6,40
Accenture,workday,accenture.wd103.myworkdayjobs.com|accenture|AccentureCareers,priority,2025 2026 2027,6,2000
Achievers,lever,achievers,priority,2025 2026 2027,6,17
Acron Aviation,lever,acronaviation,priority,2025 2026 2027,6,53
Ada,greenhouse,ada18,priority,2025 2026 2027,6,8
AeroVect,ashby,aerovect,priority,2025 2026 2027,6,46
Aevex Aerospace,greenhouse,aevexaerospace,priority,2025 2026 2027,6,61
AfterQuery,ashby,afterquery,priority,2025 2026 2027,6,38
AHEAD,lever,thinkahead,priority,2025 2026 2027,6,142
AirCapture,greenhouse,aircapture,priority,2025 2026 2027,6,3
Alamar Biosciences,greenhouse,alamarbiosciences,priority,2025 2026 2027,6,19
Alberta Investment Management Corporation,workday,aimco.wd10.myworkdayjobs.com|aimco|AIMCoCareers,priority,2025 2026 2027,6,23
Aledade,lever,aledade,priority,2025 2026 2027,6,34
Ambrook,ashby,ambrook,priority,2025 2026 2027,6,15
Ameren,workday,ameren.wd1.myworkdayjobs.com|ameren|External,priority,2025 2026 2027,6,86
American Cancer Society,workday,acs.wd5.myworkdayjobs.com|acs|acscareers,priority,2025 2026 2027,6,64
American Red Cross,workday,americanredcross.wd1.myworkdayjobs.com|americanredcross|american_red_cross_careers,priority,2025 2026 2027,6,348
Ameriprise Financial,workday,ameriprise.wd5.myworkdayjobs.com|ameriprise|Ameriprise,priority,2025 2026 2027,6,276
AMN Healthcare,workday,amn.wd1.myworkdayjobs.com|amn|amn_careers,priority,2025 2026 2027,6,35
Arch Capital Group,workday,archgroup.wd1.myworkdayjobs.com|archgroup|careers,priority,2025 2026 2027,6,184
Ardian,workday,ardian.wd103.myworkdayjobs.com|ardian|ArdianCareers,priority,2025 2026 2027,6,80
Arizona State University,workday,asuep.wd5.myworkdayjobs.com|asuep|ASUEP,priority,2025 2026 2027,6,12
Arlo,workday,arlo.wd12.myworkdayjobs.com|arlo|external_careers,priority,2025 2026 2027,6,25
Armadin,ashby,armadin,priority,2025 2026 2027,6,19
Ascensus,workday,ascensushr.wd1.myworkdayjobs.com|ascensushr|ascensuscareers,priority,2025 2026 2027,6,67
AssetWorks,workday,volarisgroup.wd3.myworkdayjobs.com|volarisgroup|AssetWorks,priority,2025 2026 2027,6,9
Athena Health,workday,athenahealth.wd1.myworkdayjobs.com|athenahealth|External,priority,2025 2026 2027,6,84
Athene,workday,athene.wd5.myworkdayjobs.com|athene|athene_careers,priority,2025 2026 2027,6,66
Atlas Energy Solutions,greenhouse,atlassand,priority,2025 2026 2027,6,54
Availity,workday,availity.wd1.myworkdayjobs.com|availity|availity_careers_us,priority,2025 2026 2027,6,12
AvePoint,greenhouse,avepoint,priority,2025 2026 2027,6,293
Avride,greenhouse,avride,priority,2025 2026 2027,6,53
AWE,workday,awepeople.wd3.myworkdayjobs.com|awepeople|Grad_Careers,priority,2025 2026 2027,6,11
Axiom Space,workday,axiomspace.wd5.myworkdayjobs.com|axiomspace|External_Career_Site,priority,2025 2026 2027,6,103
Axiomatic AI,greenhouse,axiomaticai,priority,2025 2026 2027,6,3
Axos Bank,workday,axos.wd5.myworkdayjobs.com|axos|Axos,priority,2025 2026 2027,6,203
AXQ Capital,greenhouse,axq,priority,2025 2026 2027,6,23
Barnes & Thornburg,ashby,barnes,priority,2025 2026 2027,6,101
Barr,workday,barr.wd1.myworkdayjobs.com|barr|barrcareers,priority,2025 2026 2027,6,132
Benchling,ashby,benchling,priority,2025 2026 2027,6,56
BJ's Wholesale Club,workday,bjswholesaleclub.wd1.myworkdayjobs.com|bjswholesaleclub|BJsCareers,priority,2025 2026 2027,6,1593
Bland AI,ashby,bland,priority,2025 2026 2027,6,19
Blockhouse,ashby,blockhouse,priority,2025 2026 2027,6,0
Blue Cross and Blue Shield of Minnesota,workday,bcbsmn.wd5.myworkdayjobs.com|bcbsmn|bluecrossmn,priority,2025 2026 2027,6,25
Blue Cross Blue Shield,workday,bcbsa.wd1.myworkdayjobs.com|bcbsa|careers,priority,2025 2026 2027,6,23
Blue Sky Innovators,greenhouse,blueskyinnovators,priority,2025 2026 2027,6,54
Bracebridge Capital,greenhouse,bracebridgecapital,priority,2025 2026 2027,6,6
Brevium,greenhouse,brevium,priority,2025 2026 2027,6,4
Brigham Young University - Provo,workday,byu.wd1.myworkdayjobs.com|byu|byu-careers,priority,2025 2026 2027,6,45
Bright Machines,lever,brightmachines,priority,2025 2026 2027,6,16
Brookfield,workday,brookfield.wd5.myworkdayjobs.com|brookfield|brookfieldprivate,priority,2025 2026 2027,6,28
Buildertrend,workday,buildertrend.wd108.myworkdayjobs.com|buildertrend|External_Careers,priority,2025 2026 2027,6,9
C.H. Robinson,workday,chrobinson.wd5.myworkdayjobs.com|chrobinson|CHRobinson,priority,2025 2026 2027,6,142
Calyxo,greenhouse,calyxo,priority,2025 2026 2027,6,17
Cambridge Investment Research,workday,cir.wd108.myworkdayjobs.com|cir|CIR_External_Career_Site,priority,2025 2026 2027,6,38
Camping World,workday,campingworld.wd5.myworkdayjobs.com|campingworld|Jobs,priority,2025 2026 2027,6,743
Cardinal Health,workday,cardinalhealth.wd1.myworkdayjobs.com|cardinalhealth|EXT,priority,2025 2026 2027,6,832
Carrier Global,workday,carrier.wd5.myworkdayjobs.com|carrier|jobs,priority,2025 2026 2027,6,1113
Cerence,workday,cerence.wd5.myworkdayjobs.com|cerence|Cerence,priority,2025 2026 2027,6,33
Chanel,workday,cc.wd3.myworkdayjobs.com|cc|ChanelCareers,priority,2025 2026 2027,6,1164
Chipotle Mexican Grill,workday,chipotle.wd5.myworkdayjobs.com|chipotle|ChipotleCareers,priority,2025 2026 2027,6,249
Circle K,workday,circlek.wd3.myworkdayjobs.com|circlek|circlekstorejobs,priority,2025 2026 2027,6,2000
City of Charlotte,workday,charlottenc.wd12.myworkdayjobs.com|charlottenc|citgov,priority,2025 2026 2027,6,65
Clio,workday,clio.wd3.myworkdayjobs.com|clio|ClioCareerSite,priority,2025 2026 2027,6,130
CNA Insurance,workday,cna.wd1.myworkdayjobs.com|cna|CNA_Careers,priority,2025 2026 2027,6,148
Cogeco,workday,cogeco.wd3.myworkdayjobs.com|cogeco|Cogeco_Careers,priority,2025 2026 2027,6,44
Commerce Bank,workday,commercebank.wd1.myworkdayjobs.com|commercebank|CommerceJobs,priority,2025 2026 2027,6,167
COUNTRY Financial,workday,countryfinancial.wd5.myworkdayjobs.com|countryfinancial|COUNTRYCorporateInternships,priority,2025 2026 2027,6,21
CoxHealth,workday,coxhealth.wd5.myworkdayjobs.com|coxhealth|CoxHealth_External,priority,2025 2026 2027,6,506
Creation Technologies,workday,creationtech.wd1.myworkdayjobs.com|creationtech|Creation,priority,2025 2026 2027,6,73
Crowdstrike,workday,crowdstrike.wd5.myworkdayjobs.com|crowdstrike|crowdstrikecareers,priority,2025 2026 2027,6,365
Crusoe,ashby,crusoe,priority,2025 2026 2027,6,351
Cubic,workday,cubic.wd1.myworkdayjobs.com|cubic|cubic_USA_careers,priority,2025 2026 2027,6,51
Cyvl,ashby,cyvl,priority,2025 2026 2027,6,11
Daimler Truck,workday,dtna.wd5.myworkdayjobs.com|dtna|dtna_affiliate,priority,2025 2026 2027,6,79
Dairyland Power Cooperative,workday,dairynet.wd1.myworkdayjobs.com|dairynet|DPCcareers,priority,2025 2026 2027,6,28
DataRobot,workday,datarobot.wd1.myworkdayjobs.com|datarobot|DataRobot_External_Careers,priority,2025 2026 2027,6,12
Dedalus,workday,dedalus.wd3.myworkdayjobs.com|dedalus|External,priority,2025 2026 2027,6,11
Dedalus Labs,ashby,dedalus-labs,priority,2025 2026 2027,6,7
Deliveroo,ashby,deliveroo,priority,2025 2026 2027,6,12
Delta Dental,workday,rhsc.wd5.myworkdayjobs.com|rhsc|delta_dental_of_michigan,priority,2025 2026 2027,6,27
Democratic Governors Association,lever,dga,priority,2025 2026 2027,6,6
Dexmate,ashby,dexmate,priority,2025 2026 2027,6,38
Diligent Corporation,greenhouse,diligentcorporation,priority,2025 2026 2027,6,112
Dimensional Fund Advisors,workday,dimensional.wd5.myworkdayjobs.com|dimensional|dfa_careers,priority,2025 2026 2027,6,70
Ditto AI,ashby,dittoai,priority,2025 2026 2027,6,5
Docugami,greenhouse,docugami,priority,2025 2026 2027,6,7
DoorDash,greenhouse,doordashusa,priority,2025 2026 2027,6,457
DoubleVerify,greenhouse,doubleverify,priority,2025 2026 2027,6,0
Dow Jones,workday,dowjones.wd1.myworkdayjobs.com|dowjones|Dow_Jones_Career,priority,2025 2026 2027,6,208
Droyd Robotics,ashby,droyd,priority,2025 2026 2027,6,25
Duke Energy,workday,dukeenergy.wd1.myworkdayjobs.com|dukeenergy|search,priority,2025 2026 2027,6,100
Duolingo,greenhouse,duolingounirecruitment,priority,2025 2026 2027,6,3
Dynamic Catholic,lever,dynamiccatholic,priority,2025 2026 2027,6,23
Ecolab,workday,ecolab.wd1.myworkdayjobs.com|ecolab|ecolab_external,priority,2025 2026 2027,6,1009
edmentum,greenhouse,edmentum,priority,2025 2026 2027,6,32
Efficient Computer,greenhouse,efficientcomputer,priority,2025 2026 2027,6,19
Eight Sleep,ashby,eightsleep,priority,2025 2026 2027,6,43
Elekta,workday,elekta.wd3.myworkdayjobs.com|elekta|Elekta_Careers,priority,2025 2026 2027,6,95
EnergyHub,greenhouse,energyhub,priority,2025 2026 2027,6,18
Etsy,workday,etsy.wd5.myworkdayjobs.com|etsy|Etsy_Careers,priority,2025 2026 2027,6,53
Everfox,workday,evergreenix.wd1.myworkdayjobs.com|evergreenix|external-careers2,priority,2025 2026 2027,6,43
Evolito,workday,evolito.wd3.myworkdayjobs.com|evolito|Evolito_Career_Site,priority,2025 2026 2027,6,45
Exact Sciences,workday,exactsciences.wd1.myworkdayjobs.com|exactsciences|Exact_Sciences,priority,2025 2026 2027,6,0
Exclusive Networks,workday,exclusivenetworks.wd103.myworkdayjobs.com|exclusivenetworks|Exclusive-Networks-Career,priority,2025 2026 2027,6,129
Exegy,ashby,exegy,priority,2025 2026 2027,6,5
ezCater,greenhouse,ezcaterinc,priority,2025 2026 2027,6,27
Faculty AI,ashby,faculty,priority,2025 2026 2027,6,75
Faire,greenhouse,faire,priority,2025 2026 2027,6,76
Farm Credit Canada,workday,fccfac.wd3.myworkdayjobs.com|fccfac|careers-carrieres,priority,2025 2026 2027,6,43
Ferrovial,workday,ferrovial.wd3.myworkdayjobs.com|ferrovial|ferrovial_career_site,priority,2025 2026 2027,6,552
Fidelity National Information Services,workday,fis.wd5.myworkdayjobs.com|fis|searchjobs,priority,2025 2026 2027,6,492
Field AI,lever,field-ai,priority,2025 2026 2027,6,93
Financial Ombudsman Service,workday,financialombudsman.wd3.myworkdayjobs.com|financialombudsman|FinancialOmbudsmanService,priority,2025 2026 2027,6,9
Finastra,workday,finastra.wd3.myworkdayjobs.com|finastra|FINC,priority,2025 2026 2027,6,140
First Quality,workday,firstquality.wd5.myworkdayjobs.com|firstquality|firstquality,priority,2025 2026 2027,6,141
Flexera,workday,flexerasoftware.wd1.myworkdayjobs.com|flexerasoftware|FlexeraSoftware,priority,2025 2026 2027,6,24
Fullsteam,workday,fullsteam.wd1.myworkdayjobs.com|fullsteam|external,priority,2025 2026 2027,6,16
Gametime,greenhouse,gametimeunited,priority,2025 2026 2027,6,11
Gelber Group,greenhouse,gelberhandshake,priority,2025 2026 2027,6,0
General Matter,greenhouse,generalmatter,priority,2025 2026 2027,6,127
GeoComply,lever,geocomply-2,priority,2025 2026 2027,6,5
Global Infrastructure,workday,gi.wd1.myworkdayjobs.com|gi|Global_Infrastructure,priority,2025 2026 2027,6,196
Globalization Partners,greenhouse,globalizationpartners,priority,2025 2026 2027,6,49
Globus Medical,workday,globusmedical.wd5.myworkdayjobs.com|globusmedical|GMED_Careers,priority,2025 2026 2027,6,331
GrayMatter Robotics,ashby,graymatter-robotics,priority,2025 2026 2027,6,18
GreatAmerica Financial Services,workday,greatamerica.wd12.myworkdayjobs.com|greatamerica|greatamericacareers,priority,2025 2026 2027,6,38
Greenlight,lever,greenlight,priority,2025 2026 2027,6,16
Guardian Life,workday,guardianlife.wd5.myworkdayjobs.com|guardianlife|guardian-life-careers,priority,2025 2026 2027,6,141
GuideStone,workday,guidestone.wd1.myworkdayjobs.com|guidestone|guidestone,priority,2025 2026 2027,6,17
Gumloop,ashby,gumloop,priority,2025 2026 2027,6,10
H3X Technologies,ashby,h3x-technologies,priority,2025 2026 2027,6,10
Haven Studios,greenhouse,haven,priority,2025 2026 2027,6,3
Heidelberg Materials,workday,heidelbergmaterials.wd3.myworkdayjobs.com|heidelbergmaterials|global_hm_career_site,priority,2025 2026 2027,6,859
Hendrick Motorsports,workday,hendrick.wd5.myworkdayjobs.com|hendrick|HMSCareers,priority,2025 2026 2027,6,42
Hippocratic AI,ashby,hippocratic%20ai,priority,2025 2026 2027,6,35
Hiscox,workday,hiscox.wd3.myworkdayjobs.com|hiscox|Hiscox_External_Site,priority,2025 2026 2027,6,90
HMH,workday,hmhw.wd12.myworkdayjobs.com|hmhw|hmh_careers,priority,2025 2026 2027,6,61
Hone Health,greenhouse,honehealth,priority,2025 2026 2027,6,12
HRL Laboratories,lever,dodmg,priority,2025 2026 2027,6,20
HUB,workday,hubinternational.wd1.myworkdayjobs.com|hubinternational|HUBInternational,priority,2025 2026 2027,6,584
Human Computer Lab,ashby,human-computer-lab,priority,2025 2026 2027,6,11
Huntington Bancshares,workday,huntington.wd12.myworkdayjobs.com|huntington|HNBcareers,priority,2025 2026 2027,6,667
Iberdrola Group,workday,iberdrola.wd3.myworkdayjobs.com|iberdrola|iberdrola,priority,2025 2026 2027,6,260
ibotta,workday,ibotta.wd1.myworkdayjobs.com|ibotta|Ibotta,priority,2025 2026 2027,6,0
ID.me,greenhouse,idmeuniversityrecruiting,priority,2025 2026 2027,6,7
IDEX,workday,idexcorp.wd5.myworkdayjobs.com|idexcorp|idex_careers,priority,2025 2026 2027,6,228
IEM,greenhouse,industrialelectricmanufacturing,priority,2025 2026 2027,6,139
IGS Energy,workday,igsenergy.wd1.myworkdayjobs.com|igsenergy|IGS,priority,2025 2026 2027,6,47
iHeartMedia,workday,iheartmedia.wd5.myworkdayjobs.com|iheartmedia|External_iHM,priority,2025 2026 2027,6,299
incident.io,ashby,incident,priority,2025 2026 2027,6,32
Inizio,greenhouse,inizio,priority,2025 2026 2027,6,21
Intapp,workday,intapp.wd1.myworkdayjobs.com|intapp|Intapp,priority,2025 2026 2027,6,75
Integral Ad Science,workday,integralads.wd1.myworkdayjobs.com|integralads|IAScareers,priority,2025 2026 2027,6,10
International Rescue Committee (IRC),workday,theirc.wd1.myworkdayjobs.com|theirc|External_Careers,priority,2025 2026 2027,6,360
Internship,ashby,interplay,priority,2025 2026 2027,6,18
Iowa State University,workday,isu.wd1.myworkdayjobs.com|isu|IowaStateJobs,priority,2025 2026 2027,6,72
iRhythm Technologies,workday,irhythmtech.wd5.myworkdayjobs.com|irhythmtech|irhythm,priority,2025 2026 2027,6,65
Ivalua,greenhouse,ivalua,priority,2025 2026 2027,6,48
Ivy Tech Community College,workday,ivytech.wd1.myworkdayjobs.com|ivytech|ivy_tech_careers,priority,2025 2026 2027,6,517
Jefferson Health,workday,jeffersonhealth.wd5.myworkdayjobs.com|jeffersonhealth|ThomasJeffersonExternal,priority,2025 2026 2027,6,1398
Jencap,greenhouse,jencapinc,priority,2025 2026 2027,6,13
JINGDONG,workday,jd.wd103.myworkdayjobs.com|jd|Campus_Career_Site,priority,2025 2026 2027,6,94
Jonas Software,workday,talentmanagementsolution.wd3.myworkdayjobs.com|talentmanagementsolution|JonasSoftwareCanada,priority,2025 2026 2027,6,61
Kabam,lever,kabam,priority,2025 2026 2027,6,19
Kensho,workday,spgi.wd5.myworkdayjobs.com|spgi|Kensho_Careers,priority,2025 2026 2027,6,9
Kepler Communications,lever,kepler,priority,2025 2026 2027,6,19
KeyBank,workday,keybank.wd5.myworkdayjobs.com|keybank|External_Career_Site,priority,2025 2026 2027,6,626
Kira,ashby,kira,priority,2025 2026 2027,6,9
Kirin,ashby,kirin,priority,2025 2026 2027,6,27
Kobo,workday,rakuten.wd1.myworkdayjobs.com|rakuten|Kobo,priority,2025 2026 2027,6,10
Kognitos,ashby,kognitos,priority,2025 2026 2027,6,7
Kong,ashby,kong,priority,2025 2026 2027,6,78
Lambda,ashby,lambda,priority,2025 2026 2027,6,90
Lendbuzz,lever,lendbuzz,priority,2025 2026 2027,6,61
LINQ,ashby,linqapp,priority,2025 2026 2027,6,5
LivaNova,workday,livanova.wd5.myworkdayjobs.com|livanova|search,priority,2025 2026 2027,6,64
Locus Robotics,greenhouse,locusrobotics,priority,2025 2026 2027,6,6
Logitech,workday,logitech.wd5.myworkdayjobs.com|logitech|Logitech,priority,2025 2026 2027,6,228
Magna,workday,magna.wd3.myworkdayjobs.com|magna|magna,priority,2025 2026 2027,6,1484
Mariana Minerals,ashby,marianaminerals,priority,2025 2026 2027,6,76
Mars,workday,mars.wd3.myworkdayjobs.com|mars|external,priority,2025 2026 2027,6,816
Marshall Wace,greenhouse,mwinternshipprogram,priority,2025 2026 2027,6,7
MassMutual Ascend,workday,massmutual.wd1.myworkdayjobs.com|massmutual|MMAscendCareers,priority,2025 2026 2027,6,2
MedElite,greenhouse,medelitellc,priority,2025 2026 2027,6,441
MegazoneCloud,ashby,megazone,priority,2025 2026 2027,6,23
Meijer,workday,meijer.wd5.myworkdayjobs.com|meijer|Meijer,priority,2025 2026 2027,6,189
Menasha Corporation,workday,menasha.wd12.myworkdayjobs.com|menasha|menashacorp,priority,2025 2026 2027,6,217
Mercer University,workday,merceruniversity.wd1.myworkdayjobs.com|merceruniversity|student,priority,2025 2026 2027,6,162
MERGE,greenhouse,mergeworld,priority,2025 2026 2027,6,49
MetOx International,greenhouse,metoxinternationalinc,priority,2025 2026 2027,6,12
Michelin,workday,michelinhr.wd3.myworkdayjobs.com|michelinhr|Michelin,priority,2025 2026 2027,6,747
Mill,greenhouse,mill,priority,2025 2026 2027,6,29
Mirego,lever,mirego,priority,2025 2026 2027,6,10
Moderna,workday,modernatx.wd1.myworkdayjobs.com|modernatx|M_tx,priority,2025 2026 2027,6,199
Moment Energy,greenhouse,momentenergy,priority,2025 2026 2027,6,18
Momentive,workday,momentive.wd1.myworkdayjobs.com|momentive|MC,priority,2025 2026 2027,6,125
NationGraph,ashby,nationgraph,priority,2025 2026 2027,6,2
Neighborly,workday,neighborlybrands.wd1.myworkdayjobs.com|neighborlybrands|neighborly,priority,2025 2026 2027,6,21
New Balance,workday,newbalance.wd1.myworkdayjobs.com|newbalance|careers,priority,2025 2026 2027,6,186
New York Post Holdings,workday,dowjones.wd1.myworkdayjobs.com|dowjones|New_York_Post_Careers,priority,2025 2026 2027,6,45
NextGen Federal Systems,lever,nextgenfed,priority,2025 2026 2027,6,33
Novartis,workday,novartis.wd3.myworkdayjobs.com|novartis|Novartis_Careers,priority,2025 2026 2027,6,864
Nuclear Promise X,ashby,npx,priority,2025 2026 2027,6,15
Occidental Petroleum,workday,oxy.wd5.myworkdayjobs.com|oxy|Corporate,priority,2025 2026 2027,6,51
Ohio State University,workday,osu.wd1.myworkdayjobs.com|osu|OSUCareers,priority,2025 2026 2027,6,1042
Oklahoma State Government,workday,okgov.wd1.myworkdayjobs.com|okgov|okgovjobs,priority,2025 2026 2027,6,544
Omnicom Health,greenhouse,omnicomhealth,priority,2025 2026 2027,6,18
Ontic,ashby,ontic,priority,2025 2026 2027,6,16
OpenGov,ashby,opengov,priority,2025 2026 2027,6,67
Output Biosciences,ashby,output,priority,2025 2026 2027,6,9
Pace,ashby,withpace,priority,2025 2026 2027,6,21
Pacvue,greenhouse,pacvue,priority,2025 2026 2027,6,21
Parallel Wireless,lever,parallelwireless,priority,2025 2026 2027,6,46
PatientPoint,greenhouse,patientpoint,priority,2025 2026 2027,6,36
Per Scholas,greenhouse,perscholashires,priority,2025 2026 2027,6,30
Perplexity AI,ashby,perplexity,priority,2025 2026 2027,6,123
Persona,ashby,persona,priority,2025 2026 2027,6,16
Pika,ashby,pika,priority,2025 2026 2027,6,14
Pivotal Software,lever,pivotal,priority,2025 2026 2027,6,20
POET,workday,poet.wd1.myworkdayjobs.com|poet|POET,priority,2025 2026 2027,6,118
Polaris,workday,polaris.wd5.myworkdayjobs.com|polaris|PolarisJobs,priority,2025 2026 2027,6,143
Primerica,workday,primerica.wd1.myworkdayjobs.com|primerica|pri,priority,2025 2026 2027,6,42
PSECU,workday,psecu.wd12.myworkdayjobs.com|psecu|PSECU,priority,2025 2026 2027,6,24
PTC,workday,ptc.wd1.myworkdayjobs.com|ptc|ptc,priority,2025 2026 2027,6,165
Rainmaker,lever,make-rain,priority,2025 2026 2027,6,26
Regions Bank,workday,regions.wd5.myworkdayjobs.com|regions|regions_careers,priority,2025 2026 2027,6,500
Remarcable,ashby,remarcable-inc,priority,2025 2026 2027,6,10
Revantage Corporate Services,workday,revantage.wd1.myworkdayjobs.com|revantage|Revantage,priority,2025 2026 2027,6,91
Rexford Industrial,greenhouse,rexfordindustrial,priority,2025 2026 2027,6,3
Rigetti,lever,rigetti,priority,2025 2026 2027,6,13
Rolls-Royce,workday,rollsroyce.wd3.myworkdayjobs.com|rollsroyce|Intern_Graduate,priority,2025 2026 2027,6,99
RTW Investments,greenhouse,rtwinvestments,priority,2025 2026 2027,6,7
Sage,greenhouse,sage49,priority,2025 2026 2027,6,8
SailPoint,workday,sailpoint.wd1.myworkdayjobs.com|sailpoint|SailPoint,priority,2025 2026 2027,6,118
SanMar,greenhouse,sanmar,priority,2025 2026 2027,6,40
Sarepta,workday,sarepta.wd5.myworkdayjobs.com|sarepta|sarepta_external,priority,2025 2026 2027,6,20
Schnucks,workday,schnucks.wd5.myworkdayjobs.com|schnucks|SchnucksCareers,priority,2025 2026 2027,6,249
Seurat Technologies,greenhouse,seurat,priority,2025 2026 2027,6,4
Shake Shack,workday,shakeshack.wd5.myworkdayjobs.com|shakeshack|External,priority,2025 2026 2027,6,560
Shield AI,lever,shieldai,priority,2025 2026 2027,6,576
Sieve,ashby,sieve,priority,2025 2026 2027,6,13
SiFive,workday,sifive.wd1.myworkdayjobs.com|sifive|sifivecareers,priority,2025 2026 2027,6,124
Signify,workday,lighting.wd3.myworkdayjobs.com|lighting|jobs-and-careers,priority,2025 2026 2027,6,242
Simon Property Group,workday,simon.wd1.myworkdayjobs.com|simon|Simon,priority,2025 2026 2027,6,170
Simple Technology Solutions,greenhouse,simpletechnologysolutions,priority,2025 2026 2027,6,0
Skechers,workday,skechers.wd5.myworkdayjobs.com|skechers|One-career-site,priority,2025 2026 2027,6,1665
Skyryse,greenhouse,skyryse,priority,2025 2026 2027,6,17
Skyways,lever,skyways,priority,2025 2026 2027,6,22
Slate Auto,workday,recar.wd108.myworkdayjobs.com|recar|SLATEcareers,priority,2025 2026 2027,6,128
Smartly.io,greenhouse,smartlyio,priority,2025 2026 2027,6,79
Snorkel AI,greenhouse,snorkelai,priority,2025 2026 2027,6,36
SoloPulse,lever,solopulseco,priority,2025 2026 2027,6,13
Sonoco,workday,sonoco.wd1.myworkdayjobs.com|sonoco|CorporateCareers,priority,2025 2026 2027,6,255
SonoThera,greenhouse,sonothera,priority,2025 2026 2027,6,3
Sony Interactive Entertainment,greenhouse,sonyinteractiveentertainmentglobal,priority,2025 2026 2027,6,199
Southern New Hampshire University,workday,snhu.wd503.myworkdayjobs.com|snhu|External_Career_Site,priority,2025 2026 2027,6,77
Space Kinetic,greenhouse,spacekinetic,priority,2025 2026 2027,6,48
Span,ashby,span,priority,2025 2026 2027,6,37
SpecterOps,greenhouse,specterops,priority,2025 2026 2027,6,4
Spectrum Control,workday,spectrumcontrol.wd1.myworkdayjobs.com|spectrumcontrol|spectrumcontrol,priority,2025 2026 2027,6,34
Speechmatics,greenhouse,speechmatics,priority,2025 2026 2027,6,8
State of Nebraska,workday,son.wd108.myworkdayjobs.com|son|NebraskaStateCareers,priority,2025 2026 2027,6,307
StockX,greenhouse,stockx,priority,2025 2026 2027,6,35
Superhuman,ashby,superhuman%20platform%20inc,priority,2025 2026 2027,6,69
Swarm Aero,ashby,swarmaero,priority,2025 2026 2027,6,33
Syneos Health,workday,syneoshealth.wd12.myworkdayjobs.com|syneoshealth|Syneos_Health_External_Site,priority,2025 2026 2027,6,727
Syska Hennessy Group,greenhouse,syskahennessy,priority,2025 2026 2027,6,162
Taylor Corporation,workday,taylor.wd1.myworkdayjobs.com|taylor|external,priority,2025 2026 2027,6,152
TD Synnex,workday,synnex.wd5.myworkdayjobs.com|synnex|tdsynnexcareers,priority,2025 2026 2027,6,785
Telligen,lever,telligen,priority,2025 2026 2027,6,10
Tempo,ashby,tempo-io,priority,2025 2026 2027,6,19
Terminal,ashby,terminal,priority,2025 2026 2027,6,9
Terran Orbital,greenhouse,terranorbitalcorporation,priority,2025 2026 2027,6,28
Tessera Labs,ashby,tessera-labs,priority,2025 2026 2027,6,21
Texas A&M University System,workday,tamus.wd1.myworkdayjobs.com|tamus|System-wide_External,priority,2025 2026 2027,6,748
The Access Group,workday,theaccessgroup.wd103.myworkdayjobs.com|theaccessgroup|Access_Group_External_Careers,priority,2025 2026 2027,6,146
The Exploration Company,ashby,the-exploration-company,priority,2025 2026 2027,6,104
The New York Times,greenhouse,thenewyorktimes,priority,2025 2026 2027,6,145
Thrivent,workday,thrivent.wd5.myworkdayjobs.com|thrivent|external,priority,2025 2026 2027,6,341
TJX,workday,tjx.wd1.myworkdayjobs.com|tjx|tjx_external,priority,2025 2026 2027,6,11575
TNS,workday,tnsi.wd1.myworkdayjobs.com|tnsi|Search,priority,2025 2026 2027,6,56
TransPerfect,workday,transperfect.wd5.myworkdayjobs.com|transperfect|transperfect,priority,2025 2026 2027,6,325
Triumph,ashby,triumph-arcade,priority,2025 2026 2027,6,20
Truist Bank,workday,truist.wd1.myworkdayjobs.com|truist|Careers,priority,2025 2026 2027,6,1147
Trumid,greenhouse,trumid,priority,2025 2026 2027,6,6
TRUMPF,workday,trumpf.wd3.myworkdayjobs.com|trumpf|TRUMPF_Students,priority,2025 2026 2027,6,78
Truveta,greenhouse,truveta,priority,2025 2026 2027,6,40
TSC,workday,tsc.wd12.myworkdayjobs.com|tsc|TSC-Careers,priority,2025 2026 2027,6,94
Two Six Technologies,greenhouse,twosixtechnologies,priority,2025 2026 2027,6,77
Uber Freight,greenhouse,uberfreight,priority,2025 2026 2027,6,66
"University of Nevada, Reno",workday,nshe.wd1.myworkdayjobs.com|nshe|UNR-external,priority,2025 2026 2027,6,145
Unlikely AI,ashby,unlikelyai,priority,2025 2026 2027,6,1
Valstad,ashby,valstad,priority,2025 2026 2027,6,10
Vendelux,ashby,vendelux,priority,2025 2026 2027,6,17
Verdantas,workday,verdantas.wd108.myworkdayjobs.com|verdantas|Verdantas,priority,2025 2026 2027,6,123
VF,workday,vfc.wd5.myworkdayjobs.com|vfc|vfc_careers,priority,2025 2026 2027,6,1390
Viatris,workday,viatris.wd5.myworkdayjobs.com|viatris|External,priority,2025 2026 2027,6,377
Viking Global,greenhouse,vikingglobalinvestors,priority,2025 2026 2027,6,5
Viridien,workday,cgg.wd103.myworkdayjobs.com|cgg|viridiencareers,priority,2025 2026 2027,6,62
Vishay Intertechnology,workday,vishay.wd3.myworkdayjobs.com|vishay|VishayCareers,priority,2025 2026 2027,6,544
Vistra,workday,vst.wd5.myworkdayjobs.com|vst|vistra_careers,priority,2025 2026 2027,6,170
Vizient,workday,vizient.wd1.myworkdayjobs.com|vizient|Vizient_Careers,priority,2025 2026 2027,6,224
Volaris Group,workday,volarisgroup.wd3.myworkdayjobs.com|volarisgroup|volaris,priority,2025 2026 2027,6,23
Voloridge,greenhouse,voloridgeinvestmentmanagement,priority,2025 2026 2027,6,11
Wasabi Technologies,greenhouse,wasabi,priority,2025 2026 2027,6,12
Washpost,workday,washpost.wd5.myworkdayjobs.com|washpost|washingtonpostcareers,priority,2025 2026 2027,6,60
Watts Water,workday,wattswater.wd5.myworkdayjobs.com|wattswater|Intern-External,priority,2025 2026 2027,6,25
Welocalize,workday,welocalize.wd1.myworkdayjobs.com|welocalize|welocalize,priority,2025 2026 2027,6,66
WhiteWater Midstream,greenhouse,whitewatermidstream,priority,2025 2026 2027,6,26
WindBorne Systems,ashby,windborne-systems,priority,2025 2026 2027,6,19
Wonder,workday,wonder.wd1.myworkdayjobs.com|wonder|WG,priority,2025 2026 2027,6,77
Xantium,greenhouse,xantium,priority,2025 2026 2027,6,8
Xylem,workday,xylem.wd5.myworkdayjobs.com|xylem|xylem-careers,priority,2025 2026 2027,6,526
Zocdoc,greenhouse,zocdoc,priority,2025 2026 2027,6,59
Anthelion Capital,ashby,anthelioncap,priority,2025 2026 2027,5,3
Cartesian,greenhouse,cartesiansystems,priority,2025 2026 2027,5,10
Chicago Trading Company,greenhouse,ctccampusboard,priority,2025 2026 2027,5,6
Core & Main,workday,coreandmain.wd1.myworkdayjobs.com|coreandmain|coreandmain,priority,2025 2026 2027,5,256
Datasite,workday,datasite.wd1.myworkdayjobs.com|datasite|datasite,priority,2025 2026 2027,5,41
Deepgram,ashby,deepgram,priority,2025 2026 2027,5,91
Exa Labs,ashby,exa,priority,2025 2026 2027,5,52
Freeform,greenhouse,freeformfuturecorp,priority,2025 2026 2027,5,79
Granite Construction,workday,granite.wd1.myworkdayjobs.com|granite|careers,priority,2025 2026 2027,5,257
Hypercubic,ashby,hypercubic,priority,2025 2026 2027,5,2
Kastle AI,ashby,kastle,priority,2025 2026 2027,5,14
Modal,ashby,modal,priority,2025 2026 2027,5,39
Netsmart,workday,ntst.wd1.myworkdayjobs.com|ntst|careers,priority,2025 2026 2027,5,76
Northspyre,greenhouse,northspyre,priority,2025 2026 2027,5,7
PDT Partners,greenhouse,pdtpartners,priority,2025 2026 2027,5,9
Phonely,ashby,phonely,priority,2025 2026 2027,5,20
Podium,greenhouse,podium81,priority,2025 2026 2027,5,60
Replit,ashby,replit,priority,2025 2026 2027,5,73
ShyftLabs,lever,shyftlabs,priority,2025 2026 2027,5,23
Yotta Labs,ashby,yotta,priority,2025 2026 2027,5,4
Cadence,workday,cadence.wd1.myworkdayjobs.com|cadence|external_careers,priority,2026 2027,4,616
Rendezvous Robotics,greenhouse,rendezvousrobotics,priority,2026 2027,4,24
SK Hynix Memory Solution,greenhouse,skhynixmemorysolutionsamericainc,priority,2026 2027,4,26
1-800 Contacts,greenhouse,1800contacts,priority,2025 2026 2027,3,12
10a Labs,greenhouse,10alabs,priority,2025 2026 2027,3,15
1X,ashby,1x,priority,2025 2026 2027,3,92
7-Eleven,workday,my7elevenhr.wd12.myworkdayjobs.com|my7elevenhr|Careers,priority,2025 2026 2027,3,603
AAA Mountainwest Group,workday,ncnu.wd1.myworkdayjobs.com|ncnu|aaa_ncnu_careers,priority,2025 2026 2027,3,123
Abbott,workday,abbott.wd5.myworkdayjobs.com|abbott|abbottcareers,priority,2025 2026 2027,3,2000
Ace Hardware,workday,acehardware.wd1.myworkdayjobs.com|acehardware|External,priority,2025 2026 2027,3,161
Acima,workday,upbound.wd501.myworkdayjobs.com|upbound|Acima,priority,2025 2026 2027,3,10
Acushnet Holdings,workday,acushnetgolf.wd12.myworkdayjobs.com|acushnetgolf|ACU,priority,2025 2026 2027,3,67
Ad Council,greenhouse,adcouncil,priority,2025 2026 2027,3,1
Adaptive Security,ashby,adaptivesecurity,priority,2025 2026 2027,3,15
Advance Auto Parts,workday,advanceauto.wd5.myworkdayjobs.com|advanceauto|advanceexternalcareers,priority,2025 2026 2027,3,2000
Advanced Space,greenhouse,advancedspace,priority,2025 2026 2027,3,19
AES,workday,aes.wd1.myworkdayjobs.com|aes|AES_US,priority,2025 2026 2027,3,170
Affirm,greenhouse,affirm,priority,2025 2026 2027,3,184
AgWest Farm Credit,greenhouse,agwestfarmcredit,priority,2025 2026 2027,3,17
Air Products,workday,airproducts.wd5.myworkdayjobs.com|airproducts|AP0001,priority,2025 2026 2027,3,402
Alcoa,workday,alcoa.wd5.myworkdayjobs.com|alcoa|Careers,priority,2025 2026 2027,3,105
Alertus Technologies,lever,alertus,priority,2025 2026 2027,3,19
Alexion,workday,astrazeneca.wd3.myworkdayjobs.com|astrazeneca|alexion,priority,2025 2026 2027,3,94
ALKU,greenhouse,alku,priority,2025 2026 2027,3,16
Allegiant Air,lever,allegiantair,priority,2025 2026 2027,3,49
AllianceBernstein,workday,abglobal.wd1.myworkdayjobs.com|abglobal|abcampuscareers,priority,2025 2026 2027,3,25
Alljoined,ashby,alljoined,priority,2025 2026 2027,3,7
Alloy Enterprises,ashby,alloyenterprises,priority,2025 2026 2027,3,5
ALSO,ashby,ridealso,priority,2025 2026 2027,3,41
AltaGas,workday,wgl.wd5.myworkdayjobs.com|wgl|altagas,priority,2025 2026 2027,3,42
Altasciences,workday,altasciences.wd1.myworkdayjobs.com|altasciences|Careers,priority,2025 2026 2027,3,95
Alteryx,workday,alteryx.wd108.myworkdayjobs.com|alteryx|AlteryxCareers,priority,2025 2026 2027,3,75
AMAROK Security,greenhouse,amarok,priority,2025 2026 2027,3,17
Ambi Robotics,lever,ambirobotics,priority,2025 2026 2027,3,5
Ameresco,workday,ameresco.wd5.myworkdayjobs.com|ameresco|Ameresco,priority,2025 2026 2027,3,101
American Cancer Society Cancer Action Network,workday,acs.wd5.myworkdayjobs.com|acs|acscan,priority,2025 2026 2027,3,6
American Institutes for Research,greenhouse,americaninstitutesforresearch,priority,2025 2026 2027,3,7
AMI,ashby,ami,priority,2025 2026 2027,3,7
Amp Robotics,greenhouse,ampsortation,priority,2025 2026 2027,3,14
Amynta Group,workday,amynta.wd5.myworkdayjobs.com|amynta|global,priority,2025 2026 2027,3,98
Anglian Water,workday,awg.wd3.myworkdayjobs.com|awg|broadbean_external,priority,2025 2026 2027,3,133
Anomali,lever,anomali,priority,2025 2026 2027,3,19
Antares Nuclear,ashby,antares,priority,2025 2026 2027,3,89
Anterior,ashby,anterior,priority,2025 2026 2027,3,5
APM Terminals,workday,maersk.wd3.myworkdayjobs.com|maersk|APMT_Careers,priority,2025 2026 2027,3,144
Apollo Global,workday,athene.wd5.myworkdayjobs.com|athene|Apollo_Careers,priority,2025 2026 2027,3,68
Appen,lever,appen-2,priority,2025 2026 2027,3,12
Applied Fluid Power,workday,applied.wd501.myworkdayjobs.com|applied|applied,priority,2025 2026 2027,3,400
Aquabyte,lever,aquabyte,priority,2025 2026 2027,3,3
Arcesium,greenhouse,arcesiumllc,priority,2025 2026 2027,3,47
Archer,greenhouse,archer56,priority,2025 2026 2027,3,159
Architect Labs,ashby,architect,priority,2025 2026 2027,3,13
Arctic Wolf,workday,arcticwolf.wd1.myworkdayjobs.com|arcticwolf|External,priority,2025 2026 2027,3,108
Arevon,greenhouse,arevonenergyimpltest,priority,2025 2026 2027,3,14
Argmax,greenhouse,argmax,priority,2025 2026 2027,3,3
Argo Group,workday,brookfield.wd5.myworkdayjobs.com|brookfield|bpandc,priority,2025 2026 2027,3,102
AriensCo,workday,arienscompany.wd5.myworkdayjobs.com|arienscompany|external,priority,2025 2026 2027,3,44
Arkansas Children's,workday,archildrens.wd1.myworkdayjobs.com|archildrens|external_career_site,priority,2025 2026 2027,3,264
Arlo Technologies,workday,arlo.wd12.myworkdayjobs.com|arlo|External_Careers,priority,2025 2026 2027,3,25
ArteraAI,lever,artera,priority,2025 2026 2027,3,6
Arvinas,greenhouse,arvinas,priority,2025 2026 2027,3,1
Ascend Performance Materials,workday,ascendperformancematerials.wd1.myworkdayjobs.com|ascendperformancematerials|ascend,priority,2025 2026 2027,3,33
Astronomer,ashby,astronomer,priority,2025 2026 2027,3,20
Atrium Health,workday,aah.wd5.myworkdayjobs.com|aah|External,priority,2025 2026 2027,3,2000
Attentive,greenhouse,attentive,priority,2025 2026 2027,3,33
Auctor,ashby,auctor,priority,2025 2026 2027,3,12
Austin Community College District,workday,austincc.wd1.myworkdayjobs.com|austincc|external,priority,2025 2026 2027,3,70
AVEVA,workday,aveva.wd3.myworkdayjobs.com|aveva|AVEVA_careers,priority,2025 2026 2027,3,264
Axcelis Technologies,workday,axcelis.wd1.myworkdayjobs.com|axcelis|axcelis,priority,2025 2026 2027,3,86
Axios,greenhouse,axios,priority,2025 2026 2027,3,34
Axis Capital,workday,axiscapital.wd1.myworkdayjobs.com|axiscapital|axiscareers,priority,2025 2026 2027,3,65
Aypa Power,greenhouse,aypapower,priority,2025 2026 2027,3,13
Babel Street,greenhouse,babelstreet,priority,2025 2026 2027,3,12
Baidu USA,greenhouse,baidu,priority,2025 2026 2027,3,28
Baker Tilly,workday,bakertilly.wd5.myworkdayjobs.com|bakertilly|BTCareers,priority,2025 2026 2027,3,462
Bandwidth,greenhouse,bandwidth,priority,2025 2026 2027,3,28
Barry-Wehmiller,workday,barrywehmiller.wd1.myworkdayjobs.com|barrywehmiller|BWConfidential,priority,2025 2026 2027,3,63
Basis Research Institute,ashby,basis-research,priority,2025 2026 2027,3,13
Bass Pro Shops,workday,basspro.wd1.myworkdayjobs.com|basspro|careers,priority,2025 2026 2027,3,2782
BCBST,workday,bcbst.wd1.myworkdayjobs.com|bcbst|external,priority,2025 2026 2027,3,17
BDC Venture Capital,workday,bdc.wd10.myworkdayjobs.com|bdc|BDC_Careers,priority,2025 2026 2027,3,57
Beacon Software,ashby,beaconsoftware,priority,2025 2026 2027,3,47
BECU,workday,becu.wd1.myworkdayjobs.com|becu|External,priority,2025 2026 2027,3,32
Belk,workday,belk.wd1.myworkdayjobs.com|belk|careers,priority,2025 2026 2027,3,9
Belvedere Trading,lever,belvederetrading,priority,2025 2026 2027,3,21
BenchSci,lever,benchsci,priority,2025 2026 2027,3,0
BetterHelp,greenhouse,betterhelpcom,priority,2025 2026 2027,3,20
BiblioCommons,workday,volarisgroup.wd3.myworkdayjobs.com|volarisgroup|BiblioCommons,priority,2025 2026 2027,3,3
BigCommerce,workday,bigcommerce.wd12.myworkdayjobs.com|bigcommerce|Commerce,priority,2025 2026 2027,3,22
Bild AI,ashby,bild-ai,priority,2025 2026 2027,3,4
BioAgilytix,lever,bioagilytix,priority,2025 2026 2027,3,17
Bird Construction,workday,bird.wd3.myworkdayjobs.com|bird|BirdConstructionCareers,priority,2025 2026 2027,3,162
Blackbird Labs,ashby,blackbird-labs-inc,priority,2025 2026 2027,3,5
BlackEdge Capital,greenhouse,blackedgecapital,priority,2025 2026 2027,3,7
BlackSky,greenhouse,blacksky,priority,2025 2026 2027,3,26
Bloomberg Philanthropies,greenhouse,bloombergdotorg,priority,2025 2026 2027,3,0
Bloxd,ashby,bloxd,priority,2025 2026 2027,3,1
Blue Cross and Blue Shield of North Carolina,workday,bcbsnc.wd5.myworkdayjobs.com|bcbsnc|bcbsnc,priority,2025 2026 2027,3,44
Blue Cross and Blue Shield of Rhode Island,workday,bcbsri.wd1.myworkdayjobs.com|bcbsri|BCBSRICareers,priority,2025 2026 2027,3,13
Blue Cross Blue Shield of Arizona,workday,bcbsaz.wd1.myworkdayjobs.com|bcbsaz|bcbsazcareers,priority,2025 2026 2027,3,40
Blue Cross Blue Shield of Rhode Island,workday,bcbsri.wd1.myworkdayjobs.com|bcbsri|bcbsricareers,priority,2025 2026 2027,3,13
Blue Cross of Idaho,workday,bcidaho.wd5.myworkdayjobs.com|bcidaho|BCI,priority,2025 2026 2027,3,19
BlueLabs Analytics,greenhouse,bluelabsanalyticsinc,priority,2025 2026 2027,3,9
BlueRock Therapeutics,lever,bluerocktx,priority,2025 2026 2027,3,0
Box,greenhouse,boxinc,priority,2025 2026 2027,3,113
Boys Town,workday,boystown.wd1.myworkdayjobs.com|boystown|boystowncareers,priority,2025 2026 2027,3,171
Bracket Bot,ashby,bracket-bot,priority,2025 2026 2027,3,10
Brandeis University,workday,brandeis.wd5.myworkdayjobs.com|brandeis|Jobs,priority,2025 2026 2027,3,91
Brave,greenhouse,brave,priority,2025 2026 2027,3,13
BRG,workday,thinkbrg.wd5.myworkdayjobs.com|thinkbrg|BRG_External_Career_Site,priority,2025 2026 2027,3,133
BrightAI,greenhouse,brightai,priority,2025 2026 2027,3,6
Brightstar.AI,ashby,brightstar-ai,priority,2025 2026 2027,3,1
Brooks Automation,workday,brooksauto.wd1.myworkdayjobs.com|brooksauto|Brooks_External_Site,priority,2025 2026 2027,3,105
Brooks Running,lever,brooksrunning,priority,2025 2026 2027,3,33
BTI360,greenhouse,bti36021,priority,2025 2026 2027,3,13
Bugcrowd,greenhouse,bugcrowd,priority,2025 2026 2027,3,8
Businessolver,greenhouse,businessolverinvitationonly,priority,2025 2026 2027,3,4
ButcherBox,lever,butcherbox,priority,2025 2026 2027,3,0
C&S Wholesale Grocers,workday,cswg.wd1.myworkdayjobs.com|cswg|cs_careers,priority,2025 2026 2027,3,201
C.H. Guenther,workday,chg.wd5.myworkdayjobs.com|chg|US_External_Career_Site,priority,2025 2026 2027,3,75
Cable One,workday,cableone.wd1.myworkdayjobs.com|cableone|Cable_One_External_Careers,priority,2025 2026 2027,3,149
Canadian Solar,workday,canadiansolar.wd5.myworkdayjobs.com|canadiansolar|CanadianSolar,priority,2025 2026 2027,3,154
CareSource,workday,caresource.wd1.myworkdayjobs.com|caresource|caresource,priority,2025 2026 2027,3,113
Carter's,workday,carters.wd1.myworkdayjobs.com|carters|CartersCareers,priority,2025 2026 2027,3,944
Catalist,lever,catalist,priority,2025 2026 2027,3,1
CDW Corporation,workday,cdw.wd5.myworkdayjobs.com|cdw|careers,priority,2025 2026 2027,3,143
Cenovus Energy,workday,cenovus.wd3.myworkdayjobs.com|cenovus|careers,priority,2025 2026 2027,3,38
Center for AI Safety,lever,aisafety,priority,2025 2026 2027,3,0
Center for Internet Security (CIS),workday,cisecurity.wd1.myworkdayjobs.com|cisecurity|CIS_External_Career_Site,priority,2025 2026 2027,3,6
Central Hudson,workday,cenhud.wd5.myworkdayjobs.com|cenhud|cenhud,priority,2025 2026 2027,3,23
CHAOS Industries,greenhouse,chaosindustries,priority,2025 2026 2027,3,129
Charge Robotics,ashby,charge-robotics,priority,2025 2026 2027,3,14
Charta Health,ashby,chartahealth,priority,2025 2026 2027,3,19
Charter Manufacturing,workday,chartermfg.wd5.myworkdayjobs.com|chartermfg|Charter_Careers,priority,2025 2026 2027,3,61
Checkr,greenhouse,checkr,priority,2025 2026 2027,3,48
Cheiron,ashby,cheiron,priority,2025 2026 2027,3,12
CHEP,workday,brambles.wd5.myworkdayjobs.com|brambles|Brambles_Careers,priority,2025 2026 2027,3,169
Choice Hotels,workday,choicehotels.wd5.myworkdayjobs.com|choicehotels|External,priority,2025 2026 2027,3,46
Church & Dwight,workday,churchdwight.wd1.myworkdayjobs.com|churchdwight|chdcareers,priority,2025 2026 2027,3,82
CIM Group,lever,cimgroup,priority,2025 2026 2027,3,44
Circle,workday,circle.wd1.myworkdayjobs.com|circle|Circle,priority,2025 2026 2027,3,49
Circleback,ashby,circleback,priority,2025 2026 2027,3,11
Cirque du Soleil,lever,cirquedusoleil,priority,2025 2026 2027,3,71
City of Vancouver,workday,cityofvancouver.wd5.myworkdayjobs.com|cityofvancouver|COV,priority,2025 2026 2027,3,15
Clarity Innovations,greenhouse,clarityinnovates,priority,2025 2026 2027,3,49
Clarivate,workday,clarivate.wd3.myworkdayjobs.com|clarivate|Clarivate_Careers,priority,2025 2026 2027,3,193
Clera,ashby,clera,priority,2025 2026 2027,3,275
Cleveland-Cliffs,workday,aksteel.wd1.myworkdayjobs.com|aksteel|careers,priority,2025 2026 2027,3,275
Climate Corps,greenhouse,cc,priority,2025 2026 2027,3,0
Clipboard Health,ashby,clipboard,priority,2025 2026 2027,3,36
Clorox,workday,clorox.wd1.myworkdayjobs.com|clorox|InviteClorox,priority,2025 2026 2027,3,3
Cloudforce,lever,go-cloudforce,priority,2025 2026 2027,3,4
CMC Markets,workday,cmcmarkets.wd3.myworkdayjobs.com|cmcmarkets|CMC_Markets_Careers,priority,2025 2026 2027,3,72
CNO Financial Group,workday,cnoinc.wd5.myworkdayjobs.com|cnoinc|Careers,priority,2025 2026 2027,3,16
Cobalt,greenhouse,cobaltio,priority,2025 2026 2027,3,6
Cognitiv,greenhouse,cognitiv,priority,2025 2026 2027,3,9
Cohere Health,greenhouse,coherehealth,priority,2025 2026 2027,3,75
Cohesity,workday,cohesity.wd5.myworkdayjobs.com|cohesity|Cohesity_Careers,priority,2025 2026 2027,3,199
Collinear AI,ashby,collinear-ai,priority,2025 2026 2027,3,13
Colonist,ashby,colonist,priority,2025 2026 2027,3,7
Commure,ashby,commure,priority,2025 2026 2027,3,82
Compa,ashby,compa,priority,2025 2026 2027,3,4
Compassion International,workday,compassion.wd5.myworkdayjobs.com|compassion|CompassionCareersPrivateLink,priority,2025 2026 2027,3,13
Concentric,greenhouse,concentric,priority,2025 2026 2027,3,18
ConductorAI,ashby,conductorai,priority,2025 2026 2027,3,7
Cone Health,workday,conehealth.wd12.myworkdayjobs.com|conehealth|cone_health-careers,priority,2025 2026 2027,3,969
Confluent,ashby,confluent,priority,2025 2026 2027,3,20
Conner Strong & Buckelew,greenhouse,connerstrongbuckelew,priority,2025 2026 2027,3,22
ConocoPhillips,workday,conocophillips.wd1.myworkdayjobs.com|conocophillips|External,priority,2025 2026 2027,3,47
Constant Contact,greenhouse,constantcontact,priority,2025 2026 2027,3,13
Constellation Space,ashby,constellationspace,priority,2025 2026 2027,3,4
Construction Resources,greenhouse,constructionresources,priority,2025 2026 2027,3,70
Continental Resources,workday,clr.wd5.myworkdayjobs.com|clr|CLR_Careers,priority,2025 2026 2027,3,31
Contoro,ashby,contoro,priority,2025 2026 2027,3,10
CoorsTek,workday,coorstek.wd1.myworkdayjobs.com|coorstek|CoorsTekCareers,priority,2025 2026 2027,3,99
Coram AI,ashby,coram-ai,priority,2025 2026 2027,3,51
Corewell Health,workday,spectrumhealth.wd5.myworkdayjobs.com|spectrumhealth|CorewellHealthCareers,priority,2025 2026 2027,3,2000
Corpay,workday,corpay.wd103.myworkdayjobs.com|corpay|ext_001,priority,2025 2026 2027,3,111
Correlation One,greenhouse,expertnetwork,priority,2025 2026 2027,3,1
CoVar,greenhouse,covar,priority,2025 2026 2027,3,6
Coverdash,ashby,coverdash,priority,2025 2026 2027,3,4
Covestro,workday,covestro.wd3.myworkdayjobs.com|covestro|cov_external,priority,2025 2026 2027,3,181
Cowboy Space,ashby,cowboyspace,priority,2025 2026 2027,3,88
Creatify,ashby,embedding-vc,priority,2025 2026 2027,3,38
Creatify Lab,ashby,creatify,priority,2025 2026 2027,3,5
Creative Artists Agency,workday,caa.wd1.myworkdayjobs.com|caa|Careers,priority,2025 2026 2027,3,100
Crest Industries,lever,crestoperations,priority,2025 2026 2027,3,119
CSAA Insurance Group,workday,aaaie.wd1.myworkdayjobs.com|aaaie|CSAACareers2,priority,2025 2026 2027,3,2
CSC Generation,lever,cscgeneration-2,priority,2025 2026 2027,3,488
CTGT,ashby,ctgt,priority,2025 2026 2027,3,3
Custom Computer Specialists,greenhouse,customcomputerspecialists,priority,2025 2026 2027,3,22
CWS,workday,cws.wd3.myworkdayjobs.com|cws|cws_jobs,priority,2025 2026 2027,3,299
Dallas Fort Worth International Airport,workday,dfwairport.wd5.myworkdayjobs.com|dfwairport|External,priority,2025 2026 2027,3,75
Dark Wolf Solutions,greenhouse,darkwolfsolutions,priority,2025 2026 2027,3,65
DatologyAI,ashby,datologyai,priority,2025 2026 2027,3,12
Decagon,ashby,decagon,priority,2025 2026 2027,3,146
Deckers Brands,workday,deckers.wd5.myworkdayjobs.com|deckers|Deckers,priority,2025 2026 2027,3,426
Dee Zee,workday,deezee.wd108.myworkdayjobs.com|deezee|DeeZee_Careers,priority,2025 2026 2027,3,61
Delinea,ashby,delinea,priority,2025 2026 2027,3,89
Desjardins Group,workday,desjardins.wd10.myworkdayjobs.com|desjardins|Desjardins,priority,2025 2026 2027,3,281
Detroit Lions,greenhouse,detroitlions,priority,2025 2026 2027,3,4
DevRev,greenhouse,devrev,priority,2025 2026 2027,3,52
DH Pace,greenhouse,dhpace,priority,2025 2026 2027,3,418
DIRECTV,workday,directv.wd1.myworkdayjobs.com|directv|careers,priority,2025 2026 2027,3,31
Diversified Automation,lever,diversified-automation,priority,2025 2026 2027,3,9
Doctors Without Borders,greenhouse,msfcareers,priority,2025 2026 2027,3,6
Dorsia,greenhouse,dorsia,priority,2025 2026 2027,3,17
Double Good,greenhouse,doublegood,priority,2025 2026 2027,3,7
Doximity,greenhouse,doximity,priority,2025 2026 2027,3,13
DPR Family of Companies,workday,mydpr.wd5.myworkdayjobs.com|mydpr|11212017,priority,2025 2026 2027,3,410
Driscoll's,workday,driscolls.wd5.myworkdayjobs.com|driscolls|driscolls,priority,2025 2026 2027,3,29
Dryft,ashby,dryft,priority,2025 2026 2027,3,5
Dyson,workday,dyson.wd3.myworkdayjobs.com|dyson|dyson_careers,priority,2025 2026 2027,3,519
E-Space,lever,espace,priority,2025 2026 2027,3,99
Echodyne,greenhouse,echodynecorp,priority,2025 2026 2027,3,57
Egra,ashby,egra,priority,2025 2026 2027,3,0
Elanco,workday,elanco.wd5.myworkdayjobs.com|elanco|External_Career,priority,2025 2026 2027,3,372
Element Fleet Management,workday,elementfleet.wd3.myworkdayjobs.com|elementfleet|External_Career_Site,priority,2025 2026 2027,3,46
Elk Valley Resources,lever,evr,priority,2025 2026 2027,3,69
Ellipsis Labs,ashby,ellipsislabs,priority,2025 2026 2027,3,13
Eloquent AI,ashby,eloquentai,priority,2025 2026 2027,3,12
Emergent Labs,greenhouse,emergentlabsinc,priority,2025 2026 2027,3,38
Endeavor Health,workday,nshs.wd1.myworkdayjobs.com|nshs|ns-eeh,priority,2025 2026 2027,3,1173
Endpoint Clinical,lever,endpointclinical,priority,2025 2026 2027,3,22
Energy Northwest,workday,energynorthwest.wd1.myworkdayjobs.com|energynorthwest|External,priority,2025 2026 2027,3,10
Ensign-Bickford Aerospace & Defense Company,workday,ebi.wd5.myworkdayjobs.com|ebi|ebadcareers,priority,2025 2026 2027,3,75
Ensign-Bickford Industries,workday,ebi.wd5.myworkdayjobs.com|ebi|ebicareers,priority,2025 2026 2027,3,102
Envista,workday,envista.wd1.myworkdayjobs.com|envista|envistacareers,priority,2025 2026 2027,3,256
Epicor,workday,epicorsoftware.wd5.myworkdayjobs.com|epicorsoftware|epicorjobs,priority,2025 2026 2027,3,78
Epiq Systems,workday,epiqsystems.wd503.myworkdayjobs.com|epiqsystems|Epiq_Careers,priority,2025 2026 2027,3,91
EQT Corporation,greenhouse,eqtcorporation,priority,2025 2026 2027,3,50
Equativ,lever,equativ,priority,2025 2026 2027,3,22
Eragon,ashby,eragon,priority,2025 2026 2027,3,4
Erickson Senior Living,workday,erickson.wd108.myworkdayjobs.com|erickson|external,priority,2025 2026 2027,3,522
Espa AI,ashby,espa,priority,2025 2026 2027,3,2
Eudia,greenhouse,eudia,priority,2025 2026 2027,3,19
EV Realty,lever,evrealty-us,priority,2025 2026 2027,3,0
Everlaw,greenhouse,everlaw,priority,2025 2026 2027,3,37
Evolver,greenhouse,evolver,priority,2025 2026 2027,3,18
Excel Sports Management,greenhouse,excelsportsmanagement,priority,2025 2026 2027,3,19
Exowatt,lever,exowatt,priority,2025 2026 2027,3,16
Fable,ashby,fable,priority,2025 2026 2027,3,8
Faculte,ashby,faculty-fellowship,priority,2025 2026 2027,3,1
Fairlife,greenhouse,fairlife,priority,2025 2026 2027,3,58
Fairstone Financial,workday,fairstone.wd3.myworkdayjobs.com|fairstone|FairstoneCareers,priority,2025 2026 2027,3,151
Fannie Mae,workday,fanniemae.wd1.myworkdayjobs.com|fanniemae|FannieMaeCareers,priority,2025 2026 2027,3,48
Faraday Future,greenhouse,faradayfuture,priority,2025 2026 2027,3,71
Farsight,ashby,farsight,priority,2025 2026 2027,3,6
FGS Global,greenhouse,fgsglobal,priority,2025 2026 2027,3,11
FHLBank Chicago,workday,fhlbc.wd1.myworkdayjobs.com|fhlbc|search,priority,2025 2026 2027,3,31
Financial Technology Partners,greenhouse,financialtechnologypartners,priority,2025 2026 2027,3,22
Finning,workday,finning.wd3.myworkdayjobs.com|finning|External,priority,2025 2026 2027,3,129
Firemon,lever,firemon,priority,2025 2026 2027,3,8
Firetiger,ashby,firetiger,priority,2025 2026 2027,3,4
First Bank & Trust,workday,bankeasy.wd5.myworkdayjobs.com|bankeasy|bank-easy-job-openings,priority,2025 2026 2027,3,11
First Financial,workday,ffin.wd1.myworkdayjobs.com|ffin|First_Financial_Bank,priority,2025 2026 2027,3,72
FirstDay Foundation,workday,nphosting.wd5.myworkdayjobs.com|nphosting|FDFCareers,priority,2025 2026 2027,3,8
Florida Atlantic University,workday,fau.wd1.myworkdayjobs.com|fau|FAU,priority,2025 2026 2027,3,64
Florida Institute of Technology,workday,floridatech.wd5.myworkdayjobs.com|floridatech|FloridaTechCareers,priority,2025 2026 2027,3,37
Flowserve,workday,flowserve.wd1.myworkdayjobs.com|flowserve|applied,priority,2025 2026 2027,3,347
Fluency,ashby,fluency,priority,2025 2026 2027,3,2
Fluxergy,lever,fluxergy-2,priority,2025 2026 2027,3,6
FMC Corporation,workday,fmc.wd12.myworkdayjobs.com|fmc|FMC,priority,2025 2026 2027,3,76
FNBO,workday,firstnational.wd12.myworkdayjobs.com|firstnational|fnbocareers,priority,2025 2026 2027,3,95
Foresters Financial,workday,foresters.wd3.myworkdayjobs.com|foresters|ForestersFinancialCareers,priority,2025 2026 2027,3,19
Fortera,greenhouse,forteracorporation,priority,2025 2026 2027,3,2
Forus,ashby,forus,priority,2025 2026 2027,3,52
Forward Networks,greenhouse,forwardnetworks,priority,2025 2026 2027,3,18
Four Hands,greenhouse,fourhands,priority,2025 2026 2027,3,25
FourKites,greenhouse,fourkites,priority,2025 2026 2027,3,12
Frazer-Nash Consultancy,workday,kbr.wd5.myworkdayjobs.com|kbr|Frazer_Nash_Careers,priority,2025 2026 2027,3,31
Freese and Nichols,workday,freese.wd1.myworkdayjobs.com|freese|Freese_Nichols_External,priority,2025 2026 2027,3,112
Freudenberg Group,workday,freudenberg.wd3.myworkdayjobs.com|freudenberg|freudenberg-group,priority,2025 2026 2027,3,715
Frontier Economics,workday,frontiereconomics.wd3.myworkdayjobs.com|frontiereconomics|Frontier_Economics_Careers,priority,2025 2026 2027,3,5
Frontier Health,ashby,frontier-health,priority,2025 2026 2027,3,3
Frost,workday,frostbank.wd5.myworkdayjobs.com|frostbank|External,priority,2025 2026 2027,3,180
Fullscript,lever,fullscript,priority,2025 2026 2027,3,17
Fundwell,ashby,fundwell,priority,2025 2026 2027,3,7
Fussball Club Cincinnati LLC (“FC Cincinnati”),greenhouse,fccincinnati,priority,2025 2026 2027,3,12
Gables Residential,workday,gables.wd5.myworkdayjobs.com|gables|Gables_Careers,priority,2025 2026 2027,3,50
GAF,workday,gafsgi.wd5.myworkdayjobs.com|gafsgi|GAF_Careers,priority,2025 2026 2027,3,108
Garda Capital Partners,greenhouse,gardacp,priority,2025 2026 2027,3,14
Garner Health,greenhouse,garnerhealth,priority,2025 2026 2027,3,76
Gartner,workday,gartner.wd5.myworkdayjobs.com|gartner|EXT,priority,2025 2026 2027,3,731
GCM Grosvenor,greenhouse,gcmgrosvenor,priority,2025 2026 2027,3,16
Gen Digital,ashby,gen-digital,priority,2025 2026 2027,3,126
GenBio AI,lever,genbio,priority,2025 2026 2027,3,3
General Intuition &amp; Medal,ashby,generalintuition-medal,priority,2025 2026 2027,3,16
GenMD,ashby,genmd,priority,2025 2026 2027,3,2
GenScript,greenhouse,genscript,priority,2025 2026 2027,3,83
Gensyn,greenhouse,gensyn,priority,2025 2026 2027,3,2
Gentex Corporation,workday,gentex.wd5.myworkdayjobs.com|gentex|Gentex,priority,2025 2026 2027,3,42
Georgian Partners Growth,ashby,georgian,priority,2025 2026 2027,3,2
Geospatial Consulting Group International,greenhouse,geocgi,priority,2025 2026 2027,3,8
Giga AI,ashby,gigaml,priority,2025 2026 2027,3,33
Glencore,workday,glencorecorp.wd3.myworkdayjobs.com|glencorecorp|External,priority,2025 2026 2027,3,27
Glimpse Engineering,ashby,glimp-se,priority,2025 2026 2027,3,2
Global,workday,thisisglobal.wd3.myworkdayjobs.com|thisisglobal|Global,priority,2025 2026 2027,3,37
Glydways,greenhouse,glydways,priority,2025 2026 2027,3,21
Golden Pet Brands,greenhouse,goldenpetbrands,priority,2025 2026 2027,3,16
GoLinks,ashby,golinks,priority,2025 2026 2027,3,5
GoMaterials,lever,gomaterials,priority,2025 2026 2027,3,8
Goosehead Insurance,workday,goosehead.wd503.myworkdayjobs.com|goosehead|Careers,priority,2025 2026 2027,3,145
Gorbel,workday,gorbel.wd501.myworkdayjobs.com|gorbel|gorbelcareers,priority,2025 2026 2027,3,29
Gr0,lever,gr0,priority,2025 2026 2027,3,2
Grand Canyon University,workday,gcu.wd1.myworkdayjobs.com|gcu|GCU,priority,2025 2026 2027,3,217
Graybar,workday,graybar.wd1.myworkdayjobs.com|graybar|Careers,priority,2025 2026 2027,3,435
Great Question,ashby,greatquestion,priority,2025 2026 2027,3,1
Greystar Worldwide,workday,greystar.wd1.myworkdayjobs.com|greystar|External,priority,2025 2026 2027,3,1612
Group 1001,workday,group1001wd.wd5.myworkdayjobs.com|group1001wd|careers,priority,2025 2026 2027,3,27
Grow Therapy,ashby,grow-therapy,priority,2025 2026 2027,3,32
Guidehouse,workday,guidehouse.wd1.myworkdayjobs.com|guidehouse|external,priority,2025 2026 2027,3,842
Guidepoint,greenhouse,guidepoint,priority,2025 2026 2027,3,114
Guidewire,workday,guidewire.wd5.myworkdayjobs.com|guidewire|external,priority,2025 2026 2027,3,125
Gunvor,workday,gunvor.wd3.myworkdayjobs.com|gunvor|Gunvor_Careers,priority,2025 2026 2027,3,36
Haize Labs,greenhouse,haizelabs,priority,2025 2026 2027,3,6
Hanna Andersson,lever,hannaandersson,priority,2025 2026 2027,3,6
Harvey,ashby,harvey,priority,2025 2026 2027,3,304
HCompany,ashby,hcompany,priority,2025 2026 2027,3,21
HD Supply,workday,hdsupply.wd1.myworkdayjobs.com|hdsupply|External,priority,2025 2026 2027,3,364
Headlands Tech Holdings,greenhouse,headlandstechnologiesllc,priority,2025 2026 2027,3,8
HeartFlow,greenhouse,heartflowinc,priority,2025 2026 2027,3,102
HELLBENDER,greenhouse,hellbenderinc,priority,2025 2026 2027,3,10
Henry Schein,workday,henryschein.wd1.myworkdayjobs.com|henryschein|External_Careers,priority,2025 2026 2027,3,245
Heron Data,ashby,herondata,priority,2025 2026 2027,3,5
Heven AeroTech,greenhouse,hevenaerotech,priority,2025 2026 2027,3,35
Hewlett Packard Enterprise,workday,hpe.wd5.myworkdayjobs.com|hpe|acjobsite,priority,2025 2026 2027,3,1454
Higharc,ashby,higharc,priority,2025 2026 2027,3,16
Hiverge,ashby,hiverge,priority,2025 2026 2027,3,4
Holman,workday,holmanautogroup.wd1.myworkdayjobs.com|holmanautogroup|HolmanEnterprisesCareers,priority,2025 2026 2027,3,176
Hometap,greenhouse,hometapjobs,priority,2025 2026 2027,3,2
Hottinger Brüel & Kjaer (HBK),workday,spectris.wd3.myworkdayjobs.com|spectris|HBK_Careers,priority,2025 2026 2027,3,89
Hudl,greenhouse,hudl,priority,2025 2026 2027,3,34
HumanSignal,greenhouse,humansignal,priority,2025 2026 2027,3,52
IAT Insurance Group,workday,iatinsurancegroup.wd1.myworkdayjobs.com|iatinsurancegroup|iat,priority,2025 2026 2027,3,64
Ibility,lever,ibility,priority,2025 2026 2027,3,14
Ideas United,lever,ideasunited,priority,2025 2026 2027,3,2
IKO,workday,iko.wd3.myworkdayjobs.com|iko|iko_careers,priority,2025 2026 2027,3,229
Imerys,workday,imerys.wd3.myworkdayjobs.com|imerys|imerys-careers,priority,2025 2026 2027,3,120
impact.com,greenhouse,impact,priority,2025 2026 2027,3,79
Incident IQ,greenhouse,incidentiq,priority,2025 2026 2027,3,10
Inferact,ashby,inferact,priority,2025 2026 2027,3,30
Inherent,ashby,inherent,priority,2025 2026 2027,3,5
Inmar Intelligence,workday,inmar.wd1.myworkdayjobs.com|inmar|inmarcareers,priority,2025 2026 2027,3,52
Innodata,greenhouse,innodatainc,priority,2025 2026 2027,3,103
Insitro,ashby,insitro,priority,2025 2026 2027,3,15
InstaLILY,greenhouse,instalilyai,priority,2025 2026 2027,3,18
Instead,greenhouse,instead,priority,2025 2026 2027,3,11
Institute of Foundation Models,lever,ifm-us,priority,2025 2026 2027,3,51
Integrity,workday,integritymarketing.wd1.myworkdayjobs.com|integritymarketing|Integrity,priority,2025 2026 2027,3,232
International Mission Board,workday,golimitless.wd1.myworkdayjobs.com|golimitless|Staff_External_career_site,priority,2025 2026 2027,3,9
InterSystems,greenhouse,intersystems,priority,2025 2026 2027,3,133
Intropic,lever,intropic,priority,2025 2026 2027,3,15
IonQ,greenhouse,ionq,priority,2025 2026 2027,3,114
IQVIA,workday,iqvia.wd1.myworkdayjobs.com|iqvia|IQVIA,priority,2025 2026 2027,3,1887
Ironclad,ashby,ironcladhq,priority,2025 2026 2027,3,32
Ivo,lever,ivo,priority,2025 2026 2027,3,0
IVX Health,greenhouse,ivxhealth,priority,2025 2026 2027,3,95
J.M. Smucker,workday,smucker.wd5.myworkdayjobs.com|smucker|US_External_Careers,priority,2025 2026 2027,3,127
Jade Global,workday,jadeglobal.wd5.myworkdayjobs.com|jadeglobal|jade_careers,priority,2025 2026 2027,3,265
Jefferson County Colorado,workday,jefferson.wd5.myworkdayjobs.com|jefferson|external,priority,2025 2026 2027,3,25
Johnson Brothers Liquor Company,workday,johnsonbrothers.wd5.myworkdayjobs.com|johnsonbrothers|johnsonbrothers,priority,2025 2026 2027,3,191
Jones Lang LaSalle,workday,jll.wd1.myworkdayjobs.com|jll|jllcareers,priority,2025 2026 2027,3,2000
Julius Baer,workday,juliusbaer.wd3.myworkdayjobs.com|juliusbaer|External,priority,2025 2026 2027,3,195
Jumio,greenhouse,jumio,priority,2025 2026 2027,3,27
Junior AI,ashby,junior,priority,2025 2026 2027,3,20
Juniper Square,ashby,junipersquare,priority,2025 2026 2027,3,42
Juvare,greenhouse,juvare,priority,2025 2026 2027,3,1
k-ID,ashby,k-id,priority,2025 2026 2027,3,10
Kairos Power,greenhouse,kairospower,priority,2025 2026 2027,3,29
Ken Garff Auto Group,workday,kengarff.wd1.myworkdayjobs.com|kengarff|external_site,priority,2025 2026 2027,3,178
Ketjen,workday,albemarle.wd5.myworkdayjobs.com|albemarle|ketjenexternal,priority,2025 2026 2027,3,32
Kikoff,greenhouse,kikoff,priority,2025 2026 2027,3,44
Kinetic Systems,ashby,kineticsystems,priority,2025 2026 2027,3,6
Kite Pharma,workday,gilead.wd1.myworkdayjobs.com|gilead|kitepharmacareers,priority,2025 2026 2027,3,84
KnowBe4,greenhouse,knowbe4,priority,2025 2026 2027,3,61
Koddi,greenhouse,koddi,priority,2025 2026 2027,3,9
Kpler,lever,kpler,priority,2025 2026 2027,3,87
KRAFTON,greenhouse,studiokraftonboard,priority,2025 2026 2027,3,2
KSM,workday,ksmcpa.wd12.myworkdayjobs.com|ksmcpa|ksmcareers,priority,2025 2026 2027,3,50
Kyndryl,workday,kyndryl.wd5.myworkdayjobs.com|kyndryl|KyndrylProfessionalCareers,priority,2025 2026 2027,3,940
Labelbox,greenhouse,labelbox,priority,2025 2026 2027,3,10
Lamb Weston,workday,lambweston.wd1.myworkdayjobs.com|lambweston|CTE,priority,2025 2026 2027,3,34
Land O'Lakes,workday,landolakes.wd1.myworkdayjobs.com|landolakes|landolakes,priority,2025 2026 2027,3,180
LaunchDarkly,greenhouse,launchdarkly,priority,2025 2026 2027,3,55
Layer Health,greenhouse,layerhealth,priority,2025 2026 2027,3,15
Lean TECHniques,ashby,leantechniques,priority,2025 2026 2027,3,5
Legend Biotech,greenhouse,legendcareers,priority,2025 2026 2027,3,70
LEGO,workday,lego.wd103.myworkdayjobs.com|lego|LEGO_External,priority,2025 2026 2027,3,446
Leland,ashby,leland,priority,2025 2026 2027,3,189
Level AI,lever,levelai,priority,2025 2026 2027,3,19
Levi Strauss & Co.,workday,levistraussandco.wd5.myworkdayjobs.com|levistraussandco|external,priority,2025 2026 2027,3,1265
Lexeo Therapeutics,lever,lexeotx,priority,2025 2026 2027,3,6
Lexington Medical,greenhouse,lexingtonmedical,priority,2025 2026 2027,3,17
LG Electronics,greenhouse,lgelectronics,priority,2025 2026 2027,3,139
LHV Bank,greenhouse,lhvuk,priority,2025 2026 2027,3,14
Lightcast,lever,economicmodeling,priority,2025 2026 2027,3,25
Lightmatter,greenhouse,lightmatter,priority,2025 2026 2027,3,66
LogicGate,greenhouse,logicgate,priority,2025 2026 2027,3,19
Long Wall,lever,longwall,priority,2025 2026 2027,3,22
Lonza,workday,lonza.wd3.myworkdayjobs.com|lonza|lonza_careers,priority,2025 2026 2027,3,639
LTA Research,lever,ltaresearch,priority,2025 2026 2027,3,13
Lucid Bots,greenhouse,lucidbots,priority,2025 2026 2027,3,2
Lumeris,workday,lumeris.wd1.myworkdayjobs.com|lumeris|LC,priority,2025 2026 2027,3,14
Lumos,greenhouse,lumosfiber,priority,2025 2026 2027,3,20
Lunon,ashby,lunon,priority,2025 2026 2027,3,1
M&G,workday,mgpru.wd3.myworkdayjobs.com|mgpru|mandgprudential,priority,2025 2026 2027,3,118
m13,ashby,m13,priority,2025 2026 2027,3,3
Madison Energy Infrastructure,greenhouse,madisonenergyinfrastructure,priority,2025 2026 2027,3,7
Major League Baseball,greenhouse,philliesbaseballoperations,priority,2025 2026 2027,3,4
Man Group,greenhouse,mangroup,priority,2025 2026 2027,3,59
Maple Leaf Sports & Entertainment Partnership (MLSE),workday,mlse.wd3.myworkdayjobs.com|mlse|MLSE,priority,2025 2026 2027,3,62
Marathon Petroleum,workday,mpc.wd1.myworkdayjobs.com|mpc|MPCCareers,priority,2025 2026 2027,3,132
Marriott Vacations Worldwide,workday,mymvw.wd5.myworkdayjobs.com|mymvw|mvw,priority,2025 2026 2027,3,547
Maven Securities,greenhouse,mavensecuritiesholdingltd,priority,2025 2026 2027,3,45
Maxima,ashby,maxima,priority,2025 2026 2027,3,17
Maximor AI,ashby,maximor,priority,2025 2026 2027,3,9
Maxinsights,ashby,maxinsights,priority,2025 2026 2027,3,8
McAfee,workday,mcafee.wd1.myworkdayjobs.com|mcafee|external,priority,2025 2026 2027,3,0
McKinney,greenhouse,jobsmckinneycom,priority,2025 2026 2027,3,4
Medical University of South Carolina,workday,musc.wd1.myworkdayjobs.com|musc|MUSC,priority,2025 2026 2027,3,2000
Memorial Hermann,workday,memorialhermann.wd5.myworkdayjobs.com|memorialhermann|external,priority,2025 2026 2027,3,672
Meriton,greenhouse,meriton,priority,2025 2026 2027,3,28
MerQube,greenhouse,merqube,priority,2025 2026 2027,3,4
MGIC,workday,mgic.wd5.myworkdayjobs.com|mgic|mgic,priority,2025 2026 2027,3,10
Miami University,workday,miamioh.wd5.myworkdayjobs.com|miamioh|miamioh-staff,priority,2025 2026 2027,3,120
MillerKnoll,workday,millerknoll.wd1.myworkdayjobs.com|millerknoll|MillerKnoll,priority,2025 2026 2027,3,222
Mobilityware,greenhouse,mobilityware,priority,2025 2026 2027,3,3
Modernizing Medicine,workday,modmed.wd501.myworkdayjobs.com|modmed|ModMed12,priority,2025 2026 2027,3,73
Monarch Money,ashby,monarchmoney,priority,2025 2026 2027,3,10
Monogram,ashby,monogram,priority,2025 2026 2027,3,5
Motorola Solutions,workday,motorolasolutions.wd5.myworkdayjobs.com|motorolasolutions|careers,priority,2025 2026 2027,3,900
MSIG USA,workday,msigna.wd5.myworkdayjobs.com|msigna|gbl,priority,2025 2026 2027,3,55
MUBI,ashby,mubi,priority,2025 2026 2027,3,2
MultiCare Health System,workday,multicare.wd1.myworkdayjobs.com|multicare|multicare,priority,2025 2026 2027,3,1324
Munters,workday,munters.wd3.myworkdayjobs.com|munters|external_careers,priority,2025 2026 2027,3,137
Muon Space,greenhouse,muonspace,priority,2025 2026 2027,3,124
MVP Health Care,workday,mvphealthcare.wd5.myworkdayjobs.com|mvphealthcare|mvphealthcare,priority,2025 2026 2027,3,0
Nanopath,greenhouse,nanopathinc,priority,2025 2026 2027,3,7
Nash,ashby,nash,priority,2025 2026 2027,3,23
National Interstate Insurance,workday,gaig.wd1.myworkdayjobs.com|gaig|National_Interstate_External,priority,2025 2026 2027,3,21
Nationwide,workday,nationwide.wd1.myworkdayjobs.com|nationwide|Nationwide_Career,priority,2025 2026 2027,3,208
NBT Bank,workday,nbtbancorp.wd12.myworkdayjobs.com|nbtbancorp|NBT-B,priority,2025 2026 2027,3,67
NCR Atleos,workday,ncratleos.wd1.myworkdayjobs.com|ncratleos|ext_intern,priority,2025 2026 2027,3,8
NCR Voyix,workday,ncr.wd1.myworkdayjobs.com|ncr|ext_us,priority,2025 2026 2027,3,177
Nebraska Medicine,workday,nebraskamed.wd5.myworkdayjobs.com|nebraskamed|nm,priority,2025 2026 2027,3,239
Neighbor,lever,neighbor,priority,2025 2026 2027,3,12
Neo4j,greenhouse,neo4j,priority,2025 2026 2027,3,60
NeoCognition,ashby,neocognition,priority,2025 2026 2027,3,4
New Lantern,ashby,newlantern,priority,2025 2026 2027,3,3
Newrez,workday,newrez.wd1.myworkdayjobs.com|newrez|NRZ,priority,2025 2026 2027,3,124
Newsela,greenhouse,newsela,priority,2025 2026 2027,3,11
Newton Research,greenhouse,newtonresearch,priority,2025 2026 2027,3,8
NewYork-Presbyterian,workday,nyp.wd1.myworkdayjobs.com|nyp|nypcareers,priority,2025 2026 2027,3,336
Niantic Spatial,ashby,niantic-spatial,priority,2025 2026 2027,3,12
Nimble Gravity,greenhouse,nimblegravity,priority,2025 2026 2027,3,12
NJM Insurance Group,workday,njm.wd1.myworkdayjobs.com|njm|njm,priority,2025 2026 2027,3,46
Northeastern University,workday,northeastern.wd1.myworkdayjobs.com|northeastern|careers,priority,2025 2026 2027,3,415
Notability,greenhouse,gingerlabsinc,priority,2025 2026 2027,3,7
NOX METALS,ashby,nox-metals,priority,2025 2026 2027,3,19
NPR,greenhouse,nationalpublicradioinc,priority,2025 2026 2027,3,18
NRECA International,workday,nreca.wd1.myworkdayjobs.com|nreca|external,priority,2025 2026 2027,3,10
NTT DATA AIVista,ashby,ntt-data-aivista,priority,2025 2026 2027,3,6
OBE,greenhouse,oldcastlebuildingenvelope,priority,2025 2026 2027,3,191
Obvious,ashby,obvious,priority,2025 2026 2027,3,1
Occidental Petroleum Corporation (Oxy),workday,oxy.wd5.myworkdayjobs.com|oxy|UniversityRelations,priority,2025 2026 2027,3,26
Oceanus Marine Technologies,ashby,oceanus,priority,2025 2026 2027,3,2
OceanX,greenhouse,oceanx,priority,2025 2026 2027,3,8
Octaura,greenhouse,octaura,priority,2025 2026 2027,3,7
Odys Aviation,ashby,odys-aviation,priority,2025 2026 2027,3,13
Odyssey,ashby,odysseyml,priority,2025 2026 2027,3,17
OfferUp,greenhouse,offerup,priority,2025 2026 2027,3,7
OH.io,greenhouse,ohio,priority,2025 2026 2027,3,6
Oleria Security,lever,oleria-security,priority,2025 2026 2027,3,0
Oligo Space,ashby,oligo,priority,2025 2026 2027,3,4
Onapsis,greenhouse,onapsis,priority,2025 2026 2027,3,8
Ontario Health,workday,oh.wd3.myworkdayjobs.com|oh|OH,priority,2025 2026 2027,3,14
OpenAI,ashby,openai,priority,2025 2026 2027,3,829
Optiver,greenhouse,optiverprivate,priority,2025 2026 2027,3,10
OpusClip,ashby,opusclip,priority,2025 2026 2027,3,10
Orbital Industries,ashby,orbitalindustries,priority,2025 2026 2027,3,7
Oregon State Government,workday,oregon.wd5.myworkdayjobs.com|oregon|sor_external_career_site,priority,2025 2026 2027,3,238
Orennia,greenhouse,orennia,priority,2025 2026 2027,3,6
Oura,greenhouse,oura,priority,2025 2026 2027,3,92
Outmarket AI,ashby,outmarket,priority,2025 2026 2027,3,21
Pacific Fusion,greenhouse,pacificfusion,priority,2025 2026 2027,3,30
Palmetto Clean Technology,greenhouse,palmettocleantech,priority,2025 2026 2027,3,15
Papa John's,workday,papajohns.wd1.myworkdayjobs.com|papajohns|papajohnscareers,priority,2025 2026 2027,3,1617
Parachute Health,greenhouse,parachutehealth,priority,2025 2026 2027,3,11
Parallel Systems,greenhouse,parallel,priority,2025 2026 2027,3,18
Parallel Web Systems,ashby,parallel,priority,2025 2026 2027,3,24
Parspec,ashby,parspec,priority,2025 2026 2027,3,5
Particle Measuring Systems,workday,spectris.wd3.myworkdayjobs.com|spectris|PMS_Careers,priority,2025 2026 2027,3,44
Patreon,ashby,patreon,priority,2025 2026 2027,3,14
Patterson Companies,workday,pattersoncompanies.wd501.myworkdayjobs.com|pattersoncompanies|pdco,priority,2025 2026 2027,3,115
Pendar Technologies,greenhouse,pendartechnologies,priority,2025 2026 2027,3,2
Pennant Group,workday,pennant.wd1.myworkdayjobs.com|pennant|PennantServicesCareerSite,priority,2025 2026 2027,3,32
Perchwell,ashby,perchwell,priority,2025 2026 2027,3,3
PerkinElmer,workday,newperkinelmer.wd1.myworkdayjobs.com|newperkinelmer|External,priority,2025 2026 2027,3,243
Perseus Group,workday,talentmanagementsolution.wd3.myworkdayjobs.com|talentmanagementsolution|perseus-careers,priority,2025 2026 2027,3,35
Pfizer,workday,pfizer.wd1.myworkdayjobs.com|pfizer|PfizerCareers,priority,2025 2026 2027,3,559
Phaidra,greenhouse,phaidra,priority,2025 2026 2027,3,8
Phia,ashby,phia,priority,2025 2026 2027,3,1
Phil,ashby,phil,priority,2025 2026 2027,3,26
PHINIA,workday,phinia.wd5.myworkdayjobs.com|phinia|PHINIA_Careers,priority,2025 2026 2027,3,84
Phlair,ashby,phlair,priority,2025 2026 2027,3,4
Phoebe,ashby,phoebe-work,priority,2025 2026 2027,3,10
Phonic,ashby,phonic,priority,2025 2026 2027,3,7
Physical Intelligence,ashby,physicalintelligence,priority,2025 2026 2027,3,35
Piaggio Fast Forward,greenhouse,piaggiofastforward,priority,2025 2026 2027,3,3
Piper Sandler,workday,pipersandler.wd501.myworkdayjobs.com|pipersandler|Piper_Sandler_Careers,priority,2025 2026 2027,3,52
PlanetScale,greenhouse,planetscale,priority,2025 2026 2027,3,12
Plastipak,workday,plastipak.wd1.myworkdayjobs.com|plastipak|Plastipak,priority,2025 2026 2027,3,68
PLS,greenhouse,plscareers,priority,2025 2026 2027,3,776
Pluralis Research,ashby,pluralis-research,priority,2025 2026 2027,3,10
PMG,greenhouse,pmg,priority,2025 2026 2027,3,80
PNC Financial Services,workday,pnc.wd5.myworkdayjobs.com|pnc|External,priority,2025 2026 2027,3,2000
Point C,greenhouse,pointc,priority,2025 2026 2027,3,5
Polymath,ashby,polymath,priority,2025 2026 2027,3,4
Praxent,greenhouse,praxent,priority,2025 2026 2027,3,10
Premier Automation,greenhouse,premierautomation,priority,2025 2026 2027,3,8
Presence,greenhouse,presencelearning,priority,2025 2026 2027,3,6
PressW,ashby,pressw,priority,2025 2026 2027,3,6
Prime Intellect,ashby,primeintellect,priority,2025 2026 2027,3,30
Primer,ashby,primer,priority,2025 2026 2027,3,26
Prior Labs,ashby,prior-labs,priority,2025 2026 2027,3,24
Profluent,greenhouse,profluent,priority,2025 2026 2027,3,13
ProPharma Group,workday,propharmagroup.wd1.myworkdayjobs.com|propharmagroup|ppgcareers,priority,2025 2026 2027,3,75
Prophet,greenhouse,prophet,priority,2025 2026 2027,3,19
Prosper Funding,lever,prosper,priority,2025 2026 2027,3,12
Protective Life,lever,protective,priority,2025 2026 2027,3,50
Prysmian Cables & Systems,workday,prysmiangroup.wd3.myworkdayjobs.com|prysmiangroup|careers,priority,2025 2026 2027,3,629
PSP Investments,workday,investpsp.wd3.myworkdayjobs.com|investpsp|psp_careers,priority,2025 2026 2027,3,47
Pure Storage,greenhouse,purestorage,priority,2025 2026 2027,3,367
Pylon,ashby,pylon-labs,priority,2025 2026 2027,3,20
Qualified Health,ashby,qualified-health-pbc,priority,2025 2026 2027,3,27
QuantCo,lever,quantco-,priority,2025 2026 2027,3,16
Qumulo,ashby,qumulo,priority,2025 2026 2027,3,22
Rackner,greenhouse,rackner,priority,2025 2026 2027,3,20
RapDev,ashby,rapdev,priority,2025 2026 2027,3,4
RAVL,lever,ravl_io,priority,2025 2026 2027,3,27
Reality Defender,ashby,realitydefender,priority,2025 2026 2027,3,2
Realm,ashby,realmalliance,priority,2025 2026 2027,3,11
Realtor.com,greenhouse,rdccareers,priority,2025 2026 2027,3,0
Realty Income,workday,realtyincome.wd108.myworkdayjobs.com|realtyincome|realty_income_careers,priority,2025 2026 2027,3,11
Redhorse,lever,redhorsecorp,priority,2025 2026 2027,3,65
Redwood Credit Union,lever,redwoodcu,priority,2025 2026 2027,3,28
Reli,lever,shopreli,priority,2025 2026 2027,3,2
Remedy Scientific,ashby,remedy%20scientific,priority,2025 2026 2027,3,4
Republic Airways,workday,rjet.wd108.myworkdayjobs.com|rjet|External_Career_Site,priority,2025 2026 2027,3,69
Resolve Tech Solutions,workday,resolvetech.wd1.myworkdayjobs.com|resolvetech|rts,priority,2025 2026 2027,3,43
Retell AI,ashby,retell-ai,priority,2025 2026 2027,3,32
Revise Robotics,ashby,reviserobotics,priority,2025 2026 2027,3,2
Rho,ashby,rho,priority,2025 2026 2027,3,51
Rhombus Power,greenhouse,rhombuspower,priority,2025 2026 2027,3,13
RIB Software,workday,aveva.wd3.myworkdayjobs.com|aveva|RIB_Careers,priority,2025 2026 2027,3,70
Richemont,workday,richemont.wd3.myworkdayjobs.com|richemont|richemont,priority,2025 2026 2027,3,1406
Ridgeline,greenhouse,ridgeline,priority,2025 2026 2027,3,30
Rilla,ashby,rilla,priority,2025 2026 2027,3,30
Rise8,greenhouse,rise8,priority,2025 2026 2027,3,5
Riverside Natural Foods,greenhouse,riversidenaturalfoodsltd,priority,2025 2026 2027,3,19
Rivet Industries,ashby,rivet,priority,2025 2026 2027,3,29
Roam,ashby,tryroam,priority,2025 2026 2027,3,4
Robust.ai,lever,robust-ai,priority,2025 2026 2027,3,5
Rochester Regional Health,workday,rrhs.wd5.myworkdayjobs.com|rrhs|RRH,priority,2025 2026 2027,3,1348
Rugged Robotics,greenhouse,ruggedrobotics,priority,2025 2026 2027,3,1
Rundoo,ashby,rundoo,priority,2025 2026 2027,3,12
RXO,workday,rxo.wd501.myworkdayjobs.com|rxo|rxojobs,priority,2025 2026 2027,3,381
Ryan Companies,workday,ryancompanies.wd5.myworkdayjobs.com|ryancompanies|ryancompanies,priority,2025 2026 2027,3,228
S&T Bank,workday,stbancorp.wd5.myworkdayjobs.com|stbancorp|ST_Bank_Careers,priority,2025 2026 2027,3,81
Saint Leo University,workday,saintleo.wd503.myworkdayjobs.com|saintleo|SLU,priority,2025 2026 2027,3,79
SALT XC,greenhouse,saltxc,priority,2025 2026 2027,3,39
Samaya,greenhouse,samayaai,priority,2025 2026 2027,3,8
Sandvik,workday,sandvik.wd3.myworkdayjobs.com|sandvik|sandvik-jobs,priority,2025 2026 2027,3,413
Santander,workday,santander.wd3.myworkdayjobs.com|santander|SantanderCareers,priority,2025 2026 2027,3,1150
Saputo,workday,saputo.wd5.myworkdayjobs.com|saputo|saputo_external_careers,priority,2025 2026 2027,3,288
Sarasota County,workday,scgov.wd5.myworkdayjobs.com|scgov|SCGOV,priority,2025 2026 2027,3,42
Scopely,greenhouse,scopely,priority,2025 2026 2027,3,161
Secureframe,lever,secureframe,priority,2025 2026 2027,3,15
Securian Financial Group,workday,hq.wd12.myworkdayjobs.com|hq|Securian_External,priority,2025 2026 2027,3,34
Sedgwick Claims Management Services,workday,sedgwick.wd1.myworkdayjobs.com|sedgwick|Sedgwick,priority,2025 2026 2027,3,564
SEKO Logistics,workday,sekologistics.wd503.myworkdayjobs.com|sekologistics|Seko_Logistics,priority,2025 2026 2027,3,24
Semgrep,ashby,semgrep,priority,2025 2026 2027,3,9
Sensata,workday,sensata.wd1.myworkdayjobs.com|sensata|Sensata-Careers,priority,2025 2026 2027,3,67
Sentra,ashby,sentra,priority,2025 2026 2027,3,3
SEP,lever,sep,priority,2025 2026 2027,3,8
Sequence Holdings,ashby,seqholdings,priority,2025 2026 2027,3,5
Serval,ashby,serval,priority,2025 2026 2027,3,58
SHEIN,greenhouse,shein,priority,2025 2026 2027,3,18
SHI International,workday,shi.wd12.myworkdayjobs.com|shi|shicareers,priority,2025 2026 2027,3,250
Sierra,ashby,sierra,priority,2025 2026 2027,3,207
Sila Nanotechnologies,greenhouse,silananotechnologies,priority,2025 2026 2027,3,34
Simmons Bank,workday,simmonsbank.wd5.myworkdayjobs.com|simmonsbank|SimmonsCareers,priority,2025 2026 2027,3,105
SK hynix,greenhouse,skhynixamerica,priority,2025 2026 2027,3,53
skillz,greenhouse,skillzinc,priority,2025 2026 2027,3,19
Smithfield Foods,workday,smithfieldfoods.wd1.myworkdayjobs.com|smithfieldfoods|Careers,priority,2025 2026 2027,3,497
Snap Finance,workday,snapfinance.wd1.myworkdayjobs.com|snapfinance|snap_external_careers,priority,2025 2026 2027,3,20
Socket,ashby,socket,priority,2025 2026 2027,3,28
Solid Power,greenhouse,solidpower,priority,2025 2026 2027,3,5
Sono Bello,greenhouse,sonobello,priority,2025 2026 2027,3,70
Southwest Airlines,workday,swa.wd1.myworkdayjobs.com|swa|external,priority,2025 2026 2027,3,87
Spacial AI,ashby,spacial,priority,2025 2026 2027,3,6
SPAICE Technology,ashby,spaice-tech,priority,2025 2026 2027,3,2
SpawGlass,lever,spawglass,priority,2025 2026 2027,3,46
Spellman High Voltage Electronics,workday,spellmanhv.wd1.myworkdayjobs.com|spellmanhv|SpellmanHVCareers,priority,2025 2026 2027,3,49
Sprinklr,workday,sprinklr.wd1.myworkdayjobs.com|sprinklr|careers,priority,2025 2026 2027,3,80
St. Louis University,workday,slu.wd5.myworkdayjobs.com|slu|Careers,priority,2025 2026 2027,3,73
Stand Insurance,ashby,standinsurance,priority,2025 2026 2027,3,8
Stand Together,lever,standtogether,priority,2025 2026 2027,3,80
Starburst,greenhouse,starburst,priority,2025 2026 2027,3,28
Starr Insurance,workday,starrcompanies.wd1.myworkdayjobs.com|starrcompanies|careers,priority,2025 2026 2027,3,166
State Employees' Credit Union (SECU),workday,ncsecu.wd1.myworkdayjobs.com|ncsecu|secu,priority,2025 2026 2027,3,189
State of North Carolina,workday,nc.wd108.myworkdayjobs.com|nc|NC_Careers,priority,2025 2026 2027,3,925
State of Wisconsin Investment Board,workday,swib.wd12.myworkdayjobs.com|swib|ext,priority,2025 2026 2027,3,10
Stevens Institute of Technology,workday,stevens.wd5.myworkdayjobs.com|stevens|External,priority,2025 2026 2027,3,29
Stoneridge,workday,stoneridge.wd5.myworkdayjobs.com|stoneridge|careers,priority,2025 2026 2027,3,69
Strand Therapeutics,greenhouse,strandtherapeutics,priority,2025 2026 2027,3,3
STRS Ohio,workday,strsoh.wd1.myworkdayjobs.com|strsoh|STRS_Jobs,priority,2025 2026 2027,3,9
SupplyHouse.com,greenhouse,supplyhouse,priority,2025 2026 2027,3,33
Swift,workday,swift.wd3.myworkdayjobs.com|swift|join-swift,priority,2025 2026 2027,3,91
Syntax,lever,syntax,priority,2025 2026 2027,3,3
Synthego,lever,synthego,priority,2025 2026 2027,3,1
T.D. Williamson,workday,tdwilliamson.wd1.myworkdayjobs.com|tdwilliamson|TDWCareers,priority,2025 2026 2027,3,51
Taara,ashby,taaraconnect,priority,2025 2026 2027,3,21
Tacit,ashby,tacit,priority,2025 2026 2027,3,14
Tahoe Therapeutics,lever,tahoebio-ai,priority,2025 2026 2027,3,3
Tanium,greenhouse,tanium,priority,2025 2026 2027,3,60
Target,workday,target.wd5.myworkdayjobs.com|target|targetcareers,priority,2025 2026 2027,3,2000
Tastylive,greenhouse,tastylive,priority,2025 2026 2027,3,14
tastytrade,greenhouse,tastytrade,priority,2025 2026 2027,3,14
Technergetics,greenhouse,technergetics,priority,2025 2026 2027,3,3
Techtronic Industries,workday,tti.wd1.myworkdayjobs.com|tti|tti_pe,priority,2025 2026 2027,3,94
Teleo,lever,teleo,priority,2025 2026 2027,3,9
Telesat,lever,telesat,priority,2025 2026 2027,3,44
TELUS Digital,ashby,telus-digital,priority,2025 2026 2027,3,67
TensorWave,ashby,tensorwave,priority,2025 2026 2027,3,38
The Andersons,workday,andersonsinc.wd1.myworkdayjobs.com|andersonsinc|TheAndersonsCareers,priority,2025 2026 2027,3,97
The Browser Company,ashby,the%20browser%20company,priority,2025 2026 2027,3,6
The Health Management Academy,greenhouse,thehealthmanagementacademy,priority,2025 2026 2027,3,9
The MJ Companies,greenhouse,themjcos,priority,2025 2026 2027,3,20
The New School,workday,newschool.wd1.myworkdayjobs.com|newschool|external,priority,2025 2026 2027,3,210
TIAA,workday,tiaa.wd1.myworkdayjobs.com|tiaa|Search,priority,2025 2026 2027,3,208
Tonal,ashby,tonal,priority,2025 2026 2027,3,21
TOPPAN Packaging Americas,workday,toppan.wd108.myworkdayjobs.com|toppan|TOPPAN-Packaging,priority,2025 2026 2027,3,135
Torc Robotics,greenhouse,torcrobotics,priority,2025 2026 2027,3,51
Traackr,lever,traackr,priority,2025 2026 2027,3,3
Transamerica,workday,transamerica.wd5.myworkdayjobs.com|transamerica|US,priority,2025 2026 2027,3,150
TransUnion,workday,transunion.wd5.myworkdayjobs.com|transunion|TransUnion,priority,2025 2026 2027,3,238
TribalScale,greenhouse,tribalscale,priority,2025 2026 2027,3,9
Tricentis,workday,tricentis.wd1.myworkdayjobs.com|tricentis|tricentis_careers,priority,2025 2026 2027,3,21
TripArc,greenhouse,triparc,priority,2025 2026 2027,3,3
TruStage,workday,trustage.wd1.myworkdayjobs.com|trustage|TruStage,priority,2025 2026 2027,3,30
Turion Space,ashby,turion-space,priority,2025 2026 2027,3,0
Tutor Intelligence,lever,tutorintelligence,priority,2025 2026 2027,3,50
Tutor Perini Corporation,workday,tutorperini.wd12.myworkdayjobs.com|tutorperini|external,priority,2025 2026 2027,3,232
Tyson Foods,workday,tysonfoods.wd5.myworkdayjobs.com|tysonfoods|TSN,priority,2025 2026 2027,3,705
Udemy,greenhouse,udemybedi,priority,2025 2026 2027,3,2
UHY,workday,uhyus.wd12.myworkdayjobs.com|uhyus|uhy,priority,2025 2026 2027,3,113
UL Standards & Engagement,workday,ulse.wd5.myworkdayjobs.com|ulse|ulsecareers,priority,2025 2026 2027,3,16
UMB,workday,umb.wd1.myworkdayjobs.com|umb|UMBExternal,priority,2025 2026 2027,3,162
Uncountable,ashby,uncountable,priority,2025 2026 2027,3,31
Underwriters Laboratories,workday,ulse.wd5.myworkdayjobs.com|ulse|ulricareers,priority,2025 2026 2027,3,34
Unify,ashby,unify,priority,2025 2026 2027,3,8
UnitedMasters,greenhouse,unitedmasterstranslation,priority,2025 2026 2027,3,18
University Corporation for Atmospheric Research,workday,ucar.wd5.myworkdayjobs.com|ucar|UCAR_Careers,priority,2025 2026 2027,3,10
University of British Columbia,workday,ubc.wd10.myworkdayjobs.com|ubc|ubcstaffjobs,priority,2025 2026 2027,3,117
University of Ottawa,workday,uottawa.wd3.myworkdayjobs.com|uottawa|uOttawa_External_Career_Site,priority,2025 2026 2027,3,328
Unwrap,ashby,unwrap,priority,2025 2026 2027,3,6
Upvest,ashby,upvest,priority,2025 2026 2027,3,17
US Acute Care Solutions,workday,usacs.wd1.myworkdayjobs.com|usacs|usacscareers,priority,2025 2026 2027,3,7
USAFacts,greenhouse,usafacts,priority,2025 2026 2027,3,0
UserTesting,workday,usertesting.wd12.myworkdayjobs.com|usertesting|UserTesting,priority,2025 2026 2027,3,13
Valon,ashby,valon,priority,2025 2026 2027,3,24
Vantage,ashby,vantage,priority,2025 2026 2027,3,5
Vantor,workday,maxar.wd1.myworkdayjobs.com|maxar|Vantor,priority,2025 2026 2027,3,152
Varick Agents,ashby,varick-agents,priority,2025 2026 2027,3,2
Vera Institute of Justice,greenhouse,verainstituteofjustice,priority,2025 2026 2027,3,7
Verne Robotics,ashby,verne%20robotics,priority,2025 2026 2027,3,6
Very Good Security,lever,verygoodsecurity,priority,2025 2026 2027,3,19
Vestwell,greenhouse,vestwell,priority,2025 2026 2027,3,26
Vevo,lever,vevo,priority,2025 2026 2027,3,3
Viam,greenhouse,viamrobotics,priority,2025 2026 2027,3,10
Virtru,greenhouse,virtru,priority,2025 2026 2027,3,12
Vitalant,workday,vitalant.wd12.myworkdayjobs.com|vitalant|Careers,priority,2025 2026 2027,3,64
Vivenu,lever,vivenu,priority,2025 2026 2027,3,29
Vixxo,greenhouse,vixxo,priority,2025 2026 2027,3,22
Vmax AI Corp,ashby,vmax,priority,2025 2026 2027,3,8
Voldex,ashby,voldex,priority,2025 2026 2027,3,4
Voltus,lever,voltus,priority,2025 2026 2027,3,18
Wade Trim,lever,wadetrim,priority,2025 2026 2027,3,131
Wash U,workday,wustl.wd1.myworkdayjobs.com|wustl|external,priority,2025 2026 2027,3,685
Wealth.com,ashby,wealth-com,priority,2025 2026 2027,3,12
Weave,ashby,weave,priority,2025 2026 2027,3,26
WebAI,ashby,webai,priority,2025 2026 2027,3,18
Western Union,workday,westernunion.wd5.myworkdayjobs.com|westernunion|WesternUnionJobs,priority,2025 2026 2027,3,77
Williams,workday,williams.wd5.myworkdayjobs.com|williams|External,priority,2025 2026 2027,3,137
Woodward Governor,workday,woodward.wd5.myworkdayjobs.com|woodward|woodward,priority,2025 2026 2027,3,213
Workato,greenhouse,workato,priority,2025 2026 2027,3,72
Workshop,greenhouse,workshop,priority,2025 2026 2027,3,4
Workstream,greenhouse,workstream,priority,2025 2026 2027,3,26
Wounded Warrior Project,workday,woundedwarriorproject.wd5.myworkdayjobs.com|woundedwarriorproject|wwp,priority,2025 2026 2027,3,43
Woven,lever,woven-by-toyota,priority,2025 2026 2027,3,146
Wurl,greenhouse,wurljobs,priority,2025 2026 2027,3,2
X-energy,workday,xenergy.wd5.myworkdayjobs.com|xenergy|X-energyUS,priority,2025 2026 2027,3,112
Xcimer Energy,lever,xcimer,priority,2025 2026 2027,3,46
Yai,workday,yai.wd5.myworkdayjobs.com|yai|careers,priority,2025 2026 2027,3,495
YOU.com,greenhouse,youcom,priority,2025 2026 2027,3,7
Zekelman Industries,workday,zekelman.wd12.myworkdayjobs.com|zekelman|Careers,priority,2025 2026 2027,3,183
Zendesk,workday,zendesk.wd1.myworkdayjobs.com|zendesk|zendesk,priority,2025 2026 2027,3,121
Zettabyte,ashby,zettabyte-space,priority,2025 2026 2027,3,9
ZipRecruiter,greenhouse,ziprecruiter,priority,2025 2026 2027,3,36
Zoetis,workday,zoetis.wd5.myworkdayjobs.com|zoetis|zoetis,priority,2025 2026 2027,3,122
Zone 5 Technologies,greenhouse,zone5technologies,priority,2025 2026 2027,3,88
Zuru,ashby,zuru,priority,2025 2026 2027,3,83
Zus Health,lever,zushealth,priority,2025 2026 2027,3,6
Avanade,workday,accenture.wd103.myworkdayjobs.com|accenture|AvanadeCareers,priority,2026 2027,2,634
ETHGlobal,ashby,ethglobal,priority,2026 2027,2,0
ICF,workday,icf.wd5.myworkdayjobs.com|icf|ICFExternal_Career_Site,priority,2026 2027,2,415
Stevens Capital Management,greenhouse,scm,priority,2026 2027,2,29
